{
"code": "axehead",
"creativeinventory": { "general": ["*"], "tonwexp": ["*"]},
"variantgroups": [
{ "code": "metal", "states": [  "iron", "meteoriciron", "steel" ]}
],
"shapeByType": {
"*-iron" : {"base": "tonwexp:item/head/axeheadiron" },
"*-meteoriciron" : {"base": "tonwexp:item/head/axeheadmeteoric" },
"*-steel" : {"base": "tonwexp:item/head/axeheadsteel" }
},
"textures": {
"metal": {"base": "game:block/metal/ingot/{metal}" }
},
"maxstacksize": 1,

	"guiTransform": {
		translation: { x: 5, y: 5, z: 0 },
		rotation: { x: 20, y: 27, z: -45 },
		origin: { x: 1.5, y: 0, z: 0 }
	},
	"tpHandTransform": {
		"translation": { x: 0.07, y: -1, z: 0.6 },
		"rotation": { x: 0, y: 0, z: 75 },
		"origin": { x: 0, y: 0, z: 0 },
		"scale": 0.3
	},
	"groundTransform": {
		"translation": { x: 0, y: -0.15, z: 0 },
		"rotation": { x: -90, y: 0, z: 0 },
		"origin": { x: 0, y: 0, z: 0 },
		"scale": 1.6
	},
}