{
"code": "gladiusblade",
"creativeinventory": { "general": ["*"], "tonwexp": ["*"]},
"variantgroups": [
{ "code": "metal", "states": [ "tinbronze", "bismuthbronze", "blackbronze", "iron", "meteoriciron", "steel" ]}
],
"shape": {"base": "tonwexp:item/head/gladiusblade" },
"textures": {
"blade": {"base": "game:block/metal/ingot/{metal}" }
},
	"guiTransform": {
		translation: { x: 4, y: -3, z: 0 },
		rotation: { x: 19, y: 8, z: -50 },
		origin: { x: 1.2, y: 0.2, z: 1 },
		scale: 1.6
	},
"fpHandTransform": {
		"translation": { x: -0.05, y: 0.2, z: 1 },
		"rotation": { x: 131, y: 90, z: -30 },
		"origin": { x: 0, y: 0, z: 0 }
	},
"tpHandTransform": {
		"translation": { x: 0.28, y: -0.13, z: 0.52 },
		"rotation": { x: 0, y: 0, z: 0 },
		"origin": { x: 0, y: 0, z: 0 },
		"scale": 0.5
	},
"groundTransform": {
		"translation": { x: 0, y: 0.36, z: 0 },
		"rotation": { x: 90, y: 0, z: 0 },
		"origin": { x: 0, y: 0, z: 0 },
		"scale": 3.3
	},
"maxstacksize": 1,


}