{
"code": "katanablade",
"creativeinventory": { "general": ["*"], "tonwexp": ["*"]},
"variantgroups": [
{ "code": "material", "states": [ "iron", "meteoriciron", "steel"]}
],
"shapeByType": {
"*-iron" : {"base": "tonwexp:item/head/katanablade" },
"*-meteoriciron" : {"base": "tonwexp:item/head/katanablade" },
"*-steel" : {"base": "tonwexp:item/head/katanablade" },
},
"texturesByType": {
"*": {
"material": {"base": "game:block/metal/ingot/{material}" }
},
},

	"guiTransform": {
		translation: { x: 5, y: 4, z: 1 },
		rotation: { x: 7, y: 24, z: -55 },
		origin: { x: 3, y: 0, z: 2 },
		scale: 1.29
	},
		"fpHandTransform": {
		translation: { x: -0.2, y: 0.1, z: 1.35 },
		rotation: { x: -168, y: 90, z: -94 },
		origin: { x: 0, y: 0, z: 0 },
		scale: 0.6
	},
		"tpHandTransform": {
		translation: { x: 1.74, y: -0.04, z: 0.5 },
		rotation: { x: 0, y: 0, z: 0 },
		origin: { x: 0, y: 0, z: 0 }
	},
		"groundTransform": {
		translation: { x: 0, y: -0.19, z: 0 },
		rotation: { x: -90, y: -18, z: 0 },
		origin: { x: 0, y: 0, z: 0 },
		scale: 2.1
	},
	
"maxstacksize": 1,

}