{
"code": "katzbalgerblade",
"creativeinventory": { "general": ["*"], "tonwexp": ["*"]},
"variantgroups": [
{ "code": "material", "states": [ "steel" ]}
],
"shape": {"base": "tonwexp:item/head/katzbalgerblade" },
"textures": {
"material": {"base": "game:block/metal/ingot/{material}" }
},
"maxstacksize": 1,

	"guiTransform": {
		translation: { x: 18.7, y: -4, z: 0 },
		rotation: { x: 180, y: 149, z: -39 },
		origin: { x: -0.6, y: 0.2, z: 1 },
		scale: 1.5
	},
	"fpHandTransform": {
		translation: { x: 0.3, y: 0.2, z: 0.6 },
		rotation: { x: 7, y: 94, z: -88 },
		origin: { x: 0, y: 0, z: 0 },
		scale: 2
	},
	"tpHandTransform": {
		translation: { x: -0.5, y: 0.22, z: 0.5 },
		rotation: { x: 0, y: 0, z: 180 },
		origin: { x: 0, y: 0, z: 0 },
		scale: 0.45
	},
	"groundTransform": {
		translation: { x: 0, y: -0.24, z: 0 },
		rotation: { x: -90, y: -50, z: 0 },
		origin: { x: 0, y: 0, z: 0 },
		scale: 2.5
	},
}