{
"code": "pilumblade",
"creativeinventory": { "general": ["*"], "tonwexp": ["*"]},
"variantgroups": [
{ "code": "material", "states": [ "tinbronze", "bismuthbronze", "blackbronze", "iron", "meteoriciron", "steel" ]}
],
"shape": {"base": "tonwexp:item/head/pilumblade" },
"textures": {
"material": {"base": "game:block/metal/ingot/{material}" }
},

	"guiTransform": {
		translation: { x: 0, y: 2, z: 0 },
		rotation: { x: 23, y: 45, z: -45 },
		origin: { x: 1.7, y: 0.2, z: 0 },
		scale: 1.6
	},
	"fpHandTransform": {
		translation: { x: -0.15, y: 0.2, z: 1.6 },
		rotation: { x: 93, y: 90, z: -30 },
		origin: { x: 0, y: 0, z: 0 }
	},
	"tpHandTransform": {
		translation: { x: 0.88, y: 0.07, z: 0.52 },
		rotation: { x: 0, y: 0, z: 0 },
		origin: { x: 0, y: 0, z: 0 },
		scale: 0.5
	},
"groundTransform": {
		"translation": { x: 0, y: 0.36, z: 0 },
		"rotation": { x: 90, y: 0, z: 0 },
		"origin": { x: 0, y: 0, z: 0 },
		"scale": 3.3
	},
"maxstacksize": 1,


}