{
"code": "saberblade",
"creativeinventory": { "general": ["*"], "tonwexp": ["*"]},
"variantgroups": [
{ "code": "metal", "states": [ "iron", "meteoriciron", "steel", ]}
],
"shapeByType": {
"*-iron" : {"base": "tonwexp:item/head/saberblade" },
"*-meteoriciron" : {"base": "tonwexp:item/head/saberblade" },
"*-steel" : {"base": "tonwexp:item/head/saberblade" },
},
"texturesByType": {
"*": {
"blade": {"base": "game:block/metal/ingot/{metal}" }
}
},

	"guiTransform": {
		translation: { x: 3.7, y: 6, z: 0 },
		rotation: { x: 29, y: 33, z: -63 },
		origin: { x: 3.8, y: 0.9, z: -1 },
		scale: 1.6
	},
	"fpHandTransform": {
		translation: { x: 0.8, y: -2.3, z: -0.85 },
		rotation: { x: -175, y: 82, z: -88 },
		origin: { x: 0, y: 0, z: 0 },
		scale: 2.3
	},
	"tpHandTransform": {
		translation: { x: 0.94, y: -0.04, z: 0.6 },
		rotation: { x: 0, y: 0, z: 0 },
		origin: { x: 0, y: 0, z: 0 },
		scale: 0.4
	},
	"groundTransform": {
		translation: { x: 0, y: -0.2, z: 0 },
		rotation: { x: -90, y: -18, z: 0 },
		origin: { x: 0, y: 0, z: 0 },
		scale: 2.2
	},
	
"maxstacksize": 1,

}