{
"code": "seaxblade",
"creativeinventory": { "general": ["*"], "tonwexp": ["*"]},
"variantgroups": [
{ "code": "metal", "states": [ "iron", "meteoriciron", "steel" ]}
],
"shape": {"base": "tonwexp:item/head/seaxblade" },
"textures": {
"blade": {"base": "game:block/metal/ingot/{metal}" }
},

	"guiTransform": {
		translation: { x: 6, y: 1, z: 149 },
		rotation: { x: 28, y: 27, z: -53 },
		origin: { x: 0, y: 0, z: 1.8 },
		scale: 2.4
	},
"fpHandTransform": {
		"translation": { x: -0.05, y: 0.2, z: 1 },
		"rotation": { x: 131, y: 90, z: -30 },
		"origin": { x: 0, y: 0, z: 0 },
		"scale": 1.1
	},
"tpHandTransform": {
		translation: { x: 0.38, y: -0.03, z: 0.52 },
		rotation: { x: 0, y: 0, z: 0 },
		origin: { x: 0, y: 0, z: 0 },
		scale: 0.7
	},
"groundTransform": {
		"translation": { x: 0, y: 0.36, z: 0 },
		"rotation": { x: 90, y: 0, z: 0 },
		"origin": { x: 0, y: 0, z: 0 },
		"scale": 3.3
	},
	
"maxstacksize": 1,

}