[
{
"ingredientPattern": "T_,GM,O_",
"ingredients": {
"T" : {
"type": "item",
"code": "tonwexp:carswordblade-steel",
},
"G": {
"type": "item",
"code": "game:stick"
},
"M": {
"type": "item",
"code": "game:resin"
},
"O": {
"type": "item",
"code": "game:leather-plain"
}
},
"width": 2,
"height": 3,
"shapeless": false,
"output": {
"type": "item",
"code": "tonwexp:carsword-steel",
"quantity": 1
},
},
{
"ingredientPattern": "CR,HS",
"ingredients": {
"S" : {
"type": "item",
"code": "tonwexp:carswordblade-steel",
"name": "metal"
},
"H": {
"type": "item",
"code": "game:ingot-iron"
},
"C": {
"type": "item",
"code": "game:chisel-*",
"isTool": true
},
"R": {
"type": "item",
"code": "game:hammer-*",
"isTool": true
}
},
"width": 2,
"height": 2,
"shapeless": false,
"output": {
"type": "item",
"code": "tonwexp:carswordblade-steel",
"quantity": 1
}
},
{
"ingredientPattern": "T_,GM,O_",
"ingredients": {
"T" : {
"type": "item",
"code": "tonwexp:carswordblade-iron",
"name": "metal",
},
"G": {
"type": "item",
"code": "game:stick"
},
"M": {
"type": "item",
"code": "game:resin"
},
"O": {
"type": "item",
"code": "game:leather-plain"
}
},
"width": 2,
"height": 3,
"shapeless": false,
"output": {
"type": "item",
"code": "tonwexp:carsword-iron",
"quantity": 1
},
},
{
"ingredientPattern": "T_,GM,O_",
"ingredients": {
"T" : {
"type": "item",
"code": "tonwexp:carswordblade-meteoriciron",
"name": "metal",
},
"G": {
"type": "item",
"code": "game:stick"
},
"M": {
"type": "item",
"code": "game:resin"
},
"O": {
"type": "item",
"code": "game:leather-plain"
}
},
"width": 2,
"height": 3,
"shapeless": false,
"output": {
"type": "item",
"code": "tonwexp:carsword-meteoriciron",
"quantity": 1
},
},
]