[
{
"ingredientPattern": "_L_,_H_,MGO",
"ingredients": {
"L": {
"type": "item",
"code": "tonwexp:katanablade-*", 
"name": "material", 
"allowedVariants": ["iron", "meteoriciron", "steel"],
"quantity": 1
},
"H": {
"type": "item",
"code": "game:ingot-*",
"name": "metal",
"allowedVariants": ["tinbronze", "bismuthbronze"],
"quantity": 1
},
"G": {
"type": "item",
"code": "game:stick"
},
"M": {
"type": "item",
"code": "game:resin"
},
"O": {
"type": "item",
"code": "game:flaxtwine",
"quantity": 2
}
},
"width": 3,
"height": 3,
"shapeless": false,
"output": {
"type": "item",
"code": "tonwexp:katana-{material}",
"quantity": 1
},
}
]