[
	{
	"ingredientPattern": "B,L",
	"recipeGroup": 2,
	"ingredients": {
		"B": { "type": "item",
		"code": "tonwexp:armor-body-lamelarar-*", 
		"name": "metal", 
		"allowedVariants": ["copper", "tinbronze", "bismuthbronze", "blackbronze"] 
		},
		"L": { "type": "item",
		"code": "game:metallamellae-*",
		"name": "metal",
		"allowedVariants": ["copper", "tinbronze", "blackbronze", "bismuthbronze"] 
		},
		},
		"width": 1,
		"height": 2,
		"name": "lamelarar body repair",
		"shapeless": true,
		"copyAttributesFrom": 'B',
		"averageDurability": false,
		"output": {"type": "item", "code": "tonwexp:armor-body-lamelarar-{metal}" }
	},
	{
	"ingredientPattern": "B,L",
	"recipeGroup": 2,
	"ingredients": {
		"B": { "type": "item",
		"code": "tonwexp:armor-legs-lamelarar-*", 
		"name": "metal", 
		"allowedVariants": ["copper", "tinbronze", "bismuthbronze", "blackbronze"] 
		},
		"L": { "type": "item",
		"code": "game:metallamellae-*",
		"name": "metal",
		"allowedVariants": ["copper", "tinbronze", "blackbronze", "bismuthbronze"] 
		},
		},
		"width": 1,
		"height": 2,
		"name": "lamelarar legs repair",
		"shapeless": true,
		"copyAttributesFrom": 'B',
		"averageDurability": false,
		"output": {"type": "item", "code": "tonwexp:armor-legs-lamelarar-{metal}" }
	},
	{
	"ingredientPattern": "B,L",
	"recipeGroup": 2,
	"ingredients": {
		"B": { "type": "item",
		"code": "tonwexp:armor-head-lamelarar-*", 
		"name": "metal", 
		"allowedVariants": ["copper", "tinbronze", "bismuthbronze", "blackbronze"] 
		},
		"L": { "type": "item",
		"code": "game:metallamellae-*",
		"name": "metal",
		"allowedVariants": ["copper", "tinbronze", "blackbronze", "bismuthbronze"] 
		},
		},
		"width": 1,
		"height": 2,
		"name": "lamelarar head repair",
		"shapeless": true,
		"copyAttributesFrom": 'B',
		"averageDurability": false,
		"output": {"type": "item", "code": "tonwexp:armor-head-lamelarar-{metal}" }
	},
	{
	"ingredientPattern": "B,L",
	"recipeGroup": 2,
	"ingredients": {
		"B": { "type": "item",
		"code": "tonwexp:armor-head-lamelar-*", 
		"name": "metal", 
		"allowedVariants": ["iron","meteoriciron","steel"] 
		},
		"L": { "type": "item",
		"code": "game:metalscale-*",
		"name": "metal",
		"allowedVariants": ["iron","meteoriciron","steel"] 
		},
		},
		"width": 1,
		"height": 2,
		"name": "lamelar head repair",
		"shapeless": true,
		"copyAttributesFrom": 'B',
		"averageDurability": false,
		"output": {"type": "item", "code": "tonwexp:armor-head-lamelar-{metal}" }
	},
	{
	"ingredientPattern": "B,L",
	"recipeGroup": 2,
	"ingredients": {
		"B": { "type": "item",
		"code": "tonwexp:armor-body-lamelar-*", 
		"name": "metal", 
		"allowedVariants": ["iron","meteoriciron","steel"] 
		},
		"L": { "type": "item",
		"code": "game:metalscale-*",
		"name": "metal",
		"allowedVariants": ["iron","meteoriciron","steel"] 
		},
		},
		"width": 1,
		"height": 2,
		"name": "lamelar body repair",
		"shapeless": true,
		"copyAttributesFrom": 'B',
		"averageDurability": false,
		"output": {"type": "item", "code": "tonwexp:armor-body-lamelar-{metal}" }
	},
	{
	"ingredientPattern": "B,L",
	"recipeGroup": 2,
	"ingredients": {
		"B": { "type": "item",
		"code": "tonwexp:armor-legs-lamelar-*", 
		"name": "metal", 
		"allowedVariants": ["iron","meteoriciron","steel"] 
		},
		"L": { "type": "item",
		"code": "game:metalscale-*",
		"name": "metal",
		"allowedVariants": ["iron","meteoriciron","steel"] 
		},
		},
		"width": 1,
		"height": 2,
		"name": "lamelar legs repair",
		"shapeless": true,
		"copyAttributesFrom": 'B',
		"averageDurability": false,
		"output": {"type": "item", "code": "tonwexp:armor-legs-lamelar-{metal}" }
	},
]