[
{
    "ingredientPattern": "C_,HS,L_",
    "ingredients": {
      "C": { "type": "item", "code": "tonwexp:macehead-*", "name": "metal", "allowedVariants": ["blackbronze", "meteoriciron", "steel"] },
      "H": { "type": "item", "code": "game:stick" },
      "S": { "type": "item", "code": "game:resin" },
      "L": { "type": "item", "code": "game:leather-plain" }
    },
    "width": 2,
    "height": 3,
    "shapeless": false,
    "output": { "type": "item", "code": "tonwexp:mace-{metal}" }
  },
 {
    "ingredientPattern": "B,H",
    "ingredients": {
      "B": { "type": "item", "code": "tonwexp:macehead-*", "name": "metal", "allowedVariants": ["tinbronze", "bismuthbronze", "copper", "iron"] },
      "H": { "type": "item", "code": "game:stick" }
    },
    "width": 1,
    "height": 2,
    "output": { "type": "item", "code": "tonwexp:mace-{metal}" }
  }
]