[
{
    "ingredientPattern": "C_,HL,H_",
    "ingredients": {
      "C": { "type": "item", "code": "tonwexp:pilumblade-*", "name": "material", "allowedVariants": [ "tinbronze", "bismuthbronze", "copper", "iron", "blackbronze", "meteoriciron", "steel"] },
      "H": { "type": "item", "code": "game:stick" },
      "L": { "type": "item", "code": "game:flaxtwine" }
    },
    "width": 2,
    "height": 3,
    "shapeless": false,
    "output": { "type": "item", "code": "tonwexp:pilum-{material}" },
	"quantity": 1
  },
]