[
{
"ingredientPattern": "_T_,_H_,MGO",
"ingredients": {
"T" : {
"type": "item",
"code": "tonwexp:saberblade-steel",
},
"H": {
"type": "item",
"code": "game:ingot-*",
"name": "metal",
"allowedVariants": ["tinbronze", "bismuthbronze"],
"quantity": 1
},
"G": {
"type": "item",
"code": "game:stick"
},
"M": {
"type": "item",
"code": "game:resin"
},
"O": {
"type": "item",
"code": "game:leather-plain"
}
},
"width": 3,
"height": 3,
"shapeless": false,
"output": {
"type": "item",
"code": "tonwexp:saber-steel",
"quantity": 1
},
},
{
"ingredientPattern": "L,G",
"ingredients": {
"G": {
"type": "item",
"code": "game:stick"
},
"L": {
"type": "item",
"code": "tonwexp:saberblade-*", 
"quantity": 1, 
"name": "metal", 
"allowedVariants": ["iron", "meteoriciron"]
},
},
"width": 1,
"height": 2,
"shapeless": false,
"output": {
"type": "item",
"code": "tonwexp:saber-{metal}",
"quantity": 1
}
}
]