[
{
"ingredientPattern": "C,L",
"ingredients": {
"C" : {
"type": "item",
"code": "tonwexp:seaxblade-iron",
},
"L": {
"type": "item",
"code": "game:bone"
}
},
"width": 1,
"height": 2,
"shapeless": false,
"output": {
"type": "item",
"code": "tonwexp:seax-boneiron",
"quantity": 1
}
},
{
"ingredientPattern": "C,L",
"ingredients": {
"C" : {
"type": "item",
"code": "tonwexp:seaxblade-steel",
},
"L": {
"type": "item",
"code": "game:bone"
}
},
"width": 1,
"height": 2,
"shapeless": false,
"output": {
"type": "item",
"code": "tonwexp:seax-steelb",
"quantity": 1
}
},
{
"ingredientPattern": "X_,HS,L_",
"ingredients": {
"X" : {
"type": "item",
"code": "tonwexp:seaxblade-meteoriciron",
},
"H": {
"type": "item",
"code": "game:stick"
},
"S": {
"type": "item",
"code": "game:resin"
},
"L": {
"type": "item",
"code": "game:leather-plain"
}
},
"width": 2,
"height": 3,
"shapeless": false,
"output": {
"type": "item",
"code": "tonwexp:seax-meteoricironl",
"quantity": 1
}
},
{
"ingredientPattern": "X_,HS,L_",
"ingredients": {
"X" : {
"type": "item",
"code": "tonwexp:seaxblade-steel",
},
"H": {
"type": "item",
"code": "game:stick"
},
"S": {
"type": "item",
"code": "game:resin"
},
"L": {
"type": "item",
"code": "game:leather-plain"
}
},
"width": 2,
"height": 3,
"shapeless": false,
"output": {
"type": "item",
"code": "tonwexp:seax-steell",
"quantity": 1
}
},
{
"ingredientPattern": "B,H",
"ingredients": {
"B" : {
"type": "item",
"code": "tonwexp:seaxblade-*",
"name": "metal",
"allowedVariants": ["iron", "meteoriciron"],
"quantity": 1
},
"H": {
"type": "item",
"code": "game:stick"
},
},
"width": 1,
"height": 2,
"shapeless": false,
"output": {
"type": "item",
"code": "tonwexp:seax-{metal}",
"quantity": 1
}
}
]