[
	{
	"ingredientPattern": "B,L",
	"recipeGroup": 2,
	"ingredients": {
		"B": { "type": "item",
		"code": "tonwexp:armor-body-segment-*", 
		"name": "metal", 
		"allowedVariants": ["iron","meteoriciron","steel"] 
		},
		"L": { "type": "item",
		"code": "game:metalplate-*",
		"name": "metal",
		"allowedVariants": ["iron","meteoriciron","steel"] 
		},
		},
		"width": 1,
		"height": 2,
		"name": "segment body repair",
		"shapeless": true,
		"copyAttributesFrom": 'B',
		"averageDurability": false,
		"output": {"type": "item", "code": "tonwexp:armor-body-segment-{metal}" }
	},
		{
	"ingredientPattern": "B,L",
	"recipeGroup": 2,
	"ingredients": {
		"B": { "type": "item",
		"code": "tonwexp:armor-head-segment-*", 
		"name": "metal", 
		"allowedVariants": ["iron","meteoriciron","steel"] 
		},
		"L": { "type": "item",
		"code": "game:metalplate-*",
		"name": "metal",
		"allowedVariants": ["iron","meteoriciron","steel"] 
		},
		},
		"width": 1,
		"height": 2,
		"name": "segment head repair",
		"shapeless": true,
		"copyAttributesFrom": 'B',
		"averageDurability": false,
		"output": {"type": "item", "code": "tonwexp:armor-head-segment-{metal}" }
	},
		{
	"ingredientPattern": "B,L",
	"recipeGroup": 2,
	"ingredients": {
		"B": { "type": "item",
		"code": "tonwexp:armor-legs-segment-*", 
		"name": "metal", 
		"allowedVariants": ["iron","meteoriciron","steel"] 
		},
		"L": { "type": "item",
		"code": "game:metalplate-*",
		"name": "metal",
		"allowedVariants": ["iron","meteoriciron","steel"] 
		},
		},
		"width": 1,
		"height": 2,
		"name": "segment legs repair",
		"shapeless": true,
		"copyAttributesFrom": 'B',
		"averageDurability": false,
		"output": {"type": "item", "code": "tonwexp:armor-legs-segment-{metal}" }
	},
]