{
	"editor": {
		"backDropShape": "D:/Vintagestory/assets/game/shapes/entity/humanoid/seraph-hairless",
		"allAngles": true,
		"entityTextureMode": true
	},
	"textureWidth": 64,
	"textureHeight": 64,
	"textureSizes": {
	},
	"textures": {
		"material": "entity/armor/segment/iron"
	},
	"elements": [
		{
			"name": "BUT",
			"stepParentName": "UpperTorso",
			"from": [ -0.1, -0.1, -0.1 ], 
			"to": [ 5.1, 5.1, 6.3 ], 
			"unwrapMode": 4,
			"uv": [ 34.0, 49.0 ],
			"rotationOrigin": [ -0.1, -0.1, -0.1 ],
			"faces": {
				"north": { "texture": "#material", "uv": [ 34.0, 54.0, 39.0, 59.0 ] },
				"east": { "texture": "#material", "uv": [ 50.0, 54.0, 56.0, 59.0 ] },
				"south": { "texture": "#material", "uv": [ 45.0, 54.0, 50.0, 59.0 ] },
				"west": { "texture": "#material", "uv": [ 39.0, 54.0, 45.0, 59.0 ] },
				"up": { "texture": "#material", "uv": [ 39.0, 49.0, 45.0, 54.0 ], "rotation": 90 },
				"down": { "texture": "#material", "uv": [ 39.0, 59.0, 45.0, 64.0 ], "rotation": 90 }
			},
			"children": [
				{
					"name": "Cube1",
					"from": [ -0.25, 2.6, -0.5 ], 
					"to": [ 5.55, 5.4, 6.9 ], 
					"unwrapMode": 4,
					"autoUnwrap": false,
					"uv": [ 15.0, 21.5 ],
					"rotationOrigin": [ -0.2, 2.6, -0.5 ],
					"faces": {
						"north": { "texture": "#material", "uv": [ 15.0, 27.0, 20.5, 29.5 ] },
						"east": { "texture": "#material", "uv": [ 33.0, 27.0, 40.0, 29.5 ] },
						"south": { "texture": "#material", "uv": [ 27.5, 27.0, 33.0, 29.5 ] },
						"west": { "texture": "#material", "uv": [ 20.5, 27.0, 27.5, 29.5 ] },
						"up": { "texture": "#material", "uv": [ 20.5, 21.5, 27.5, 27.0 ], "rotation": 90 },
						"down": { "texture": "#material", "uv": [ 28.0, 21.0, 35.0, 26.5 ], "rotation": 90 }
					}
				},
				{
					"name": "Cube9",
					"from": [ -0.2, 1.2, -0.3 ], 
					"to": [ 5.5, 2.7, 6.7 ], 
					"unwrapMode": 4,
					"autoUnwrap": false,
					"uv": [ 15.0, 25.0 ],
					"rotationOrigin": [ -0.3, 1.2, -0.3 ],
					"faces": {
						"north": { "texture": "#material", "uv": [ 15.0, 30.5, 20.5, 32.0 ] },
						"east": { "texture": "#material", "uv": [ 33.0, 30.5, 40.0, 32.0 ] },
						"south": { "texture": "#material", "uv": [ 27.5, 30.5, 33.0, 32.0 ] },
						"west": { "texture": "#material", "uv": [ 20.5, 30.5, 27.5, 32.0 ] },
						"up": { "texture": "#material", "uv": [ 44.0, 58.5, 51.0, 64.0 ], "rotation": 90 },
						"down": { "texture": "#material", "uv": [ 35.5, 21.0, 42.5, 26.5 ], "rotation": 90 }
					}
				},
				{
					"name": "Cube11",
					"from": [ -0.5, 2.6, -0.9 ], 
					"to": [ 5.8, 5.9, 0.6 ], 
					"unwrapMode": 5,
					"uv": [ 42.5, 44.5 ],
					"rotationOrigin": [ -0.5, 2.6, 0.6 ],
					"rotationX": -3.0,
					"faces": {
						"north": { "texture": "#material", "uv": [ 45.5, 44.5, 51.5, 47.5 ], "rotation": 180 },
						"east": { "texture": "#material", "uv": [ 51.5, 47.5, 54.5, 49.0 ], "rotation": 90 },
						"south": { "texture": "#material", "uv": [ 45.5, 49.0, 51.5, 52.0 ] },
						"west": { "texture": "#material", "uv": [ 42.5, 47.5, 45.5, 49.0 ], "rotation": 270 },
						"up": { "texture": "#material", "uv": [ 45.5, 47.5, 51.5, 49.0 ] },
						"down": { "texture": "#material", "uv": [ 54.5, 47.5, 60.5, 49.0 ] }
					}
				},
				{
					"name": "Cube12",
					"from": [ -0.1, 2.7, -1.4 ], 
					"to": [ 5.4, 5.7, 0.1 ], 
					"unwrapMode": 5,
					"uv": [ 42.5, 36.5 ],
					"rotationOrigin": [ -0.1, 2.7, 0.1 ],
					"rotationX": -12.0,
					"faces": {
						"north": { "texture": "#material", "uv": [ 45.5, 36.5, 51.0, 39.5 ], "rotation": 180 },
						"east": { "texture": "#material", "uv": [ 51.0, 39.5, 54.0, 41.0 ], "rotation": 90 },
						"south": { "texture": "#material", "uv": [ 45.5, 41.0, 51.0, 44.0 ] },
						"west": { "texture": "#material", "uv": [ 42.5, 39.5, 45.5, 41.0 ], "rotation": 270 },
						"up": { "texture": "#material", "uv": [ 45.5, 39.5, 51.0, 41.0 ] },
						"down": { "texture": "#material", "uv": [ 54.0, 39.5, 59.5, 41.0 ] }
					}
				},
				{
					"name": "Cube13",
					"from": [ 0.3, 3.0, -1.5 ], 
					"to": [ 5.0, 5.5, -0.5 ], 
					"unwrapMode": 5,
					"uv": [ 43.5, 30.5 ],
					"rotationOrigin": [ 0.3, 3.0, -0.5 ],
					"rotationX": -35.0,
					"faces": {
						"north": { "texture": "#material", "uv": [ 46.0, 30.5, 50.5, 33.0 ], "rotation": 180 },
						"east": { "texture": "#material", "uv": [ 50.5, 33.0, 53.0, 34.0 ], "rotation": 90 },
						"south": { "texture": "#material", "uv": [ 46.0, 34.0, 50.5, 36.5 ] },
						"west": { "texture": "#material", "uv": [ 43.5, 33.0, 46.0, 34.0 ], "rotation": 270 },
						"up": { "texture": "#material", "uv": [ 46.0, 33.0, 50.5, 34.0 ] },
						"down": { "texture": "#material", "uv": [ 53.0, 33.0, 57.5, 34.0 ] }
					}
				},
				{
					"name": "Cube14",
					"from": [ -0.5, 2.6, 5.8 ], 
					"to": [ 5.8, 5.9, 7.3 ], 
					"unwrapMode": 5,
					"uv": [ 42.5, 44.5 ],
					"rotationOrigin": [ -0.5, 2.6, 5.8 ],
					"rotationX": 3.0,
					"faces": {
						"north": { "texture": "#material", "uv": [ 45.5, 44.5, 51.5, 47.5 ], "rotation": 180 },
						"east": { "texture": "#material", "uv": [ 51.5, 47.5, 54.5, 49.0 ], "rotation": 90 },
						"south": { "texture": "#material", "uv": [ 45.5, 49.0, 51.5, 52.0 ] },
						"west": { "texture": "#material", "uv": [ 42.5, 47.5, 45.5, 49.0 ], "rotation": 270 },
						"up": { "texture": "#material", "uv": [ 45.5, 47.5, 51.5, 49.0 ] },
						"down": { "texture": "#material", "uv": [ 54.5, 47.5, 60.5, 49.0 ] }
					}
				},
				{
					"name": "Cube15",
					"from": [ -0.1, 2.7, 6.3 ], 
					"to": [ 5.4, 5.7, 7.8 ], 
					"unwrapMode": 5,
					"uv": [ 42.5, 36.5 ],
					"rotationOrigin": [ -0.1, 2.7, 6.3 ],
					"rotationX": 12.0,
					"faces": {
						"north": { "texture": "#material", "uv": [ 45.5, 36.5, 51.0, 39.5 ], "rotation": 180 },
						"east": { "texture": "#material", "uv": [ 51.0, 39.5, 54.0, 41.0 ], "rotation": 90 },
						"south": { "texture": "#material", "uv": [ 45.5, 41.0, 51.0, 44.0 ] },
						"west": { "texture": "#material", "uv": [ 42.5, 39.5, 45.5, 41.0 ], "rotation": 270 },
						"up": { "texture": "#material", "uv": [ 45.5, 39.5, 51.0, 41.0 ] },
						"down": { "texture": "#material", "uv": [ 54.0, 39.5, 59.5, 41.0 ] }
					}
				},
				{
					"name": "Cube16",
					"from": [ 0.3, 3.0, 6.9 ], 
					"to": [ 5.0, 5.5, 7.9 ], 
					"unwrapMode": 5,
					"uv": [ 43.5, 30.5 ],
					"rotationOrigin": [ 0.3, 3.0, 6.9 ],
					"rotationX": 35.0,
					"faces": {
						"north": { "texture": "#material", "uv": [ 46.0, 30.5, 50.5, 33.0 ], "rotation": 180 },
						"east": { "texture": "#material", "uv": [ 50.5, 33.0, 53.0, 34.0 ], "rotation": 90 },
						"south": { "texture": "#material", "uv": [ 46.0, 34.0, 50.5, 36.5 ] },
						"west": { "texture": "#material", "uv": [ 43.5, 33.0, 46.0, 34.0 ], "rotation": 270 },
						"up": { "texture": "#material", "uv": [ 46.0, 33.0, 50.5, 34.0 ] },
						"down": { "texture": "#material", "uv": [ 53.0, 33.0, 57.5, 34.0 ] }
					}
				},
				{
					"name": "Cube24",
					"from": [ -0.15, -0.2, -0.25 ], 
					"to": [ 5.45, 1.3, 6.65 ], 
					"unwrapMode": 4,
					"autoUnwrap": false,
					"uv": [ 15.5, 27.0 ],
					"rotationOrigin": [ -0.1, -0.2, -0.2 ],
					"faces": {
						"north": { "texture": "#material", "uv": [ 15.5, 32.5, 21.0, 34.0 ] },
						"east": { "texture": "#material", "uv": [ 33.0, 32.5, 39.5, 34.0 ] },
						"south": { "texture": "#material", "uv": [ 27.5, 32.5, 33.0, 34.0 ] },
						"west": { "texture": "#material", "uv": [ 21.0, 34.5, 27.5, 36.0 ] },
						"up": { "texture": "#material", "uv": [ 50.0, 58.5, 56.5, 64.0 ], "rotation": 90 },
						"down": { "texture": "#material", "uv": [ 36.0, 14.5, 42.5, 20.0 ], "rotation": 90 }
					}
				}
			]
		},
		{
			"name": "BLT",
			"stepParentName": "LowerTorso",
			"from": [ -0.1, -0.2, -0.2 ], 
			"to": [ 5.1, 4.5, 6.2 ], 
			"unwrapMode": 4,
			"uv": [ 34.0, 49.5 ],
			"rotationOrigin": [ -0.1, -0.2, -0.2 ],
			"faces": {
				"north": { "texture": "#material", "uv": [ 34.0, 54.5, 39.0, 59.0 ] },
				"east": { "texture": "#material", "uv": [ 50.0, 54.5, 56.0, 59.0 ] },
				"south": { "texture": "#material", "uv": [ 45.0, 54.5, 50.0, 59.0 ] },
				"west": { "texture": "#material", "uv": [ 39.0, 54.5, 45.0, 59.0 ] },
				"up": { "texture": "#material", "uv": [ 39.0, 49.5, 45.0, 54.5 ], "rotation": 90 },
				"down": { "texture": "#material", "uv": [ 39.0, 59.0, 45.0, 64.0 ], "rotation": 90 }
			},
			"children": [
				{
					"name": "Cube10",
					"from": [ -0.2, 3.1, -0.2 ], 
					"to": [ 5.3, 4.6, 6.6 ], 
					"unwrapMode": 4,
					"autoUnwrap": false,
					"uv": [ 15.5, 27.0 ],
					"rotationOrigin": [ -0.2, 3.1, -0.2 ],
					"faces": {
						"north": { "texture": "#material", "uv": [ 15.5, 32.5, 21.0, 34.0 ] },
						"east": { "texture": "#material", "uv": [ 21.0, 32.5, 27.5, 34.0 ] },
						"south": { "texture": "#material", "uv": [ 27.5, 32.5, 33.0, 34.0 ] },
						"west": { "texture": "#material", "uv": [ 33.0, 32.5, 39.5, 34.0 ] },
						"up": { "texture": "#material", "uv": [ 49.0, 56.5, 55.5, 62.0 ], "rotation": 90 },
						"down": { "texture": "#material", "uv": [ 36.0, 14.5, 42.5, 20.0 ], "rotation": 90 }
					}
				},
				{
					"name": "Cube25",
					"from": [ -0.15, 1.7, -0.15 ], 
					"to": [ 5.25, 3.3, 6.55 ], 
					"unwrapMode": 4,
					"autoUnwrap": false,
					"uv": [ 16.0, 29.5 ],
					"rotationOrigin": [ -0.2, 1.7, -0.2 ],
					"faces": {
						"north": { "texture": "#material", "uv": [ 16.0, 34.5, 21.0, 36.0 ] },
						"east": { "texture": "#material", "uv": [ 21.0, 32.5, 27.5, 34.0 ] },
						"south": { "texture": "#material", "uv": [ 27.5, 34.5, 32.5, 36.0 ] },
						"west": { "texture": "#material", "uv": [ 32.5, 34.5, 39.0, 36.0 ] },
						"up": { "texture": "#material", "uv": [ 51.5, 56.5, 58.0, 61.5 ], "rotation": 90 },
						"down": { "texture": "#material", "uv": [ 28.5, 15.0, 35.0, 20.0 ], "rotation": 90 }
					}
				},
				{
					"name": "Cube26",
					"from": [ -0.1, 0.3, -0.1 ], 
					"to": [ 5.2, 1.9, 6.5 ], 
					"unwrapMode": 4,
					"autoUnwrap": false,
					"uv": [ 16.0, 29.5 ],
					"rotationOrigin": [ -0.2, 0.3, -0.2 ],
					"faces": {
						"north": { "texture": "#material", "uv": [ 16.0, 34.5, 21.0, 36.0 ] },
						"east": { "texture": "#material", "uv": [ 32.5, 34.5, 39.0, 36.0 ] },
						"south": { "texture": "#material", "uv": [ 27.5, 34.5, 32.5, 36.0 ] },
						"west": { "texture": "#material", "uv": [ 21.0, 34.5, 27.5, 36.0 ] },
						"up": { "texture": "#material", "uv": [ 50.0, 57.5, 56.5, 62.5 ], "rotation": 90 },
						"down": { "texture": "#material", "uv": [ 28.5, 15.0, 35.0, 20.0 ], "rotation": 90 }
					}
				},
				{
					"name": "Cube49",
					"from": [ -0.1, 4.4, -0.1 ], 
					"to": [ 5.2, 5.7, 6.5 ], 
					"unwrapMode": 4,
					"autoUnwrap": false,
					"uv": [ 15.5, 27.0 ],
					"rotationOrigin": [ -0.1, 4.4, -0.1 ],
					"faces": {
						"north": { "texture": "#material", "uv": [ 15.5, 32.5, 20.5, 33.5 ] },
						"east": { "texture": "#material", "uv": [ 21.0, 32.5, 27.5, 33.5 ] },
						"south": { "texture": "#material", "uv": [ 27.5, 32.5, 32.5, 33.5 ] },
						"west": { "texture": "#material", "uv": [ 33.0, 32.5, 39.5, 33.5 ] },
						"up": { "texture": "#material", "uv": [ 49.0, 56.5, 55.5, 61.5 ], "rotation": 90 },
						"down": { "texture": "#material", "uv": [ 36.0, 14.5, 42.5, 19.5 ], "rotation": 90 }
					}
				}
			]
		},
		{
			"name": "BLTBelt",
			"stepParentName": "LowerTorso",
			"from": [ -0.3, -0.3, -0.4 ], 
			"to": [ 5.2, 0.4, 6.4 ], 
			"unwrapMode": 4,
			"autoUnwrap": false,
			"uv": [ 15.0, 32.0 ],
			"rotationOrigin": [ -0.3, -0.3, -0.4 ],
			"faces": {
				"north": { "texture": "#material", "uv": [ 15.0, 37.5, 20.5, 38.0 ] },
				"east": { "texture": "#material", "uv": [ 32.5, 37.5, 39.0, 38.0 ] },
				"south": { "texture": "#material", "uv": [ 27.0, 37.5, 32.5, 38.0 ] },
				"west": { "texture": "#material", "uv": [ 20.5, 37.5, 27.0, 38.0 ] },
				"up": { "texture": "#material", "uv": [ 33.0, 58.5, 39.5, 64.0 ], "rotation": 90 },
				"down": { "texture": "#material", "uv": [ 21.0, 14.5, 27.5, 20.0 ], "rotation": 90 }
			}
		},
		{
			"name": "RLUBelt",
			"stepParentName": "UpperFootR",
			"from": [ -0.5, 0.7, 2.8 ], 
			"to": [ -0.4, 5.7, 3.3 ], 
			"unwrapMode": 4,
			"uv": [ 22.5, 39.0 ],
			"rotationOrigin": [ -0.5, 0.7, 2.8 ],
			"rotationX": -2.0,
			"faces": {
				"north": { "texture": "#material", "uv": [ 22.5, 39.5, 23.0, 44.5 ] },
				"east": { "texture": "#material", "uv": [ 24.0, 39.5, 24.5, 44.5 ] },
				"south": { "texture": "#material", "uv": [ 23.5, 39.5, 24.0, 44.5 ] },
				"west": { "texture": "#material", "uv": [ 23.0, 39.5, 23.5, 44.5 ] },
				"up": { "texture": "#material", "uv": [ 23.0, 39.0, 23.5, 39.5 ], "rotation": 90 },
				"down": { "texture": "#material", "uv": [ 23.0, 44.5, 23.5, 45.0 ], "rotation": 90 }
			},
			"children": [
				{
					"name": "RLUBelt25",
					"from": [ 0.0, 0.2, -0.7 ], 
					"to": [ 0.1, 5.0, -0.2 ], 
					"unwrapMode": 4,
					"uv": [ 29.0, 39.5 ],
					"rotationOrigin": [ 0.0, 0.2, -0.7 ],
					"faces": {
						"north": { "texture": "#material", "uv": [ 29.0, 40.0, 29.5, 44.5 ] },
						"east": { "texture": "#material", "uv": [ 30.5, 40.0, 31.0, 44.5 ] },
						"south": { "texture": "#material", "uv": [ 30.0, 40.0, 30.5, 44.5 ] },
						"west": { "texture": "#material", "uv": [ 29.5, 40.0, 30.0, 44.5 ] },
						"up": { "texture": "#material", "uv": [ 29.5, 39.5, 30.0, 40.0 ], "rotation": 90 },
						"down": { "texture": "#material", "uv": [ 29.5, 44.5, 30.0, 45.0 ], "rotation": 90 }
					}
				},
				{
					"name": "RLUBelt26",
					"from": [ 0.0, 0.4, -1.4 ], 
					"to": [ 0.1, 5.0, -0.9 ], 
					"unwrapMode": 4,
					"uv": [ 19.5, 39.5 ],
					"rotationOrigin": [ 0.0, 0.4, -1.4 ],
					"faces": {
						"north": { "texture": "#material", "uv": [ 19.5, 40.0, 20.0, 44.5 ] },
						"east": { "texture": "#material", "uv": [ 21.0, 40.0, 21.5, 44.5 ] },
						"south": { "texture": "#material", "uv": [ 20.5, 40.0, 21.0, 44.5 ] },
						"west": { "texture": "#material", "uv": [ 20.0, 40.0, 20.5, 44.5 ] },
						"up": { "texture": "#material", "uv": [ 20.0, 39.5, 20.5, 40.0 ], "rotation": 90 },
						"down": { "texture": "#material", "uv": [ 20.0, 44.5, 20.5, 45.0 ], "rotation": 90 }
					}
				}
			]
		},
		{
			"name": "LLUBelt",
			"stepParentName": "UpperFootL",
			"from": [ -0.5, 0.7, -0.1 ], 
			"to": [ -0.4, 5.7, 0.4 ], 
			"unwrapMode": 4,
			"uv": [ 26.0, 39.0 ],
			"rotationOrigin": [ -0.5, 0.7, 0.4 ],
			"rotationX": 2.0,
			"faces": {
				"north": { "texture": "#material", "uv": [ 26.0, 39.5, 26.5, 44.5 ] },
				"east": { "texture": "#material", "uv": [ 27.5, 39.5, 28.0, 44.5 ] },
				"south": { "texture": "#material", "uv": [ 27.0, 39.5, 27.5, 44.5 ] },
				"west": { "texture": "#material", "uv": [ 26.5, 39.5, 27.0, 44.5 ] },
				"up": { "texture": "#material", "uv": [ 26.5, 39.0, 27.0, 39.5 ], "rotation": 90 },
				"down": { "texture": "#material", "uv": [ 26.5, 44.5, 27.0, 45.0 ], "rotation": 90 }
			},
			"children": [
				{
					"name": "RLUBelt28",
					"from": [ 0.0, 0.2, 0.7 ], 
					"to": [ 0.1, 5.0, 1.2 ], 
					"unwrapMode": 4,
					"uv": [ 29.0, 39.5 ],
					"rotationOrigin": [ 0.0, 0.2, 0.7 ],
					"faces": {
						"north": { "texture": "#material", "uv": [ 29.0, 40.0, 29.5, 44.5 ] },
						"east": { "texture": "#material", "uv": [ 30.5, 40.0, 31.0, 44.5 ] },
						"south": { "texture": "#material", "uv": [ 30.0, 40.0, 30.5, 44.5 ] },
						"west": { "texture": "#material", "uv": [ 29.5, 40.0, 30.0, 44.5 ] },
						"up": { "texture": "#material", "uv": [ 29.5, 39.5, 30.0, 40.0 ], "rotation": 90 },
						"down": { "texture": "#material", "uv": [ 29.5, 44.5, 30.0, 45.0 ], "rotation": 90 }
					}
				},
				{
					"name": "RLUBelt29",
					"from": [ 0.0, 0.4, 1.4 ], 
					"to": [ 0.1, 5.0, 1.9 ], 
					"unwrapMode": 4,
					"uv": [ 19.5, 39.5 ],
					"rotationOrigin": [ 0.0, 0.4, 1.4 ],
					"faces": {
						"north": { "texture": "#material", "uv": [ 19.5, 40.0, 20.0, 44.5 ] },
						"east": { "texture": "#material", "uv": [ 21.0, 40.0, 21.5, 44.5 ] },
						"south": { "texture": "#material", "uv": [ 20.5, 40.0, 21.0, 44.5 ] },
						"west": { "texture": "#material", "uv": [ 20.0, 40.0, 20.5, 44.5 ] },
						"up": { "texture": "#material", "uv": [ 20.0, 39.5, 20.5, 40.0 ], "rotation": 90 },
						"down": { "texture": "#material", "uv": [ 20.0, 44.5, 20.5, 45.0 ], "rotation": 90 }
					}
				}
			]
		}
	]}