{
	"editor": {
		"backDropShape": "D:/Vintagestory/assets/game/shapes/entity/humanoid/seraph-hairless",
		"allAngles": true,
		"entityTextureMode": true
	},
	"textureWidth": 64,
	"textureHeight": 64,
	"textureSizes": {
	},
	"textures": {
		"material": "entity/armor/segment/iron"
	},
	"elements": [
		{
			"name": "H",
			"stepParentName": "Head",
			"from": [ -0.4, 3.55, -0.4 ], 
			"to": [ 6.4, 5.55, 5.4 ], 
			"unwrapMode": 5,
			"uv": [ 47.0, 0.0 ],
			"rotationOrigin": [ -0.4, 3.5, -0.4 ],
			"faces": {
				"north": { "texture": "#material", "uv": [ 49.0, 0.0, 55.5, 2.0 ], "rotation": 180 },
				"east": { "texture": "#material", "uv": [ 55.5, 2.0, 57.5, 7.5 ], "rotation": 90 },
				"south": { "texture": "#material", "uv": [ 49.0, 7.5, 55.5, 9.5 ] },
				"west": { "texture": "#material", "uv": [ 47.0, 2.0, 49.0, 7.5 ], "rotation": 270 },
				"up": { "texture": "#material", "uv": [ 49.0, 2.0, 55.5, 7.5 ] },
				"down": { "texture": "#material", "uv": [ 57.5, 2.0, 64.0, 7.5 ] }
			},
			"children": [
				{
					"name": "H17",
					"from": [ 0.5, 2.0, 0.5 ], 
					"to": [ 6.3, 2.5, 5.3 ], 
					"unwrapMode": 5,
					"autoUnwrap": false,
					"uv": [ 49.0, 10.0 ],
					"rotationOrigin": [ 0.5, 2.0, 0.5 ],
					"faces": {
						"north": { "texture": "#material", "uv": [ 49.5, 10.0, 55.0, 10.5 ], "rotation": 180 },
						"east": { "texture": "#material", "uv": [ 55.0, 10.5, 55.5, 15.0 ], "rotation": 90 },
						"south": { "texture": "#material", "uv": [ 49.5, 15.0, 55.0, 15.5 ] },
						"west": { "texture": "#material", "uv": [ 49.0, 10.5, 49.5, 15.0 ], "rotation": 270 },
						"up": { "texture": "#material", "uv": [ 49.5, 10.5, 55.0, 15.0 ] },
						"down": { "texture": "#material", "uv": [ 54.5, 59.5, 60.0, 64.0 ] }
					}
				},
				{
					"name": "H18",
					"from": [ -0.3, 1.6, -0.3 ], 
					"to": [ 0.5, 1.8, 6.1 ], 
					"unwrapMode": 5,
					"uv": [ 61.5, 16.5 ],
					"rotationOrigin": [ -0.3, 1.6, -0.3 ],
					"faces": {
						"north": { "texture": "#material", "uv": [ 62.0, 16.5, 62.5, 17.0 ], "rotation": 180 },
						"east": { "texture": "#material", "uv": [ 62.5, 17.0, 63.0, 23.0 ], "rotation": 90 },
						"south": { "texture": "#material", "uv": [ 62.0, 23.0, 62.5, 23.5 ] },
						"west": { "texture": "#material", "uv": [ 61.5, 17.0, 62.0, 23.0 ], "rotation": 270 },
						"up": { "texture": "#material", "uv": [ 62.0, 17.0, 62.5, 23.0 ] },
						"down": { "texture": "#material", "uv": [ 63.0, 17.0, 63.5, 23.0 ] }
					}
				},
				{
					"name": "H19",
					"from": [ 1.0, -3.2, 0.0 ], 
					"to": [ 2.8, 0.0, 0.1 ], 
					"unwrapMode": 1,
					"uv": [ 60.0, 9.0 ],
					"rotationOrigin": [ 2.8, 0.0, 0.0 ],
					"rotationY": 1.0,
					"rotationZ": -5.0,
					"faces": {
						"north": { "texture": "#material", "uv": [ 60.5, 9.5, 62.0, 12.5 ] },
						"east": { "texture": "#material", "uv": [ 60.0, 9.5, 60.5, 12.5 ] },
						"south": { "texture": "#material", "uv": [ 62.5, 9.5, 64.0, 12.5 ] },
						"west": { "texture": "#material", "uv": [ 62.0, 9.5, 62.5, 12.5 ] },
						"up": { "texture": "#material", "uv": [ 60.5, 9.0, 62.0, 9.5 ], "rotation": 180 },
						"down": { "texture": "#material", "uv": [ 60.5, 12.5, 62.0, 13.0 ] }
					}
				},
				{
					"name": "H20",
					"from": [ 1.0, -3.2, 5.7 ], 
					"to": [ 2.8, 0.0, 5.8 ], 
					"unwrapMode": 3,
					"uv": [ 60.0, 9.0 ],
					"rotationOrigin": [ 2.8, 0.0, 5.9 ],
					"rotationY": -1.0,
					"rotationZ": -5.0,
					"faces": {
						"north": { "texture": "#material", "uv": [ 62.5, 9.5, 64.0, 12.5 ] },
						"east": { "texture": "#material", "uv": [ 62.0, 9.5, 62.5, 12.5 ] },
						"south": { "texture": "#material", "uv": [ 60.5, 9.5, 62.0, 12.5 ] },
						"west": { "texture": "#material", "uv": [ 60.0, 9.5, 60.5, 12.5 ] },
						"up": { "texture": "#material", "uv": [ 60.5, 9.0, 62.0, 9.5 ] },
						"down": { "texture": "#material", "uv": [ 60.5, 12.5, 62.0, 13.0 ], "rotation": 180 }
					}
				},
				{
					"name": "H21",
					"from": [ 4.5, -2.3, 0.0 ], 
					"to": [ 6.8, 0.0, 5.8 ], 
					"unwrapMode": 5,
					"autoUnwrap": false,
					"uv": [ 55.0, 15.5 ],
					"rotationOrigin": [ 4.5, -2.3, 0.0 ],
					"faces": {
						"north": { "texture": "#material", "uv": [ 55.0, 15.5, 57.0, 17.5 ], "rotation": 180 },
						"east": { "texture": "#material", "uv": [ 55.0, 17.5, 57.0, 23.0 ], "rotation": 90 },
						"south": { "texture": "#material", "uv": [ 55.0, 23.0, 57.0, 25.0 ] },
						"west": { "texture": "#material", "uv": [ 32.5, 21.0, 34.5, 26.5 ], "rotation": 270 },
						"up": { "texture": "#material", "uv": [ 60.0, 58.5, 62.0, 64.0 ] },
						"down": { "texture": "#material", "uv": [ 62.0, 58.5, 64.0, 64.0 ] }
					}
				},
				{
					"name": "H22",
					"from": [ 4.5, -2.3, -0.5 ], 
					"to": [ 8.8, -2.1, 6.3 ], 
					"unwrapMode": 6,
					"uv": [ 46.0, 16.5 ],
					"rotationOrigin": [ 4.5, -2.1, -0.5 ],
					"rotationZ": -5.0,
					"faces": {
						"north": { "texture": "#material", "uv": [ 46.5, 16.5, 50.5, 17.0 ] },
						"east": { "texture": "#material", "uv": [ 46.0, 17.0, 46.5, 23.5 ], "rotation": 90 },
						"south": { "texture": "#material", "uv": [ 46.5, 23.5, 50.5, 24.0 ], "rotation": 180 },
						"west": { "texture": "#material", "uv": [ 50.5, 17.0, 51.0, 23.5 ], "rotation": 270 },
						"up": { "texture": "#material", "uv": [ 51.0, 17.0, 55.0, 23.5 ] },
						"down": { "texture": "#material", "uv": [ 46.5, 17.0, 50.5, 23.5 ] }
					}
				},
				{
					"name": "H23",
					"from": [ 2.7, -2.1, -0.5 ], 
					"to": [ 4.5, 0.0, 6.3 ], 
					"unwrapMode": 5,
					"autoUnwrap": false,
					"uv": [ 57.5, 15.0 ],
					"rotationOrigin": [ 2.7, -2.1, -0.5 ],
					"faces": {
						"north": { "texture": "#material", "uv": [ 61.0, 56.5, 62.5, 58.5 ], "rotation": 180 },
						"east": { "texture": "#material", "uv": [ 59.0, 17.0, 61.0, 23.5 ], "rotation": 90 },
						"south": { "texture": "#material", "uv": [ 62.5, 56.5, 64.0, 58.5 ] },
						"west": { "texture": "#material", "uv": [ 52.5, 57.5, 54.5, 64.0 ], "rotation": 270 },
						"up": { "texture": "#material", "uv": [ 57.5, 17.0, 59.0, 23.5 ] },
						"down": { "texture": "#material", "uv": [ 51.0, 57.5, 52.5, 64.0 ] }
					}
				},
				{
					"name": "Cube36",
					"from": [ 3.0, 2.5, 2.4 ], 
					"to": [ 4.0, 3.0, 3.4 ], 
					"uv": [ 52.0, 2.0 ],
					"rotationOrigin": [ 3.0, 2.5, 2.4 ],
					"faces": {
						"north": { "texture": "#material", "uv": [ 52.0, 3.0, 53.0, 3.5 ] },
						"east": { "texture": "#material", "uv": [ 53.0, 3.0, 54.0, 3.5 ] },
						"south": { "texture": "#material", "uv": [ 54.0, 3.0, 55.0, 3.5 ] },
						"west": { "texture": "#material", "uv": [ 55.0, 3.0, 56.0, 3.5 ] },
						"up": { "texture": "#material", "uv": [ 52.0, 2.0, 53.0, 3.0 ] },
						"down": { "texture": "#material", "uv": [ 53.0, 2.0, 54.0, 3.0 ] }
					}
				},
				{
					"name": "Cube37",
					"from": [ 3.0, 3.0, 0.9 ], 
					"to": [ 4.0, 3.5, 4.9 ], 
					"unwrapMode": 2,
					"uv": [ 47.5, 3.5 ],
					"rotationOrigin": [ 3.0, 3.0, 0.9 ],
					"faces": {
						"north": { "texture": "#material", "uv": [ 52.5, 4.5, 53.5, 5.0 ] },
						"east": { "texture": "#material", "uv": [ 48.5, 4.5, 52.5, 5.0 ] },
						"south": { "texture": "#material", "uv": [ 47.5, 4.5, 48.5, 5.0 ] },
						"west": { "texture": "#material", "uv": [ 53.5, 4.5, 57.5, 5.0 ] },
						"up": { "texture": "#material", "uv": [ 48.5, 3.5, 52.5, 4.5 ], "rotation": 270 },
						"down": { "texture": "#material", "uv": [ 48.5, 5.0, 52.5, 6.0 ], "rotation": 270 }
					}
				},
				{
					"name": "Cube38",
					"from": [ 3.05, 3.0, -0.9 ], 
					"to": [ 3.95, 3.5, 1.1 ], 
					"uv": [ 48.0, 4.0 ],
					"rotationOrigin": [ 3.1, 3.0, 1.1 ],
					"rotationX": -10.0,
					"faces": {
						"north": { "texture": "#material", "uv": [ 48.0, 6.0, 48.5, 6.5 ] },
						"east": { "texture": "#material", "uv": [ 48.5, 6.0, 50.5, 6.5 ] },
						"south": { "texture": "#material", "uv": [ 50.5, 6.0, 51.0, 6.5 ] },
						"west": { "texture": "#material", "uv": [ 51.0, 6.0, 53.0, 6.5 ] },
						"up": { "texture": "#material", "uv": [ 48.0, 4.0, 48.5, 6.0 ] },
						"down": { "texture": "#material", "uv": [ 48.5, 4.0, 49.0, 6.0 ] }
					}
				},
				{
					"name": "Cube39",
					"from": [ 3.05, 3.0, 4.7 ], 
					"to": [ 3.95, 3.5, 6.7 ], 
					"uv": [ 52.0, 4.5 ],
					"rotationOrigin": [ 3.1, 3.0, 4.7 ],
					"rotationX": 10.0,
					"faces": {
						"north": { "texture": "#material", "uv": [ 52.0, 6.5, 52.5, 7.0 ] },
						"east": { "texture": "#material", "uv": [ 52.5, 6.5, 54.5, 7.0 ] },
						"south": { "texture": "#material", "uv": [ 54.5, 6.5, 55.0, 7.0 ] },
						"west": { "texture": "#material", "uv": [ 55.0, 6.5, 57.0, 7.0 ] },
						"up": { "texture": "#material", "uv": [ 52.0, 4.5, 52.5, 6.5 ] },
						"down": { "texture": "#material", "uv": [ 52.5, 4.5, 53.0, 6.5 ] }
					}
				},
				{
					"name": "Cube40",
					"from": [ 3.1, 3.5, 0.9 ], 
					"to": [ 3.9, 5.0, 4.9 ], 
					"unwrapMode": 4,
					"uv": [ 12.0, 51.5 ],
					"rotationOrigin": [ 3.1, 3.5, 0.9 ],
					"faces": {
						"north": { "texture": "#material", "uv": [ 12.0, 52.0, 12.5, 53.5 ] },
						"east": { "texture": "#material", "uv": [ 17.0, 52.0, 21.0, 53.5 ] },
						"south": { "texture": "#material", "uv": [ 16.5, 52.0, 17.0, 53.5 ] },
						"west": { "texture": "#material", "uv": [ 12.5, 52.0, 16.5, 53.5 ] },
						"up": { "texture": "#material", "uv": [ 12.5, 51.5, 16.5, 52.0 ], "rotation": 90 },
						"down": { "texture": "#material", "uv": [ 12.5, 53.5, 16.5, 54.0 ], "rotation": 90 }
					}
				},
				{
					"name": "Cube41",
					"from": [ 3.15, 3.5, -0.9 ], 
					"to": [ 3.85, 5.0, 1.1 ], 
					"unwrapMode": 4,
					"uv": [ 7.0, 51.5 ],
					"rotationOrigin": [ 3.2, 3.5, 1.1 ],
					"rotationX": -10.0,
					"faces": {
						"north": { "texture": "#material", "uv": [ 7.0, 52.0, 7.5, 53.5 ] },
						"east": { "texture": "#material", "uv": [ 10.0, 52.0, 12.0, 53.5 ] },
						"south": { "texture": "#material", "uv": [ 9.5, 52.0, 10.0, 53.5 ] },
						"west": { "texture": "#material", "uv": [ 7.5, 52.0, 9.5, 53.5 ] },
						"up": { "texture": "#material", "uv": [ 7.5, 51.5, 9.5, 52.0 ], "rotation": 90 },
						"down": { "texture": "#material", "uv": [ 7.5, 53.5, 9.5, 54.0 ], "rotation": 90 }
					},
					"children": [
						{
							"name": "Cube44",
							"from": [ 0.0, 1.5, 0.0 ], 
							"to": [ 0.7, 1.8, 2.0 ], 
							"unwrapMode": 4,
							"autoUnwrap": false,
							"uv": [ 7.0, 50.0 ],
							"rotationOrigin": [ 0.0, 0.0, 0.0 ],
							"rotationZ": -8.537735993741082E-7,
							"faces": {
								"north": { "texture": "#material", "uv": [ 7.0, 50.5, 7.5, 51.0 ] },
								"east": { "texture": "#material", "uv": [ 10.0, 50.5, 12.0, 51.0 ] },
								"south": { "texture": "#material", "uv": [ 9.5, 50.5, 10.0, 51.0 ] },
								"west": { "texture": "#material", "uv": [ 7.5, 50.5, 9.5, 51.0 ] },
								"up": { "texture": "#material", "uv": [ 36.5, 57.0, 38.5, 57.5 ], "rotation": 90 },
								"down": { "texture": "#material", "uv": [ 46.5, 55.5, 48.5, 56.0 ], "rotation": 90 }
							}
						},
						{
							"name": "Cube47",
							"from": [ 0.3, 1.5, 0.0 ], 
							"to": [ 0.3, 1.8, 2.0 ], 
							"unwrapMode": 4,
							"autoUnwrap": false,
							"uv": [ 7.0, 48.5 ],
							"rotationOrigin": [ 0.3, 0.0, 0.0 ],
							"rotationZ": -8.537735993741082E-7,
							"faces": {
								"north": { "texture": "#material", "uv": [ 7.0, 49.0, 7.5, 49.5 ] },
								"east": { "texture": "#material", "uv": [ 10.0, 49.0, 12.0, 49.5 ] },
								"south": { "texture": "#material", "uv": [ 9.5, 49.0, 10.0, 49.5 ] },
								"west": { "texture": "#material", "uv": [ 7.5, 49.0, 9.5, 49.5 ] },
								"up": { "texture": "#material", "uv": [ 35.0, 56.0, 37.0, 56.5 ], "rotation": 90 },
								"down": { "texture": "#material", "uv": [ 36.5, 57.5, 38.5, 58.0 ], "rotation": 90 }
							}
						}
					]
				},
				{
					"name": "Cube42",
					"from": [ 3.15, 3.5, 4.7 ], 
					"to": [ 3.85, 5.0, 6.7 ], 
					"unwrapMode": 4,
					"uv": [ 21.0, 51.5 ],
					"rotationOrigin": [ 3.2, 3.5, 4.7 ],
					"rotationX": 10.0,
					"faces": {
						"north": { "texture": "#material", "uv": [ 21.0, 52.0, 21.5, 53.5 ] },
						"east": { "texture": "#material", "uv": [ 24.0, 52.0, 26.0, 53.5 ] },
						"south": { "texture": "#material", "uv": [ 23.5, 52.0, 24.0, 53.5 ] },
						"west": { "texture": "#material", "uv": [ 21.5, 52.0, 23.5, 53.5 ] },
						"up": { "texture": "#material", "uv": [ 21.5, 51.5, 23.5, 52.0 ], "rotation": 90 },
						"down": { "texture": "#material", "uv": [ 21.5, 53.5, 23.5, 54.0 ], "rotation": 90 }
					},
					"children": [
						{
							"name": "Cube45",
							"from": [ 0.0, 1.5, 0.0 ], 
							"to": [ 0.7, 1.8, 2.0 ], 
							"unwrapMode": 4,
							"autoUnwrap": false,
							"uv": [ 21.0, 50.0 ],
							"rotationOrigin": [ 0.0, 1.5, 0.0 ],
							"rotationZ": 8.537735993741082E-7,
							"faces": {
								"north": { "texture": "#material", "uv": [ 21.0, 50.5, 21.5, 51.0 ] },
								"east": { "texture": "#material", "uv": [ 24.0, 50.5, 26.0, 51.0 ] },
								"south": { "texture": "#material", "uv": [ 23.5, 50.5, 24.0, 51.0 ] },
								"west": { "texture": "#material", "uv": [ 21.5, 50.5, 23.5, 51.0 ] },
								"up": { "texture": "#material", "uv": [ 41.0, 56.0, 43.0, 56.5 ], "rotation": 90 },
								"down": { "texture": "#material", "uv": [ 40.5, 55.5, 42.5, 56.0 ], "rotation": 90 }
							}
						},
						{
							"name": "Cube48",
							"from": [ 0.4, 1.5, 0.0 ], 
							"to": [ 0.4, 1.8, 2.0 ], 
							"unwrapMode": 4,
							"autoUnwrap": false,
							"uv": [ 21.0, 48.5 ],
							"rotationOrigin": [ 0.4, 1.5, 0.0 ],
							"rotationZ": 8.537735993741082E-7,
							"faces": {
								"north": { "texture": "#material", "uv": [ 21.0, 49.0, 21.5, 49.5 ] },
								"east": { "texture": "#material", "uv": [ 24.0, 49.0, 26.0, 49.5 ] },
								"south": { "texture": "#material", "uv": [ 23.5, 49.0, 24.0, 49.5 ] },
								"west": { "texture": "#material", "uv": [ 21.5, 49.0, 23.5, 49.5 ] },
								"up": { "texture": "#material", "uv": [ 39.0, 57.5, 41.0, 58.0 ], "rotation": 90 },
								"down": { "texture": "#material", "uv": [ 52.5, 56.0, 54.5, 56.5 ], "rotation": 90 }
							}
						}
					]
				},
				{
					"name": "Cube43",
					"from": [ 3.1, 5.0, 0.9 ], 
					"to": [ 3.9, 5.3, 4.9 ], 
					"unwrapMode": 4,
					"autoUnwrap": false,
					"uv": [ 12.0, 50.0 ],
					"rotationOrigin": [ 3.1, 5.0, 0.9 ],
					"faces": {
						"north": { "texture": "#material", "uv": [ 12.0, 50.5, 12.5, 51.0 ] },
						"east": { "texture": "#material", "uv": [ 17.0, 50.5, 21.0, 51.0 ] },
						"south": { "texture": "#material", "uv": [ 16.5, 50.5, 17.0, 51.0 ] },
						"west": { "texture": "#material", "uv": [ 12.5, 50.5, 16.5, 51.0 ] },
						"up": { "texture": "#material", "uv": [ 48.0, 55.5, 52.0, 56.0 ], "rotation": 90 },
						"down": { "texture": "#material", "uv": [ 45.0, 56.5, 49.0, 57.0 ], "rotation": 90 }
					}
				},
				{
					"name": "Cube46",
					"from": [ 3.5, 5.0, 0.9 ], 
					"to": [ 3.5, 5.3, 4.9 ], 
					"unwrapMode": 4,
					"autoUnwrap": false,
					"uv": [ 12.0, 48.5 ],
					"rotationOrigin": [ 3.5, 5.0, 0.9 ],
					"faces": {
						"north": { "texture": "#material", "uv": [ 12.0, 49.0, 12.5, 49.5 ] },
						"east": { "texture": "#material", "uv": [ 17.0, 49.0, 21.0, 49.5 ] },
						"south": { "texture": "#material", "uv": [ 16.5, 49.0, 17.0, 49.5 ] },
						"west": { "texture": "#material", "uv": [ 12.5, 49.0, 16.5, 49.5 ] },
						"up": { "texture": "#material", "uv": [ 42.5, 55.0, 46.5, 55.5 ], "rotation": 90 },
						"down": { "texture": "#material", "uv": [ 36.5, 55.5, 40.5, 56.0 ], "rotation": 90 }
					}
				}
			]
		}
	]}