{
	"editor": {
		"allAngles": true,
		"entityTextureMode": true
	},
	"textureWidth": 64,
	"textureHeight": 64,
	"textureSizes": {
	},
	"textures": {
		"material": "entity/armor/segment/iron"
	},
	"elements": [
		{
			"name": "RLL",
			"stepParentName": "LowerFootR",
			"from": [ -0.3, 2.0, -0.3 ], 
			"to": [ 2.7, 7.0, 3.3 ], 
			"unwrapMode": 3,
			"uv": [ 1.0, 16.5 ],
			"rotationOrigin": [ -0.3, 2.0, -0.3 ],
			"faces": {
				"north": { "texture": "#material", "uv": [ 11.0, 20.0, 14.0, 25.0 ] },
				"east": { "texture": "#material", "uv": [ 7.5, 20.0, 11.0, 25.0 ] },
				"south": { "texture": "#material", "uv": [ 4.5, 20.0, 7.5, 25.0 ] },
				"west": { "texture": "#material", "uv": [ 1.0, 20.0, 4.5, 25.0 ] },
				"up": { "texture": "#material", "uv": [ 4.5, 16.5, 7.5, 20.0 ] },
				"down": { "texture": "#material", "uv": [ 4.5, 25.0, 7.5, 28.5 ], "rotation": 180 }
			},
			"children": [
				{
					"name": "Cube31",
					"from": [ 0.3, 1.0, 0.05 ], 
					"to": [ 4.5, 1.5, 3.55 ], 
					"autoUnwrap": false,
					"uv": [ 0.0, 26.5 ],
					"rotationOrigin": [ 0.3, 1.0, 0.0 ],
					"faces": {
						"north": { "texture": "#material", "uv": [ 0.0, 29.5, 4.0, 30.0 ] },
						"east": { "texture": "#material", "uv": [ 4.0, 29.5, 7.5, 30.0 ] },
						"south": { "texture": "#material", "uv": [ 7.0, 29.5, 11.0, 30.0 ] },
						"west": { "texture": "#material", "uv": [ 11.0, 29.5, 14.5, 30.0 ] },
						"up": { "texture": "#material", "uv": [ 41.0, 57.5, 45.0, 61.0 ] },
						"down": { "texture": "#material", "uv": [ 45.5, 57.5, 49.5, 61.0 ] }
					}
				},
				{
					"name": "Cube32",
					"from": [ 0.3, 3.5, 0.05 ], 
					"to": [ 4.5, 4.0, 3.55 ], 
					"autoUnwrap": false,
					"uv": [ 0.0, 27.5 ],
					"rotationOrigin": [ 0.3, 3.5, 0.0 ],
					"faces": {
						"north": { "texture": "#material", "uv": [ 0.0, 30.5, 4.0, 31.0 ] },
						"east": { "texture": "#material", "uv": [ 4.0, 30.5, 7.5, 31.0 ] },
						"south": { "texture": "#material", "uv": [ 7.0, 30.5, 11.0, 31.0 ] },
						"west": { "texture": "#material", "uv": [ 11.0, 30.5, 14.5, 31.0 ] },
						"up": { "texture": "#material", "uv": [ 37.5, 60.5, 41.5, 64.0 ] },
						"down": { "texture": "#material", "uv": [ 48.5, 57.5, 52.5, 61.0 ] }
					}
				}
			]
		},
		{
			"name": "LLL",
			"stepParentName": "LowerFootL",
			"from": [ -0.3, 2.0, -0.3 ], 
			"to": [ 2.7, 7.0, 3.3 ], 
			"unwrapMode": 3,
			"uv": [ 1.0, 16.5 ],
			"rotationOrigin": [ -0.3, 2.0, -0.3 ],
			"faces": {
				"north": { "texture": "#material", "uv": [ 11.0, 20.0, 14.0, 25.0 ] },
				"east": { "texture": "#material", "uv": [ 7.5, 20.0, 11.0, 25.0 ] },
				"south": { "texture": "#material", "uv": [ 4.5, 20.0, 7.5, 25.0 ] },
				"west": { "texture": "#material", "uv": [ 1.0, 20.0, 4.5, 25.0 ] },
				"up": { "texture": "#material", "uv": [ 4.5, 16.5, 7.5, 20.0 ] },
				"down": { "texture": "#material", "uv": [ 4.5, 25.0, 7.5, 28.5 ], "rotation": 180 }
			},
			"children": [
				{
					"name": "Cube34",
					"from": [ 0.1, 1.0, 0.05 ], 
					"to": [ 4.5, 1.5, 3.55 ], 
					"autoUnwrap": false,
					"uv": [ 0.0, 27.0 ],
					"rotationOrigin": [ 0.1, 1.0, 0.0 ],
					"faces": {
						"north": { "texture": "#material", "uv": [ 0.0, 30.0, 4.0, 30.5 ] },
						"east": { "texture": "#material", "uv": [ 4.0, 30.0, 7.5, 30.5 ] },
						"south": { "texture": "#material", "uv": [ 7.0, 30.0, 11.0, 30.5 ] },
						"west": { "texture": "#material", "uv": [ 11.0, 30.0, 14.5, 30.5 ] },
						"up": { "texture": "#material", "uv": [ 49.5, 57.0, 53.5, 60.5 ] },
						"down": { "texture": "#material", "uv": [ 41.5, 57.5, 45.5, 61.0 ] }
					}
				},
				{
					"name": "Cube35",
					"from": [ 0.1, 3.5, 0.05 ], 
					"to": [ 4.5, 4.0, 3.55 ], 
					"autoUnwrap": false,
					"uv": [ 0.0, 28.0 ],
					"rotationOrigin": [ 0.1, 3.5, 0.0 ],
					"faces": {
						"north": { "texture": "#material", "uv": [ 0.0, 31.0, 4.0, 31.5 ] },
						"east": { "texture": "#material", "uv": [ 4.0, 31.0, 7.5, 31.5 ] },
						"south": { "texture": "#material", "uv": [ 7.0, 31.0, 11.0, 31.5 ] },
						"west": { "texture": "#material", "uv": [ 11.0, 31.0, 14.5, 31.5 ] },
						"up": { "texture": "#material", "uv": [ 50.0, 59.0, 54.0, 62.5 ] },
						"down": { "texture": "#material", "uv": [ 43.5, 57.0, 47.5, 60.5 ] }
					}
				}
			]
		}
	]}