{
	"editor": {
		"allAngles": true,
		"entityTextureMode": true
	},
	"textureWidth": 64,
	"textureHeight": 64,
	"textureSizes": {
	},
	"textures": {
		"material": "entity/armor/lamelar/tinbronze"
	},
	"elements": [
		{
			"name": "BUT",
			"stepParentName": "UpperTorso",
			"from": [ -0.1, -0.1, -0.1 ], 
			"to": [ 5.1, 5.1, 6.3 ], 
			"unwrapMode": 4,
			"autoUnwrap": false,
			"uv": [ 0.0, -5.0 ],
			"rotationOrigin": [ -0.1, -0.1, -0.1 ],
			"faces": {
				"north": { "texture": "#material", "uv": [ 0.0, 4.5, 5.0, 9.5 ] },
				"east": { "texture": "#material", "uv": [ 16.0, 0.0, 22.0, 5.0 ] },
				"south": { "texture": "#material", "uv": [ 6.5, 2.0, 11.5, 7.0 ] },
				"west": { "texture": "#material", "uv": [ 0.0, 9.5, 6.0, 14.5 ] },
				"up": { "texture": "#material", "uv": [ 31.5, 0.0, 37.5, 5.0 ], "rotation": 90 },
				"down": { "texture": "#material", "uv": [ 5.0, 0.0, 11.0, 5.0 ], "rotation": 90 }
			},
			"children": [
				{
					"name": "BUT6",
					"from": [ -0.2, 0.0, -0.2 ], 
					"to": [ 5.4, 2.0, 6.6 ], 
					"unwrapMode": 4,
					"autoUnwrap": false,
					"uv": [ 23.0, 23.0 ],
					"rotationOrigin": [ -0.2, 0.0, -0.2 ],
					"faces": {
						"north": { "texture": "#material", "uv": [ 23.0, 34.0, 28.5, 36.0 ] },
						"east": { "texture": "#material", "uv": [ 40.5, 34.0, 47.0, 36.0 ] },
						"south": { "texture": "#material", "uv": [ 35.0, 34.0, 40.5, 36.0 ] },
						"west": { "texture": "#material", "uv": [ 28.5, 34.0, 35.0, 36.0 ] },
						"up": { "texture": "#material", "uv": [ 24.5, 10.0, 31.0, 15.5 ], "rotation": 90 },
						"down": { "texture": "#material", "uv": [ 57.0, 58.5, 63.5, 64.0 ], "rotation": 90 }
					}
				},
				{
					"name": "BUT7",
					"from": [ -0.2, 2.0, 0.2 ], 
					"to": [ 5.4, 5.4, 1.6 ], 
					"unwrapMode": 4,
					"autoUnwrap": false,
					"uv": [ 23.5, 17.0 ],
					"rotationOrigin": [ -0.2, 2.0, 0.2 ],
					"faces": {
						"north": { "texture": "#material", "uv": [ 23.0, 31.0, 28.5, 34.0 ] },
						"east": { "texture": "#material", "uv": [ 45.5, 30.0, 46.5, 33.0 ] },
						"south": { "texture": "#material", "uv": [ 23.0, 31.0, 28.5, 34.0 ] },
						"west": { "texture": "#material", "uv": [ 29.5, 30.0, 30.5, 33.0 ] },
						"up": { "texture": "#material", "uv": [ 29.5, 24.5, 30.5, 30.0 ], "rotation": 90 },
						"down": { "texture": "#material", "uv": [ 55.0, 58.5, 56.0, 64.0 ], "rotation": 90 }
					}
				},
				{
					"name": "BUT8",
					"from": [ -0.2, 2.0, 4.8 ], 
					"to": [ 5.4, 5.4, 6.2 ], 
					"unwrapMode": 4,
					"autoUnwrap": false,
					"uv": [ 29.0, 19.0 ],
					"rotationOrigin": [ -0.2, 2.0, 4.8 ],
					"faces": {
						"north": { "texture": "#material", "uv": [ 35.0, 31.0, 40.5, 34.0 ] },
						"east": { "texture": "#material", "uv": [ 41.5, 30.0, 42.5, 33.0 ] },
						"south": { "texture": "#material", "uv": [ 35.0, 31.0, 40.5, 34.0 ] },
						"west": { "texture": "#material", "uv": [ 33.5, 30.0, 34.5, 33.0 ] },
						"up": { "texture": "#material", "uv": [ 33.5, 24.5, 34.5, 30.0 ], "rotation": 90 },
						"down": { "texture": "#material", "uv": [ 56.0, 58.5, 57.0, 64.0 ], "rotation": 90 }
					}
				},
				{
					"name": "BUT9",
					"from": [ -0.2, 2.0, 1.6 ], 
					"to": [ 5.4, 4.8, 4.8 ], 
					"unwrapMode": 4,
					"autoUnwrap": false,
					"uv": [ 25.0, 23.5 ],
					"rotationOrigin": [ -0.2, 2.0, 1.6 ],
					"faces": {
						"north": { "texture": "#material", "uv": [ 57.0, 53.5, 62.5, 56.0 ] },
						"east": { "texture": "#material", "uv": [ 42.5, 30.5, 45.5, 33.0 ] },
						"south": { "texture": "#material", "uv": [ 57.0, 56.0, 62.5, 58.5 ] },
						"west": { "texture": "#material", "uv": [ 30.5, 30.5, 33.5, 33.0 ] },
						"up": { "texture": "#material", "uv": [ 38.5, 10.0, 41.5, 15.5 ], "rotation": 90 },
						"down": { "texture": "#material", "uv": [ 57.0, 58.5, 60.0, 64.0 ], "rotation": 90 }
					}
				}
			]
		},
		{
			"name": "BLT",
			"stepParentName": "LowerTorso",
			"from": [ -0.1, -0.2, -0.2 ], 
			"to": [ 5.1, 4.5, 6.2 ], 
			"unwrapMode": 4,
			"uv": [ 0.0, 0.0 ],
			"rotationOrigin": [ -0.1, -0.2, -0.2 ],
			"faces": {
				"north": { "texture": "#material", "uv": [ 0.0, 5.0, 5.0, 9.5 ] },
				"east": { "texture": "#material", "uv": [ 16.0, 5.0, 22.0, 9.5 ] },
				"south": { "texture": "#material", "uv": [ 11.0, 5.0, 16.0, 9.5 ] },
				"west": { "texture": "#material", "uv": [ 5.0, 5.0, 11.0, 9.5 ] },
				"up": { "texture": "#material", "uv": [ 5.0, 0.0, 11.0, 5.0 ], "rotation": 90 },
				"down": { "texture": "#material", "uv": [ 5.0, 9.5, 11.0, 14.5 ], "rotation": 90 }
			},
			"children": [
				{
					"name": "BLT11",
					"from": [ -0.2, 0.8, -0.2 ], 
					"to": [ 5.3, 4.7, 6.6 ], 
					"unwrapMode": 4,
					"autoUnwrap": false,
					"uv": [ 23.0, 36.0 ],
					"rotationOrigin": [ -0.2, 0.8, -0.2 ],
					"faces": {
						"north": { "texture": "#material", "uv": [ 23.0, 36.0, 28.5, 39.5 ] },
						"east": { "texture": "#material", "uv": [ 40.5, 36.0, 47.0, 39.5 ] },
						"south": { "texture": "#material", "uv": [ 35.0, 36.0, 40.5, 39.5 ] },
						"west": { "texture": "#material", "uv": [ 28.5, 36.0, 35.0, 39.5 ] },
						"up": { "texture": "#material", "uv": [ 57.0, 58.5, 63.5, 64.0 ], "rotation": 90 },
						"down": { "texture": "#material", "uv": [ 31.5, 10.0, 38.0, 15.5 ], "rotation": 90 }
					}
				},
				{
					"name": "BLT39",
					"from": [ 5.2, -2.3, -0.8 ], 
					"to": [ 6.7, 0.6, 8.0 ], 
					"unwrapMode": 2,
					"autoUnwrap": false,
					"uv": [ 0.5, 0.0 ],
					"rotationOrigin": [ 5.2, -2.3, -0.8 ],
					"rotationX": -15.0,
					"rotationY": 3.0,
					"faces": {
						"north": { "texture": "#material", "uv": [ 10.5, 1.5, 12.0, 4.0 ] },
						"east": { "texture": "#material", "uv": [ 2.0, 1.5, 10.5, 4.0 ] },
						"south": { "texture": "#material", "uv": [ 48.0, 55.0, 49.5, 57.5 ] },
						"west": { "texture": "#material", "uv": [ 12.0, 1.5, 20.5, 4.0 ] },
						"up": { "texture": "#material", "uv": [ 2.0, 0.0, 10.5, 1.5 ], "rotation": 270 },
						"down": { "texture": "#material", "uv": [ 2.0, 4.0, 10.5, 5.5 ], "rotation": 270 }
					},
					"children": [
						{
							"name": "BLT40",
							"from": [ -0.3, -0.3, 7.0 ], 
							"to": [ 1.8, 3.2, 8.8 ], 
							"unwrapMode": 2,
							"uv": [ 2.0, 56.5 ],
							"rotationOrigin": [ -0.3, -0.3, 7.0 ],
							"faces": {
								"north": { "texture": "#material", "uv": [ 5.5, 58.5, 7.5, 62.0 ] },
								"east": { "texture": "#material", "uv": [ 4.0, 58.5, 5.5, 62.0 ] },
								"south": { "texture": "#material", "uv": [ 2.0, 58.5, 4.0, 62.0 ] },
								"west": { "texture": "#material", "uv": [ 7.5, 58.5, 9.0, 62.0 ] },
								"up": { "texture": "#material", "uv": [ 4.0, 56.5, 5.5, 58.5 ], "rotation": 270 },
								"down": { "texture": "#material", "uv": [ 4.0, 62.0, 5.5, 64.0 ], "rotation": 270 }
							}
						},
						{
							"name": "Cube40",
							"from": [ 0.21, 0.08, 3.78 ], 
							"to": [ 0.61, 0.48, 10.78 ], 
							"unwrapMode": 2,
							"uv": [ 27.5, 56.5 ],
							"rotationOrigin": [ 0.2109, 0.0805, 3.7764 ],
							"rotationZ": 15.0,
							"faces": {
								"north": { "texture": "#material", "uv": [ 35.0, 57.0, 35.5, 57.5 ] },
								"east": { "texture": "#material", "uv": [ 28.0, 57.0, 35.0, 57.5 ] },
								"south": { "texture": "#material", "uv": [ 27.5, 57.0, 28.0, 57.5 ] },
								"west": { "texture": "#material", "uv": [ 35.5, 57.0, 42.5, 57.5 ] },
								"up": { "texture": "#material", "uv": [ 28.0, 56.5, 35.0, 57.0 ], "rotation": 270 },
								"down": { "texture": "#material", "uv": [ 28.0, 57.5, 35.0, 58.0 ], "rotation": 270 }
							},
							"children": [
								{
									"name": "Cube41",
									"from": [ 0.2, -0.3, 5.6 ], 
									"to": [ 0.2, 0.7, 7.1 ], 
									"unwrapMode": 2,
									"uv": [ 1.5, 36.0 ],
									"rotationOrigin": [ 0.2, -0.3, 5.6 ],
									"faces": {
										"north": { "texture": "#material", "uv": [ 3.5, 36.5, 4.0, 37.5 ] },
										"east": { "texture": "#material", "uv": [ 2.0, 36.5, 3.5, 37.5 ] },
										"south": { "texture": "#material", "uv": [ 1.5, 36.5, 2.0, 37.5 ] },
										"west": { "texture": "#material", "uv": [ 4.0, 36.5, 5.5, 37.5 ] },
										"up": { "texture": "#material", "uv": [ 2.0, 36.0, 3.5, 36.5 ], "rotation": 270 },
										"down": { "texture": "#material", "uv": [ 2.0, 37.5, 3.5, 38.0 ], "rotation": 270 }
									}
								}
							]
						},
						{
							"name": "Cube42",
							"from": [ 1.11, 0.18, 4.18 ], 
							"to": [ 1.51, 0.58, 11.18 ], 
							"unwrapMode": 2,
							"uv": [ 27.5, 56.5 ],
							"rotationOrigin": [ 1.1109, 0.1805, 4.1764 ],
							"rotationZ": 105.0,
							"faces": {
								"north": { "texture": "#material", "uv": [ 35.0, 57.0, 35.5, 57.5 ] },
								"east": { "texture": "#material", "uv": [ 28.0, 57.0, 35.0, 57.5 ] },
								"south": { "texture": "#material", "uv": [ 27.5, 57.0, 28.0, 57.5 ] },
								"west": { "texture": "#material", "uv": [ 35.5, 57.0, 42.5, 57.5 ] },
								"up": { "texture": "#material", "uv": [ 28.0, 56.5, 35.0, 57.0 ], "rotation": 270 },
								"down": { "texture": "#material", "uv": [ 28.0, 57.5, 35.0, 58.0 ], "rotation": 270 }
							},
							"children": [
								{
									"name": "Cube46",
									"from": [ 0.2, -0.3, 5.6 ], 
									"to": [ 0.2, 0.7, 7.1 ], 
									"unwrapMode": 2,
									"uv": [ 1.5, 36.0 ],
									"rotationOrigin": [ 0.2, -0.3, 5.6 ],
									"faces": {
										"north": { "texture": "#material", "uv": [ 3.5, 36.5, 4.0, 37.5 ] },
										"east": { "texture": "#material", "uv": [ 2.0, 36.5, 3.5, 37.5 ] },
										"south": { "texture": "#material", "uv": [ 1.5, 36.5, 2.0, 37.5 ] },
										"west": { "texture": "#material", "uv": [ 4.0, 36.5, 5.5, 37.5 ] },
										"up": { "texture": "#material", "uv": [ 2.0, 36.0, 3.5, 36.5 ], "rotation": 270 },
										"down": { "texture": "#material", "uv": [ 2.0, 37.5, 3.5, 38.0 ], "rotation": 270 }
									}
								}
							]
						},
						{
							"name": "Cube47",
							"from": [ 1.11, 0.58, 3.58 ], 
							"to": [ 1.51, 0.98, 10.58 ], 
							"unwrapMode": 2,
							"uv": [ 27.5, 56.5 ],
							"rotationOrigin": [ 1.1109, 0.5805, 3.5764 ],
							"rotationZ": 42.0,
							"faces": {
								"north": { "texture": "#material", "uv": [ 35.0, 57.0, 35.5, 57.5 ] },
								"east": { "texture": "#material", "uv": [ 28.0, 57.0, 35.0, 57.5 ] },
								"south": { "texture": "#material", "uv": [ 27.5, 57.0, 28.0, 57.5 ] },
								"west": { "texture": "#material", "uv": [ 35.5, 57.0, 42.5, 57.5 ] },
								"up": { "texture": "#material", "uv": [ 28.0, 56.5, 35.0, 57.0 ], "rotation": 270 },
								"down": { "texture": "#material", "uv": [ 28.0, 57.5, 35.0, 58.0 ], "rotation": 270 }
							},
							"children": [
								{
									"name": "Cube47",
									"from": [ 0.2, -0.3, 5.6 ], 
									"to": [ 0.2, 0.7, 7.1 ], 
									"unwrapMode": 2,
									"uv": [ 2.0, 36.0 ],
									"rotationOrigin": [ 0.2, -0.3, 5.6 ],
									"faces": {
										"north": { "texture": "#material", "uv": [ 4.0, 36.5, 4.5, 37.5 ] },
										"east": { "texture": "#material", "uv": [ 2.5, 36.5, 4.0, 37.5 ] },
										"south": { "texture": "#material", "uv": [ 2.0, 36.5, 2.5, 37.5 ] },
										"west": { "texture": "#material", "uv": [ 4.5, 36.5, 6.0, 37.5 ] },
										"up": { "texture": "#material", "uv": [ 2.5, 36.0, 4.0, 36.5 ], "rotation": 270 },
										"down": { "texture": "#material", "uv": [ 2.5, 37.5, 4.0, 38.0 ], "rotation": 270 }
									}
								}
							]
						},
						{
							"name": "Cube48",
							"from": [ 0.71, 0.58, 4.08 ], 
							"to": [ 1.11, 0.98, 11.08 ], 
							"unwrapMode": 2,
							"uv": [ 27.5, 56.5 ],
							"rotationOrigin": [ 0.7109, 0.5805, 4.0764 ],
							"rotationZ": 78.0,
							"faces": {
								"north": { "texture": "#material", "uv": [ 35.0, 57.0, 35.5, 57.5 ] },
								"east": { "texture": "#material", "uv": [ 28.0, 57.0, 35.0, 57.5 ] },
								"south": { "texture": "#material", "uv": [ 27.5, 57.0, 28.0, 57.5 ] },
								"west": { "texture": "#material", "uv": [ 35.5, 57.0, 42.5, 57.5 ] },
								"up": { "texture": "#material", "uv": [ 28.0, 56.5, 35.0, 57.0 ], "rotation": 270 },
								"down": { "texture": "#material", "uv": [ 28.0, 57.5, 35.0, 58.0 ], "rotation": 270 }
							},
							"children": [
								{
									"name": "Cube48",
									"from": [ 0.2, -0.3, 5.6 ], 
									"to": [ 0.2, 0.7, 7.1 ], 
									"unwrapMode": 4,
									"uv": [ 3.0, 36.0 ],
									"rotationOrigin": [ 0.2, -0.3, 5.6 ],
									"faces": {
										"north": { "texture": "#material", "uv": [ 3.0, 36.5, 3.5, 37.5 ] },
										"east": { "texture": "#material", "uv": [ 5.5, 36.5, 7.0, 37.5 ] },
										"south": { "texture": "#material", "uv": [ 5.0, 36.5, 5.5, 37.5 ] },
										"west": { "texture": "#material", "uv": [ 3.5, 36.5, 5.0, 37.5 ] },
										"up": { "texture": "#material", "uv": [ 3.5, 36.0, 5.0, 36.5 ], "rotation": 90 },
										"down": { "texture": "#material", "uv": [ 3.5, 37.5, 5.0, 38.0 ], "rotation": 90 }
									}
								}
							]
						},
						{
							"name": "Cube49",
							"from": [ 0.61, 1.18, 3.38 ], 
							"to": [ 1.01, 1.58, 10.38 ], 
							"unwrapMode": 4,
							"uv": [ 27.5, 56.5 ],
							"rotationOrigin": [ 0.6109, 1.1805, 3.3764 ],
							"rotationZ": 114.0,
							"faces": {
								"north": { "texture": "#material", "uv": [ 27.5, 57.0, 28.0, 57.5 ] },
								"east": { "texture": "#material", "uv": [ 35.5, 57.0, 42.5, 57.5 ] },
								"south": { "texture": "#material", "uv": [ 35.0, 57.0, 35.5, 57.5 ] },
								"west": { "texture": "#material", "uv": [ 28.0, 57.0, 35.0, 57.5 ] },
								"up": { "texture": "#material", "uv": [ 28.0, 56.5, 35.0, 57.0 ], "rotation": 90 },
								"down": { "texture": "#material", "uv": [ 28.0, 57.5, 35.0, 58.0 ], "rotation": 90 }
							},
							"children": [
								{
									"name": "Cube49",
									"from": [ 0.2, -0.3, 5.6 ], 
									"to": [ 0.2, 0.7, 7.1 ], 
									"unwrapMode": 2,
									"uv": [ 3.0, 36.0 ],
									"rotationOrigin": [ 0.2, -0.3, 5.6 ],
									"faces": {
										"north": { "texture": "#material", "uv": [ 5.0, 36.5, 5.5, 37.5 ] },
										"east": { "texture": "#material", "uv": [ 3.5, 36.5, 5.0, 37.5 ] },
										"south": { "texture": "#material", "uv": [ 3.0, 36.5, 3.5, 37.5 ] },
										"west": { "texture": "#material", "uv": [ 5.5, 36.5, 7.0, 37.5 ] },
										"up": { "texture": "#material", "uv": [ 3.5, 36.0, 5.0, 36.5 ], "rotation": 270 },
										"down": { "texture": "#material", "uv": [ 3.5, 37.5, 5.0, 38.0 ], "rotation": 270 }
									}
								}
							]
						}
					]
				},
				{
					"name": "BLT50",
					"from": [ -0.1, 4.7, -0.1 ], 
					"to": [ 5.2, 5.9, 6.5 ], 
					"unwrapMode": 4,
					"autoUnwrap": false,
					"uv": [ 23.0, 36.0 ],
					"rotationOrigin": [ -0.1, 4.7, -0.1 ],
					"faces": {
						"north": { "texture": "#material", "uv": [ 23.0, 36.0, 28.0, 37.0 ] },
						"east": { "texture": "#material", "uv": [ 40.5, 36.0, 47.0, 37.0 ] },
						"south": { "texture": "#material", "uv": [ 35.0, 36.0, 40.0, 37.0 ] },
						"west": { "texture": "#material", "uv": [ 28.5, 36.0, 35.0, 37.0 ] },
						"up": { "texture": "#material", "uv": [ 57.0, 58.5, 63.5, 63.5 ], "rotation": 90 },
						"down": { "texture": "#material", "uv": [ 31.5, 10.0, 38.0, 15.0 ], "rotation": 90 }
					}
				}
			]
		},
		{
			"name": "AUR",
			"stepParentName": "UpperArmR",
			"from": [ -0.1, 1.0, -0.1 ], 
			"to": [ 3.1, 7.02, 2.1 ], 
			"unwrapMode": 1,
			"uv": [ 0.0, 17.5 ],
			"rotationOrigin": [ -0.1, 1.0, -0.1 ],
			"faces": {
				"north": { "texture": "#material", "uv": [ 2.0, 19.5, 5.0, 25.5 ] },
				"east": { "texture": "#material", "uv": [ 0.0, 19.5, 2.0, 25.5 ] },
				"south": { "texture": "#material", "uv": [ 7.0, 19.5, 10.0, 25.5 ] },
				"west": { "texture": "#material", "uv": [ 5.0, 19.5, 7.0, 25.5 ] },
				"up": { "texture": "#material", "uv": [ 2.0, 17.5, 5.0, 19.5 ], "rotation": 180 },
				"down": { "texture": "#material", "uv": [ 2.0, 25.5, 5.0, 27.5 ] }
			},
			"children": [
				{
					"name": "Cube1",
					"from": [ 0.0, -0.5, 0.0 ], 
					"to": [ 3.2, 0.0, 2.2 ], 
					"autoUnwrap": false,
					"uv": [ 23.0, 39.5 ],
					"rotationOrigin": [ 0.0, -0.5, 0.0 ],
					"faces": {
						"north": { "texture": "#material", "uv": [ 23.0, 41.5, 26.0, 42.0 ] },
						"east": { "texture": "#material", "uv": [ 26.0, 41.5, 28.0, 42.0 ] },
						"south": { "texture": "#material", "uv": [ 28.0, 41.5, 31.0, 42.0 ] },
						"west": { "texture": "#material", "uv": [ 31.0, 41.5, 33.0, 42.0 ] },
						"up": { "texture": "#material", "uv": [ 59.5, 51.5, 62.5, 53.5 ] },
						"down": { "texture": "#material", "uv": [ 56.5, 51.5, 59.5, 53.5 ] }
					}
				}
			]
		},
		{
			"name": "ALR",
			"stepParentName": "LowerArmR",
			"from": [ -0.2, 1.8, -0.2 ], 
			"to": [ 2.7, 5.8, 0.8 ], 
			"unwrapMode": 1,
			"autoUnwrap": false,
			"uv": [ 14.5, 37.5 ],
			"rotationOrigin": [ -0.2, 1.8, -0.2 ],
			"faces": {
				"north": { "texture": "#material", "uv": [ 15.5, 38.5, 18.0, 42.5 ] },
				"east": { "texture": "#material", "uv": [ 14.5, 38.5, 15.5, 42.5 ] },
				"south": { "texture": "#material", "uv": [ 52.5, 60.0, 55.0, 64.0 ] },
				"west": { "texture": "#material", "uv": [ 18.0, 38.5, 19.0, 42.5 ] },
				"up": { "texture": "#material", "uv": [ 15.5, 37.5, 18.0, 38.5 ], "rotation": 180 },
				"down": { "texture": "#material", "uv": [ 15.5, 42.5, 18.0, 43.5 ] }
			},
			"children": [
				{
					"name": "ALR16",
					"from": [ 0.1, 0.5, 0.2 ], 
					"to": [ 2.8, 1.1, 2.3 ], 
					"unwrapMode": 4,
					"autoUnwrap": false,
					"uv": [ 4.5, 31.0 ],
					"rotationOrigin": [ 0.1, 0.5, 0.2 ],
					"faces": {
						"north": { "texture": "#material", "uv": [ 4.5, 33.5, 7.0, 34.0 ] },
						"east": { "texture": "#material", "uv": [ 11.5, 33.5, 13.5, 34.0 ] },
						"south": { "texture": "#material", "uv": [ 9.0, 33.5, 11.5, 34.0 ] },
						"west": { "texture": "#material", "uv": [ 7.0, 33.5, 9.0, 34.0 ] },
						"up": { "texture": "#material", "uv": [ 60.5, 45.5, 62.5, 48.0 ], "rotation": 90 },
						"down": { "texture": "#material", "uv": [ 60.5, 48.0, 62.5, 50.5 ], "rotation": 90 }
					}
				},
				{
					"name": "ALR17",
					"from": [ 0.1, 2.9, 0.2 ], 
					"to": [ 2.8, 3.5, 2.3 ], 
					"unwrapMode": 4,
					"autoUnwrap": false,
					"uv": [ 4.5, 32.0 ],
					"rotationOrigin": [ 0.1, 2.9, 0.2 ],
					"faces": {
						"north": { "texture": "#material", "uv": [ 4.5, 34.5, 7.0, 35.0 ] },
						"east": { "texture": "#material", "uv": [ 11.5, 34.5, 13.5, 35.0 ] },
						"south": { "texture": "#material", "uv": [ 9.0, 34.5, 11.5, 35.0 ] },
						"west": { "texture": "#material", "uv": [ 7.0, 34.5, 9.0, 35.0 ] },
						"up": { "texture": "#material", "uv": [ 56.5, 45.5, 58.5, 48.0 ], "rotation": 90 },
						"down": { "texture": "#material", "uv": [ 58.5, 45.5, 60.5, 48.0 ], "rotation": 90 }
					}
				}
			]
		},
		{
			"name": "LUR",
			"stepParentName": "UpperFootR",
			"from": [ -0.4, -0.1, -0.1 ], 
			"to": [ 4.5, 9.1, 3.3 ], 
			"unwrapMode": 1,
			"uv": [ 10.5, 49.0 ],
			"rotationOrigin": [ -0.4, -0.1, -0.1 ],
			"faces": {
				"north": { "texture": "#material", "uv": [ 13.5, 52.0, 18.0, 61.0 ] },
				"east": { "texture": "#material", "uv": [ 10.5, 52.0, 13.5, 61.0 ] },
				"south": { "texture": "#material", "uv": [ 21.0, 52.0, 25.5, 61.0 ] },
				"west": { "texture": "#material", "uv": [ 18.0, 52.0, 21.0, 61.0 ] },
				"up": { "texture": "#material", "uv": [ 13.5, 49.0, 18.0, 52.0 ], "rotation": 180 },
				"down": { "texture": "#material", "uv": [ 13.5, 61.0, 18.0, 64.0 ] }
			},
			"children": [
				{
					"name": "LUR13",
					"from": [ -0.2, 0.6, -0.2 ], 
					"to": [ 3.1, 5.4, 2.9 ], 
					"unwrapMode": 1,
					"uv": [ 23.0, 43.5 ],
					"rotationOrigin": [ -0.2, 0.6, -0.2 ],
					"faces": {
						"north": { "texture": "#material", "uv": [ 26.0, 46.5, 29.0, 51.0 ] },
						"east": { "texture": "#material", "uv": [ 23.0, 46.5, 26.0, 51.0 ] },
						"south": { "texture": "#material", "uv": [ 32.0, 46.5, 35.0, 51.0 ] },
						"west": { "texture": "#material", "uv": [ 29.0, 46.5, 32.0, 51.0 ] },
						"up": { "texture": "#material", "uv": [ 26.0, 43.5, 29.0, 46.5 ], "rotation": 180 },
						"down": { "texture": "#material", "uv": [ 26.0, 51.0, 29.0, 54.0 ] }
					}
				},
				{
					"name": "Cube44",
					"from": [ 0.1, -0.5, 0.1 ], 
					"to": [ 4.8, 0.0, 3.3 ], 
					"unwrapMode": 1,
					"autoUnwrap": false,
					"uv": [ 23.0, 39.0 ],
					"rotationOrigin": [ 0.1, -0.5, 0.1 ],
					"faces": {
						"north": { "texture": "#material", "uv": [ 26.0, 42.0, 30.5, 42.5 ] },
						"east": { "texture": "#material", "uv": [ 23.0, 42.0, 26.0, 42.5 ] },
						"south": { "texture": "#material", "uv": [ 48.0, 57.5, 52.5, 58.0 ] },
						"west": { "texture": "#material", "uv": [ 30.5, 42.0, 33.5, 42.5 ] },
						"up": { "texture": "#material", "uv": [ 48.0, 58.5, 52.5, 61.5 ], "rotation": 180 },
						"down": { "texture": "#material", "uv": [ 48.0, 61.0, 52.5, 64.0 ] }
					}
				}
			]
		},
		{
			"name": "AUL",
			"stepParentName": "UpperArmL",
			"from": [ -0.1, 1.0, -0.1 ], 
			"to": [ 3.1, 7.02, 2.1 ], 
			"unwrapMode": 3,
			"uv": [ 0.0, 17.5 ],
			"rotationOrigin": [ -0.1, 1.0, -0.1 ],
			"faces": {
				"north": { "texture": "#material", "uv": [ 7.0, 19.5, 10.0, 25.5 ] },
				"east": { "texture": "#material", "uv": [ 5.0, 19.5, 7.0, 25.5 ] },
				"south": { "texture": "#material", "uv": [ 2.0, 19.5, 5.0, 25.5 ] },
				"west": { "texture": "#material", "uv": [ 0.0, 19.5, 2.0, 25.5 ] },
				"up": { "texture": "#material", "uv": [ 2.0, 17.5, 5.0, 19.5 ] },
				"down": { "texture": "#material", "uv": [ 2.0, 25.5, 5.0, 27.5 ], "rotation": 180 }
			},
			"children": [
				{
					"name": "Cube43",
					"from": [ 0.0, -0.5, 0.0 ], 
					"to": [ 3.2, 0.0, 2.2 ], 
					"autoUnwrap": false,
					"uv": [ 23.0, 39.0 ],
					"rotationOrigin": [ 0.0, -0.5, 0.0 ],
					"faces": {
						"north": { "texture": "#material", "uv": [ 23.0, 41.0, 26.0, 41.5 ] },
						"east": { "texture": "#material", "uv": [ 26.0, 41.0, 28.0, 41.5 ] },
						"south": { "texture": "#material", "uv": [ 28.0, 41.0, 31.0, 41.5 ] },
						"west": { "texture": "#material", "uv": [ 31.0, 41.0, 33.0, 41.5 ] },
						"up": { "texture": "#material", "uv": [ 53.5, 45.5, 56.5, 47.5 ] },
						"down": { "texture": "#material", "uv": [ 53.5, 47.5, 56.5, 49.5 ] }
					}
				}
			]
		},
		{
			"name": "LUL",
			"stepParentName": "UpperFootL",
			"from": [ -0.4, -0.1, -0.1 ], 
			"to": [ 4.5, 9.1, 3.3 ], 
			"unwrapMode": 3,
			"uv": [ 10.5, 49.0 ],
			"rotationOrigin": [ -0.4, -0.1, -0.1 ],
			"faces": {
				"north": { "texture": "#material", "uv": [ 21.0, 52.0, 25.5, 61.0 ] },
				"east": { "texture": "#material", "uv": [ 18.0, 52.0, 21.0, 61.0 ] },
				"south": { "texture": "#material", "uv": [ 13.5, 52.0, 18.0, 61.0 ] },
				"west": { "texture": "#material", "uv": [ 10.5, 52.0, 13.5, 61.0 ] },
				"up": { "texture": "#material", "uv": [ 13.5, 49.0, 18.0, 52.0 ] },
				"down": { "texture": "#material", "uv": [ 13.5, 61.0, 18.0, 64.0 ], "rotation": 180 }
			},
			"children": [
				{
					"name": "LUR21",
					"from": [ -0.2, 0.6, 0.5 ], 
					"to": [ 3.1, 5.4, 3.6 ], 
					"unwrapMode": 4,
					"uv": [ 23.0, 43.5 ],
					"rotationOrigin": [ -0.2, 0.6, 0.5 ],
					"faces": {
						"north": { "texture": "#material", "uv": [ 23.0, 46.5, 26.0, 51.0 ] },
						"east": { "texture": "#material", "uv": [ 32.0, 46.5, 35.0, 51.0 ] },
						"south": { "texture": "#material", "uv": [ 29.0, 46.5, 32.0, 51.0 ] },
						"west": { "texture": "#material", "uv": [ 26.0, 46.5, 29.0, 51.0 ] },
						"up": { "texture": "#material", "uv": [ 26.0, 43.5, 29.0, 46.5 ], "rotation": 90 },
						"down": { "texture": "#material", "uv": [ 26.0, 51.0, 29.0, 54.0 ], "rotation": 90 }
					}
				},
				{
					"name": "Cube45",
					"from": [ 0.1, -0.5, 0.1 ], 
					"to": [ 4.8, 0.0, 3.3 ], 
					"unwrapMode": 3,
					"autoUnwrap": false,
					"uv": [ 23.0, 39.5 ],
					"rotationOrigin": [ 0.1, -0.5, 0.1 ],
					"faces": {
						"north": { "texture": "#material", "uv": [ 48.0, 58.0, 52.5, 58.5 ] },
						"east": { "texture": "#material", "uv": [ 30.5, 42.5, 33.5, 43.0 ] },
						"south": { "texture": "#material", "uv": [ 26.0, 42.5, 30.5, 43.0 ] },
						"west": { "texture": "#material", "uv": [ 23.0, 42.5, 26.0, 43.0 ] },
						"up": { "texture": "#material", "uv": [ 50.0, 55.5, 54.5, 58.5 ] },
						"down": { "texture": "#material", "uv": [ 48.0, 58.5, 52.5, 61.5 ], "rotation": 180 }
					}
				}
			]
		},
		{
			"name": "ALL",
			"stepParentName": "LowerArmL",
			"from": [ -0.2, 1.8, 1.2 ], 
			"to": [ 2.7, 5.8, 2.2 ], 
			"unwrapMode": 3,
			"autoUnwrap": false,
			"uv": [ 14.5, 31.5 ],
			"rotationOrigin": [ -0.2, 1.8, 1.2 ],
			"faces": {
				"north": { "texture": "#material", "uv": [ 54.5, 54.5, 57.0, 58.5 ] },
				"east": { "texture": "#material", "uv": [ 18.0, 32.5, 19.0, 36.5 ] },
				"south": { "texture": "#material", "uv": [ 15.5, 32.5, 18.0, 36.5 ] },
				"west": { "texture": "#material", "uv": [ 14.5, 32.5, 15.5, 36.5 ] },
				"up": { "texture": "#material", "uv": [ 15.5, 31.5, 18.0, 32.5 ] },
				"down": { "texture": "#material", "uv": [ 15.5, 36.5, 18.0, 37.5 ], "rotation": 180 }
			},
			"children": [
				{
					"name": "ALR23",
					"from": [ 0.1, 0.5, -1.3 ], 
					"to": [ 2.8, 1.1, 0.8 ], 
					"unwrapMode": 4,
					"autoUnwrap": false,
					"uv": [ 4.5, 30.5 ],
					"rotationOrigin": [ 0.1, 0.5, -1.3 ],
					"faces": {
						"north": { "texture": "#material", "uv": [ 4.5, 33.0, 7.0, 33.5 ] },
						"east": { "texture": "#material", "uv": [ 11.5, 33.0, 13.5, 33.5 ] },
						"south": { "texture": "#material", "uv": [ 9.0, 33.0, 11.5, 33.5 ] },
						"west": { "texture": "#material", "uv": [ 7.0, 33.0, 9.0, 33.5 ] },
						"up": { "texture": "#material", "uv": [ 56.5, 48.0, 58.5, 50.5 ], "rotation": 90 },
						"down": { "texture": "#material", "uv": [ 54.5, 49.5, 56.5, 52.0 ], "rotation": 90 }
					}
				},
				{
					"name": "ALR24",
					"from": [ 0.1, 2.9, -1.3 ], 
					"to": [ 2.8, 3.5, 0.8 ], 
					"unwrapMode": 4,
					"autoUnwrap": false,
					"uv": [ 4.5, 31.5 ],
					"rotationOrigin": [ 0.1, 2.9, -1.3 ],
					"faces": {
						"north": { "texture": "#material", "uv": [ 4.5, 34.0, 7.0, 34.5 ] },
						"east": { "texture": "#material", "uv": [ 11.5, 34.0, 13.5, 34.5 ] },
						"south": { "texture": "#material", "uv": [ 9.0, 34.0, 11.5, 34.5 ] },
						"west": { "texture": "#material", "uv": [ 7.0, 34.0, 9.0, 34.5 ] },
						"up": { "texture": "#material", "uv": [ 58.5, 48.0, 60.5, 50.5 ], "rotation": 90 },
						"down": { "texture": "#material", "uv": [ 54.5, 52.0, 56.5, 54.5 ], "rotation": 90 }
					}
				}
			]
		}
	]}