{
	"editor": {
		"backDropShape": "D:/Vintagestory/assets/game/shapes/entity/humanoid/seraph-hairless",
		"allAngles": true,
		"entityTextureMode": true
	},
	"textureWidth": 64,
	"textureHeight": 64,
	"textureSizes": {
	},
	"textures": {
		"material": "entity/armor/lamelar/tinbronze"
	},
	"elements": [
		{
			"name": "H",
			"stepParentName": "Head",
			"from": [ -0.4, 3.55, -0.4 ], 
			"to": [ 6.4, 5.55, 5.4 ], 
			"unwrapMode": 5,
			"autoUnwrap": false,
			"uv": [ 50.0, 12.5 ],
			"rotationOrigin": [ -0.4, 3.5, -0.4 ],
			"faces": {
				"north": { "texture": "#material", "uv": [ 52.0, 12.5, 58.5, 14.5 ], "rotation": 180 },
				"east": { "texture": "#material", "uv": [ 58.5, 14.5, 60.5, 20.0 ], "rotation": 90 },
				"south": { "texture": "#material", "uv": [ 52.0, 20.0, 58.5, 22.0 ] },
				"west": { "texture": "#material", "uv": [ 50.0, 14.5, 52.0, 20.0 ], "rotation": 270 },
				"up": { "texture": "#material", "uv": [ 52.0, 14.5, 58.5, 20.0 ] },
				"down": { "texture": "#material", "uv": [ 17.5, 10.0, 24.0, 15.5 ] }
			},
			"children": [
				{
					"name": "H26",
					"from": [ 1.0, 2.0, 1.0 ], 
					"to": [ 5.8, 3.0, 4.8 ], 
					"unwrapMode": 5,
					"uv": [ 52.0, 7.0 ],
					"rotationOrigin": [ 1.0, 2.0, 1.0 ],
					"faces": {
						"north": { "texture": "#material", "uv": [ 53.0, 7.0, 57.5, 8.0 ], "rotation": 180 },
						"east": { "texture": "#material", "uv": [ 57.5, 8.0, 58.5, 11.5 ], "rotation": 90 },
						"south": { "texture": "#material", "uv": [ 53.0, 11.5, 57.5, 12.5 ] },
						"west": { "texture": "#material", "uv": [ 52.0, 8.0, 53.0, 11.5 ], "rotation": 270 },
						"up": { "texture": "#material", "uv": [ 53.0, 8.0, 57.5, 11.5 ] },
						"down": { "texture": "#material", "uv": [ 58.5, 8.0, 63.0, 11.5 ] }
					}
				},
				{
					"name": "H27",
					"from": [ 2.1, 3.0, 2.0 ], 
					"to": [ 4.9, 4.0, 3.8 ], 
					"unwrapMode": 5,
					"uv": [ 53.0, 3.0 ],
					"rotationOrigin": [ 2.1, 3.0, 2.0 ],
					"faces": {
						"north": { "texture": "#material", "uv": [ 54.0, 3.0, 56.5, 4.0 ], "rotation": 180 },
						"east": { "texture": "#material", "uv": [ 56.5, 4.0, 57.5, 5.5 ], "rotation": 90 },
						"south": { "texture": "#material", "uv": [ 54.0, 5.5, 56.5, 6.5 ] },
						"west": { "texture": "#material", "uv": [ 53.0, 4.0, 54.0, 5.5 ], "rotation": 270 },
						"up": { "texture": "#material", "uv": [ 54.0, 4.0, 56.5, 5.5 ] },
						"down": { "texture": "#material", "uv": [ 57.5, 4.0, 60.0, 5.5 ] }
					}
				},
				{
					"name": "H28",
					"from": [ 2.95, -3.7, 0.05 ], 
					"to": [ 6.75, 0.0, 5.75 ], 
					"unwrapMode": 2,
					"autoUnwrap": false,
					"uv": [ 1.5, 41.5 ],
					"rotationOrigin": [ 2.9, -3.7, 0.1 ],
					"faces": {
						"north": { "texture": "#material", "uv": [ 10.5, 45.0, 14.0, 48.5 ] },
						"east": { "texture": "#material", "uv": [ 5.0, 45.0, 10.5, 48.5 ] },
						"south": { "texture": "#material", "uv": [ 1.5, 45.0, 5.0, 48.5 ] },
						"west": { "texture": "#material", "uv": [ 14.0, 45.0, 19.5, 48.5 ] },
						"up": { "texture": "#material", "uv": [ 49.5, 52.0, 55.0, 55.5 ], "rotation": 270 },
						"down": { "texture": "#material", "uv": [ 5.0, 48.5, 10.5, 52.0 ], "rotation": 270 }
					}
				},
				{
					"name": "H46",
					"from": [ 2.95, -4.2, 0.05 ], 
					"to": [ 6.75, -3.7, 5.75 ], 
					"unwrapMode": 2,
					"autoUnwrap": false,
					"uv": [ 23.0, 37.0 ],
					"rotationOrigin": [ 2.9, -4.2, 0.1 ],
					"faces": {
						"north": { "texture": "#material", "uv": [ 31.5, 40.5, 35.0, 41.0 ] },
						"east": { "texture": "#material", "uv": [ 26.5, 40.5, 32.0, 41.0 ] },
						"south": { "texture": "#material", "uv": [ 23.0, 40.5, 26.5, 41.0 ] },
						"west": { "texture": "#material", "uv": [ 54.0, 54.0, 59.5, 54.5 ] },
						"up": { "texture": "#material", "uv": [ 54.0, 56.0, 59.5, 59.5 ], "rotation": 270 },
						"down": { "texture": "#material", "uv": [ 54.5, 50.5, 60.0, 54.0 ], "rotation": 270 }
					}
				},
				{
					"name": "H47",
					"from": [ 0.0, -0.5, 0.0 ], 
					"to": [ 6.8, 0.0, 5.8 ], 
					"unwrapMode": 2,
					"autoUnwrap": false,
					"uv": [ 23.0, 33.5 ],
					"rotationOrigin": [ 0.0, -0.5, 0.0 ],
					"faces": {
						"north": { "texture": "#material", "uv": [ 35.0, 40.0, 41.5, 40.5 ] },
						"east": { "texture": "#material", "uv": [ 29.5, 40.0, 35.0, 40.5 ] },
						"south": { "texture": "#material", "uv": [ 23.0, 40.0, 29.5, 40.5 ] },
						"west": { "texture": "#material", "uv": [ 41.5, 40.0, 47.0, 40.5 ] },
						"up": { "texture": "#material", "uv": [ 50.5, 57.5, 56.0, 64.0 ], "rotation": 270 },
						"down": { "texture": "#material", "uv": [ 50.5, 57.5, 56.0, 64.0 ], "rotation": 270 }
					}
				}
			]
		}
	]}