{
	"editor": {
		"allAngles": false,
		"entityTextureMode": true
	},
	"textureWidth": 64,
	"textureHeight": 64,
	"textureSizes": {
	},
	"textures": {
		"material": "entity/armor/samura/green"
	},
	"elements": [
		{
			"name": "BUT",
			"stepParentName": "UpperTorso",
			"from": [ -0.2, 0.0, -0.2 ], 
			"to": [ 5.2, 5.1, 6.4 ], 
			"unwrapMode": 4,
			"autoUnwrap": false,
			"uv": [ 0.0, 32.5 ],
			"rotationOrigin": [ -0.2, 0.0, -0.2 ],
			"faces": {
				"north": { "texture": "#material", "uv": [ 0.0, 37.5, 5.0, 42.5 ] },
				"east": { "texture": "#material", "uv": [ 16.5, 37.5, 23.0, 42.5 ] },
				"south": { "texture": "#material", "uv": [ 11.5, 37.5, 16.5, 42.5 ] },
				"west": { "texture": "#material", "uv": [ 5.0, 37.5, 11.5, 42.5 ] },
				"up": { "texture": "#material", "uv": [ 5.0, 37.5, 11.5, 42.5 ], "rotation": 90 },
				"down": { "texture": "#material", "uv": [ 19.5, 54.0, 26.0, 59.0 ], "rotation": 90 }
			},
			"children": [
				{
					"name": "BUT9",
					"from": [ -0.3, 0.5, 0.6 ], 
					"to": [ 5.5, 3.8, 6.0 ], 
					"unwrapMode": 4,
					"autoUnwrap": false,
					"uv": [ 40.0, -3.0 ],
					"rotationOrigin": [ -0.3, 0.5, 0.6 ],
					"faces": {
						"north": { "texture": "#material", "uv": [ 39.0, 3.5, 44.5, 6.5 ] },
						"east": { "texture": "#material", "uv": [ 58.0, 3.5, 63.0, 6.5 ] },
						"south": { "texture": "#material", "uv": [ 51.5, 3.5, 57.0, 6.5 ] },
						"west": { "texture": "#material", "uv": [ 45.5, 3.5, 50.5, 6.5 ] },
						"up": { "texture": "#material", "uv": [ 56.0, 12.0, 61.0, 17.5 ], "rotation": 90 },
						"down": { "texture": "#material", "uv": [ 56.0, 12.0, 61.0, 17.5 ], "rotation": 90 }
					}
				},
				{
					"name": "BUT10",
					"from": [ -0.2, 3.8, 0.8 ], 
					"to": [ 5.5, 5.3, 1.7 ], 
					"unwrapMode": 5,
					"autoUnwrap": false,
					"uv": [ 11.0, 2.0 ],
					"rotationOrigin": [ -0.2, 3.8, 0.8 ],
					"faces": {
						"north": { "texture": "#material", "uv": [ 15.5, 6.5, 21.0, 8.0 ], "rotation": 180 },
						"east": { "texture": "#material", "uv": [ 18.0, 3.5, 19.5, 4.0 ], "rotation": 90 },
						"south": { "texture": "#material", "uv": [ 15.5, 5.0, 21.0, 6.5 ] },
						"west": { "texture": "#material", "uv": [ 11.0, 3.5, 12.5, 4.0 ], "rotation": 270 },
						"up": { "texture": "#material", "uv": [ 12.5, 3.5, 18.0, 4.0 ] },
						"down": { "texture": "#material", "uv": [ 19.5, 3.5, 25.0, 4.0 ] }
					}
				},
				{
					"name": "BUT11",
					"from": [ -0.2, 3.8, 4.9 ], 
					"to": [ 5.5, 5.3, 5.8 ], 
					"unwrapMode": 5,
					"autoUnwrap": false,
					"uv": [ 11.0, 2.0 ],
					"rotationOrigin": [ -0.2, 3.8, 4.9 ],
					"faces": {
						"north": { "texture": "#material", "uv": [ 15.5, 5.0, 21.0, 6.5 ], "rotation": 180 },
						"east": { "texture": "#material", "uv": [ 18.0, 3.5, 19.5, 4.0 ], "rotation": 90 },
						"south": { "texture": "#material", "uv": [ 15.5, 5.0, 21.0, 6.5 ] },
						"west": { "texture": "#material", "uv": [ 11.0, 3.5, 12.5, 4.0 ], "rotation": 270 },
						"up": { "texture": "#material", "uv": [ 12.5, 3.5, 18.0, 4.0 ] },
						"down": { "texture": "#material", "uv": [ 19.5, 3.5, 25.0, 4.0 ] }
					}
				},
				{
					"name": "BUT12",
					"from": [ -0.5, 3.1, 1.6 ], 
					"to": [ -0.2, 5.4, 5.0 ], 
					"unwrapMode": 4,
					"uv": [ 57.0, 0.0 ],
					"rotationOrigin": [ -0.5, 5.4, 1.6 ],
					"rotationZ": -8.0,
					"faces": {
						"north": { "texture": "#material", "uv": [ 57.0, 0.5, 57.5, 2.5 ] },
						"east": { "texture": "#material", "uv": [ 61.0, 0.5, 64.0, 2.5 ] },
						"south": { "texture": "#material", "uv": [ 60.5, 0.5, 61.0, 2.5 ] },
						"west": { "texture": "#material", "uv": [ 57.5, 0.5, 60.5, 2.5 ] },
						"up": { "texture": "#material", "uv": [ 57.5, 0.0, 60.5, 0.5 ], "rotation": 90 },
						"down": { "texture": "#material", "uv": [ 57.5, 2.5, 60.5, 3.0 ], "rotation": 90 }
					},
					"children": [
						{
							"name": "BUT13",
							"from": [ 0.0, 0.0, -1.2 ], 
							"to": [ 0.3, 2.3, 0.3 ], 
							"unwrapMode": 4,
							"uv": [ 52.0, 0.0 ],
							"rotationOrigin": [ 0.0, 2.3, 0.3 ],
							"rotationX": 7.0,
							"rotationY": -7.0,
							"faces": {
								"north": { "texture": "#material", "uv": [ 52.0, 0.5, 52.5, 2.5 ] },
								"east": { "texture": "#material", "uv": [ 54.5, 0.5, 56.0, 2.5 ] },
								"south": { "texture": "#material", "uv": [ 54.0, 0.5, 54.5, 2.5 ] },
								"west": { "texture": "#material", "uv": [ 52.5, 0.5, 54.0, 2.5 ] },
								"up": { "texture": "#material", "uv": [ 52.5, 0.0, 54.0, 0.5 ], "rotation": 90 },
								"down": { "texture": "#material", "uv": [ 52.5, 2.5, 54.0, 3.0 ], "rotation": 90 }
							}
						},
						{
							"name": "BUT14",
							"from": [ 0.0, 0.0, 3.2 ], 
							"to": [ 0.3, 2.3, 4.7 ], 
							"unwrapMode": 4,
							"uv": [ 52.0, 0.0 ],
							"rotationOrigin": [ 0.0, 2.3, 3.2 ],
							"rotationX": -6.0,
							"rotationY": 7.0,
							"faces": {
								"north": { "texture": "#material", "uv": [ 52.0, 0.5, 52.5, 2.5 ] },
								"east": { "texture": "#material", "uv": [ 54.5, 0.5, 56.0, 2.5 ] },
								"south": { "texture": "#material", "uv": [ 54.0, 0.5, 54.5, 2.5 ] },
								"west": { "texture": "#material", "uv": [ 52.5, 0.5, 54.0, 2.5 ] },
								"up": { "texture": "#material", "uv": [ 52.5, 0.0, 54.0, 0.5 ], "rotation": 90 },
								"down": { "texture": "#material", "uv": [ 52.5, 2.5, 54.0, 3.0 ], "rotation": 90 }
							}
						}
					]
				}
			]
		},
		{
			"name": "BLT",
			"stepParentName": "LowerTorso",
			"from": [ -0.2, -0.2, -0.2 ], 
			"to": [ 5.1, 5.1, 6.2 ], 
			"unwrapMode": 4,
			"autoUnwrap": false,
			"uv": [ 0.0, 37.5 ],
			"rotationOrigin": [ -0.2, -0.2, -0.2 ],
			"faces": {
				"north": { "texture": "#material", "uv": [ 0.0, 42.5, 5.0, 47.5 ] },
				"east": { "texture": "#material", "uv": [ 16.0, 42.5, 22.0, 47.5 ] },
				"south": { "texture": "#material", "uv": [ 11.0, 42.5, 16.0, 47.5 ] },
				"west": { "texture": "#material", "uv": [ 5.0, 42.5, 11.0, 47.5 ] },
				"up": { "texture": "#material", "uv": [ 20.0, 48.5, 26.0, 53.5 ], "rotation": 90 },
				"down": { "texture": "#material", "uv": [ 20.0, 48.5, 26.0, 53.5 ], "rotation": 90 }
			},
			"children": [
				{
					"name": "BLT8",
					"from": [ -0.3, 0.0, -0.3 ], 
					"to": [ 5.5, 5.3, 6.7 ], 
					"unwrapMode": 4,
					"autoUnwrap": false,
					"uv": [ 39.0, 0.0 ],
					"rotationOrigin": [ -0.3, 0.0, -0.3 ],
					"faces": {
						"north": { "texture": "#material", "uv": [ 39.0, 6.5, 44.5, 11.5 ] },
						"east": { "texture": "#material", "uv": [ 57.0, 6.5, 64.0, 11.5 ] },
						"south": { "texture": "#material", "uv": [ 51.5, 6.5, 57.0, 11.5 ] },
						"west": { "texture": "#material", "uv": [ 44.5, 6.5, 51.5, 11.5 ] },
						"up": { "texture": "#material", "uv": [ 55.0, 12.0, 62.0, 17.5 ], "rotation": 90 },
						"down": { "texture": "#material", "uv": [ 55.0, 12.0, 62.0, 17.5 ], "rotation": 90 }
					}
				},
				{
					"name": "BLT27",
					"from": [ -0.5, -1.0, -0.5 ], 
					"to": [ 5.4, 0.0, 6.9 ], 
					"unwrapMode": 4,
					"autoUnwrap": false,
					"uv": [ 0.0, -2.0 ],
					"rotationOrigin": [ -0.5, -1.0, -0.5 ],
					"faces": {
						"north": { "texture": "#material", "uv": [ 0.0, 3.5, 5.5, 4.5 ] },
						"east": { "texture": "#material", "uv": [ 18.0, 3.5, 25.0, 4.5 ] },
						"south": { "texture": "#material", "uv": [ 12.5, 3.5, 18.0, 4.5 ] },
						"west": { "texture": "#material", "uv": [ 5.5, 3.5, 12.5, 4.5 ] },
						"up": { "texture": "#material", "uv": [ 0.0, 10.5, 7.0, 16.0 ], "rotation": 90 },
						"down": { "texture": "#material", "uv": [ 0.0, 10.5, 7.0, 16.0 ], "rotation": 90 }
					},
					"children": [
						{
							"name": "BLT28",
							"from": [ -0.3, -0.8, 2.5 ], 
							"to": [ 0.2, 0.2, 5.7 ], 
							"unwrapMode": 4,
							"uv": [ 0.0, 0.0 ],
							"rotationOrigin": [ -0.3, -0.8, 2.5 ],
							"rotationX": -34.0,
							"faces": {
								"north": { "texture": "#material", "uv": [ 0.0, 0.5, 0.5, 1.5 ] },
								"east": { "texture": "#material", "uv": [ 4.0, 0.5, 7.0, 1.5 ] },
								"south": { "texture": "#material", "uv": [ 3.5, 0.5, 4.0, 1.5 ] },
								"west": { "texture": "#material", "uv": [ 0.5, 0.5, 3.5, 1.5 ] },
								"up": { "texture": "#material", "uv": [ 0.5, 0.0, 3.5, 0.5 ], "rotation": 90 },
								"down": { "texture": "#material", "uv": [ 0.5, 1.5, 3.5, 2.0 ], "rotation": 90 }
							}
						},
						{
							"name": "BLT29",
							"from": [ -0.2, -0.8, 1.5 ], 
							"to": [ 0.2, 0.2, 4.2 ], 
							"unwrapMode": 2,
							"uv": [ 3.5, 1.0 ],
							"rotationOrigin": [ -0.2, -0.8, 4.2 ],
							"rotationX": 42.0,
							"faces": {
								"north": { "texture": "#material", "uv": [ 6.5, 1.5, 7.0, 2.5 ] },
								"east": { "texture": "#material", "uv": [ 4.0, 1.5, 6.5, 2.5 ] },
								"south": { "texture": "#material", "uv": [ 3.5, 1.5, 4.0, 2.5 ] },
								"west": { "texture": "#material", "uv": [ 7.0, 1.5, 9.5, 2.5 ] },
								"up": { "texture": "#material", "uv": [ 4.0, 1.0, 6.5, 1.5 ], "rotation": 270 },
								"down": { "texture": "#material", "uv": [ 4.0, 2.5, 6.5, 3.0 ], "rotation": 270 }
							}
						},
						{
							"name": "BLT30",
							"from": [ 0.0, 0.5, 3.4 ], 
							"to": [ 0.3, 1.1, 5.1 ], 
							"unwrapMode": 4,
							"uv": [ 3.0, 0.0 ],
							"rotationOrigin": [ 0.0, 0.5, 3.4 ],
							"rotationX": 99.5,
							"rotationY": -13.0,
							"faces": {
								"north": { "texture": "#material", "uv": [ 3.0, 0.5, 3.5, 1.0 ] },
								"east": { "texture": "#material", "uv": [ 5.5, 0.5, 7.0, 1.0 ] },
								"south": { "texture": "#material", "uv": [ 5.0, 0.5, 5.5, 1.0 ] },
								"west": { "texture": "#material", "uv": [ 3.5, 0.5, 5.0, 1.0 ] },
								"up": { "texture": "#material", "uv": [ 3.5, 0.0, 5.0, 0.5 ], "rotation": 90 },
								"down": { "texture": "#material", "uv": [ 3.5, 1.0, 5.0, 1.5 ], "rotation": 90 }
							}
						},
						{
							"name": "BLT31",
							"from": [ 0.1, 0.8, 1.8 ], 
							"to": [ 0.4, 1.9, 5.6 ], 
							"unwrapMode": 4,
							"uv": [ 43.0, 0.0 ],
							"rotationOrigin": [ 0.1, 0.8, 1.8 ],
							"rotationZ": 10.0,
							"faces": {
								"north": { "texture": "#material", "uv": [ 43.0, 0.5, 43.5, 1.5 ] },
								"east": { "texture": "#material", "uv": [ 47.5, 0.5, 51.0, 1.5 ] },
								"south": { "texture": "#material", "uv": [ 47.0, 0.5, 47.5, 1.5 ] },
								"west": { "texture": "#material", "uv": [ 43.5, 0.5, 47.0, 1.5 ] },
								"up": { "texture": "#material", "uv": [ 43.5, 0.0, 47.0, 0.5 ], "rotation": 90 },
								"down": { "texture": "#material", "uv": [ 43.5, 1.5, 47.0, 2.0 ], "rotation": 90 }
							}
						},
						{
							"name": "BLT32",
							"from": [ 0.1, -1.1, 1.8 ], 
							"to": [ 0.4, 0.0, 5.6 ], 
							"unwrapMode": 4,
							"uv": [ 43.0, 0.5 ],
							"rotationOrigin": [ 0.1, 0.0, 1.9 ],
							"rotationZ": -10.0,
							"faces": {
								"north": { "texture": "#material", "uv": [ 43.0, 1.0, 43.5, 2.0 ] },
								"east": { "texture": "#material", "uv": [ 47.5, 1.0, 51.0, 2.0 ] },
								"south": { "texture": "#material", "uv": [ 47.0, 1.0, 47.5, 2.0 ] },
								"west": { "texture": "#material", "uv": [ 43.5, 1.0, 47.0, 2.0 ] },
								"up": { "texture": "#material", "uv": [ 43.5, 0.5, 47.0, 1.0 ], "rotation": 90 },
								"down": { "texture": "#material", "uv": [ 43.5, 2.0, 47.0, 2.5 ], "rotation": 90 }
							}
						}
					]
				}
			]
		},
		{
			"name": "AUR",
			"stepParentName": "UpperArmR",
			"from": [ -0.3, -0.1, -0.2 ], 
			"to": [ 3.1, 7.1, 2.2 ], 
			"unwrapMode": 4,
			"uv": [ 0.0, 44.5 ],
			"rotationOrigin": [ -0.3, -0.1, -0.2 ],
			"faces": {
				"north": { "texture": "#material", "uv": [ 0.0, 47.5, 3.0, 54.5 ] },
				"east": { "texture": "#material", "uv": [ 8.0, 47.5, 10.0, 54.5 ] },
				"south": { "texture": "#material", "uv": [ 5.0, 47.5, 8.0, 54.5 ] },
				"west": { "texture": "#material", "uv": [ 3.0, 47.5, 5.0, 54.5 ] },
				"up": { "texture": "#material", "uv": [ 3.0, 44.5, 5.0, 47.5 ], "rotation": 90 },
				"down": { "texture": "#material", "uv": [ 3.0, 54.5, 5.0, 57.5 ], "rotation": 90 }
			},
			"children": [
				{
					"name": "BUT15",
					"from": [ -0.8, 0.2, 0.0 ], 
					"to": [ -0.5, 7.8, 4.8 ], 
					"unwrapMode": 2,
					"uv": [ 24.0, 10.5 ],
					"rotationOrigin": [ -0.8, 0.2, 0.0 ],
					"rotationY": 90.0,
					"faces": {
						"north": { "texture": "#material", "uv": [ 29.0, 11.0, 29.5, 18.5 ] },
						"east": { "texture": "#material", "uv": [ 24.5, 11.0, 29.0, 18.5 ] },
						"south": { "texture": "#material", "uv": [ 24.0, 11.0, 24.5, 18.5 ] },
						"west": { "texture": "#material", "uv": [ 29.5, 11.0, 34.0, 18.5 ] },
						"up": { "texture": "#material", "uv": [ 24.5, 10.5, 29.0, 11.0 ], "rotation": 270 },
						"down": { "texture": "#material", "uv": [ 24.5, 18.5, 29.0, 19.0 ], "rotation": 270 }
					},
					"children": [
						{
							"name": "BUT16",
							"from": [ 0.3, 6.5, 1.9 ], 
							"to": [ 0.6, 7.3, 2.7 ], 
							"unwrapMode": 4,
							"uv": [ 8.5, 1.5 ],
							"rotationOrigin": [ 0.3, 6.9, 2.3 ],
							"rotationX": 45.0,
							"faces": {
								"north": { "texture": "#material", "uv": [ 8.5, 2.0, 9.0, 2.5 ] },
								"east": { "texture": "#material", "uv": [ 10.0, 2.0, 10.5, 2.5 ] },
								"south": { "texture": "#material", "uv": [ 9.5, 2.0, 10.0, 2.5 ] },
								"west": { "texture": "#material", "uv": [ 9.0, 2.0, 9.5, 2.5 ] },
								"up": { "texture": "#material", "uv": [ 9.0, 1.5, 9.5, 2.0 ], "rotation": 90 },
								"down": { "texture": "#material", "uv": [ 9.0, 2.5, 9.5, 3.0 ], "rotation": 90 }
							}
						},
						{
							"name": "BUT17",
							"from": [ 0.3, 6.7, 1.0 ], 
							"to": [ 0.5, 7.1, 3.8 ], 
							"unwrapMode": 2,
							"uv": [ 8.5, 0.0 ],
							"rotationOrigin": [ 0.3, 7.2, 1.5 ],
							"rotationX": 4.268867996870541E-7,
							"rotationY": -8.593348370959566E-7,
							"rotationZ": -4.3155872256324755E-8,
							"faces": {
								"north": { "texture": "#material", "uv": [ 11.5, 0.5, 12.0, 1.0 ] },
								"east": { "texture": "#material", "uv": [ 9.0, 0.5, 11.5, 1.0 ] },
								"south": { "texture": "#material", "uv": [ 8.5, 0.5, 9.0, 1.0 ] },
								"west": { "texture": "#material", "uv": [ 12.0, 0.5, 14.5, 1.0 ] },
								"up": { "texture": "#material", "uv": [ 9.0, 0.0, 11.5, 0.5 ], "rotation": 270 },
								"down": { "texture": "#material", "uv": [ 9.0, 1.0, 11.5, 1.5 ], "rotation": 270 }
							}
						},
						{
							"name": "BUT18",
							"from": [ 0.3, 6.6, 2.5 ], 
							"to": [ 0.5, 6.9, 3.8 ], 
							"unwrapMode": 2,
							"uv": [ 11.0, 1.5 ],
							"rotationOrigin": [ 0.3, 6.9, 2.5 ],
							"rotationX": 67.5,
							"rotationY": -8.593348370959566E-7,
							"rotationZ": -4.3155872256324755E-8,
							"faces": {
								"north": { "texture": "#material", "uv": [ 12.5, 2.0, 13.0, 2.5 ] },
								"east": { "texture": "#material", "uv": [ 11.5, 2.0, 12.5, 2.5 ] },
								"south": { "texture": "#material", "uv": [ 11.0, 2.0, 11.5, 2.5 ] },
								"west": { "texture": "#material", "uv": [ 13.0, 2.0, 14.0, 2.5 ] },
								"up": { "texture": "#material", "uv": [ 11.5, 1.5, 12.5, 2.0 ], "rotation": 270 },
								"down": { "texture": "#material", "uv": [ 11.5, 2.5, 12.5, 3.0 ], "rotation": 270 }
							}
						},
						{
							"name": "BUT19",
							"from": [ 0.3, 6.5, 2.4 ], 
							"to": [ 0.5, 6.8, 3.5 ], 
							"unwrapMode": 4,
							"uv": [ 7.0, 1.5 ],
							"rotationOrigin": [ 0.3, 6.8, 2.4 ],
							"rotationX": 112.5,
							"rotationY": -8.593348370959566E-7,
							"rotationZ": -4.3155872256324755E-8,
							"faces": {
								"north": { "texture": "#material", "uv": [ 7.0, 2.0, 7.5, 2.5 ] },
								"east": { "texture": "#material", "uv": [ 9.0, 2.0, 10.0, 2.5 ] },
								"south": { "texture": "#material", "uv": [ 8.5, 2.0, 9.0, 2.5 ] },
								"west": { "texture": "#material", "uv": [ 7.5, 2.0, 8.5, 2.5 ] },
								"up": { "texture": "#material", "uv": [ 7.5, 1.5, 8.5, 2.0 ], "rotation": 90 },
								"down": { "texture": "#material", "uv": [ 7.5, 2.5, 8.5, 3.0 ], "rotation": 90 }
							}
						},
						{
							"name": "BUT20",
							"from": [ -2.9, 6.8, 2.1 ], 
							"to": [ 0.1, 7.2, 2.5 ], 
							"unwrapMode": 3,
							"uv": [ 4.5, 0.0 ],
							"rotationOrigin": [ 0.1, 7.2, 2.1 ],
							"faces": {
								"north": { "texture": "#material", "uv": [ 8.5, 0.5, 11.5, 1.0 ] },
								"east": { "texture": "#material", "uv": [ 8.0, 0.5, 8.5, 1.0 ] },
								"south": { "texture": "#material", "uv": [ 5.0, 0.5, 8.0, 1.0 ] },
								"west": { "texture": "#material", "uv": [ 4.5, 0.5, 5.0, 1.0 ] },
								"up": { "texture": "#material", "uv": [ 5.0, 0.0, 8.0, 0.5 ] },
								"down": { "texture": "#material", "uv": [ 5.0, 1.0, 8.0, 1.5 ], "rotation": 180 }
							}
						}
					]
				}
			]
		},
		{
			"name": "ALR",
			"stepParentName": "LowerArmR",
			"from": [ -0.2, 2.0, -0.2 ], 
			"to": [ 2.7, 8.2, 2.2 ], 
			"unwrapMode": 4,
			"autoUnwrap": false,
			"uv": [ 5.0, 22.0 ],
			"rotationOrigin": [ -0.2, 2.0, -0.2 ],
			"faces": {
				"north": { "texture": "#material", "uv": [ 5.0, 24.5, 7.5, 30.5 ] },
				"east": { "texture": "#material", "uv": [ 12.0, 24.5, 14.0, 30.5 ] },
				"south": { "texture": "#material", "uv": [ 9.5, 24.5, 12.0, 30.5 ] },
				"west": { "texture": "#material", "uv": [ 7.5, 24.5, 9.5, 30.5 ] },
				"up": { "texture": "#material", "uv": [ 7.5, 22.0, 9.5, 24.5 ], "rotation": 90 },
				"down": { "texture": "#material", "uv": [ 12.0, 31.0, 14.0, 33.5 ], "rotation": 90 }
			},
			"children": [
				{
					"name": "ALR37",
					"from": [ 0.3, -1.3, -0.3 ], 
					"to": [ 2.6, 4.7, 0.0 ], 
					"unwrapMode": 1,
					"uv": [ 50.5, 33.5 ],
					"rotationOrigin": [ 0.3, -1.3, -0.3 ],
					"faces": {
						"north": { "texture": "#material", "uv": [ 51.0, 34.0, 53.0, 40.0 ] },
						"east": { "texture": "#material", "uv": [ 50.5, 34.0, 51.0, 40.0 ] },
						"south": { "texture": "#material", "uv": [ 53.5, 34.0, 55.5, 40.0 ] },
						"west": { "texture": "#material", "uv": [ 53.0, 34.0, 53.5, 40.0 ] },
						"up": { "texture": "#material", "uv": [ 51.0, 33.5, 53.0, 34.0 ], "rotation": 180 },
						"down": { "texture": "#material", "uv": [ 51.0, 40.0, 53.0, 40.5 ] }
					}
				},
				{
					"name": "ALR38",
					"from": [ -0.1, 0.7, -0.1 ], 
					"to": [ 3.0, 1.2, 2.5 ], 
					"unwrapMode": 4,
					"autoUnwrap": false,
					"uv": [ 3.0, 2.0 ],
					"rotationOrigin": [ -0.1, 0.7, -0.1 ],
					"faces": {
						"north": { "texture": "#material", "uv": [ 3.0, 5.0, 6.0, 5.5 ] },
						"east": { "texture": "#material", "uv": [ 11.5, 5.0, 14.0, 5.5 ] },
						"south": { "texture": "#material", "uv": [ 8.5, 5.0, 11.5, 5.5 ] },
						"west": { "texture": "#material", "uv": [ 6.0, 5.0, 8.5, 5.5 ] },
						"up": { "texture": "#material", "uv": [ 9.5, 6.5, 12.0, 9.5 ], "rotation": 90 },
						"down": { "texture": "#material", "uv": [ 12.0, 6.5, 14.5, 9.5 ], "rotation": 90 }
					}
				},
				{
					"name": "ALR39",
					"from": [ -0.1, 3.5, -0.1 ], 
					"to": [ 3.0, 4.0, 2.5 ], 
					"unwrapMode": 4,
					"autoUnwrap": false,
					"uv": [ 3.0, 1.5 ],
					"rotationOrigin": [ -0.1, 3.5, -0.1 ],
					"faces": {
						"north": { "texture": "#material", "uv": [ 3.0, 4.5, 6.0, 5.0 ] },
						"east": { "texture": "#material", "uv": [ 11.5, 4.5, 14.0, 5.0 ] },
						"south": { "texture": "#material", "uv": [ 8.5, 4.5, 11.5, 5.0 ] },
						"west": { "texture": "#material", "uv": [ 6.0, 4.5, 8.5, 5.0 ] },
						"up": { "texture": "#material", "uv": [ 12.0, 6.5, 14.5, 9.5 ], "rotation": 90 },
						"down": { "texture": "#material", "uv": [ 12.0, 6.5, 14.5, 9.5 ], "rotation": 90 }
					}
				},
				{
					"name": "ALR59",
					"from": [ 1.0, 3.4, -0.6 ], 
					"to": [ 1.8, 4.2, -0.3 ], 
					"unwrapMode": 2,
					"uv": [ 13.5, 0.0 ],
					"rotationOrigin": [ 1.4, 3.8, -0.6 ],
					"rotationZ": -45.0,
					"faces": {
						"north": { "texture": "#material", "uv": [ 14.5, 0.5, 15.0, 1.0 ] },
						"east": { "texture": "#material", "uv": [ 14.0, 0.5, 14.5, 1.0 ] },
						"south": { "texture": "#material", "uv": [ 13.5, 0.5, 14.0, 1.0 ] },
						"west": { "texture": "#material", "uv": [ 15.0, 0.5, 15.5, 1.0 ] },
						"up": { "texture": "#material", "uv": [ 14.0, 0.0, 14.5, 0.5 ], "rotation": 270 },
						"down": { "texture": "#material", "uv": [ 14.0, 1.0, 14.5, 1.5 ], "rotation": 270 }
					}
				},
				{
					"name": "ALR60",
					"from": [ 1.3, 3.7, -0.5 ], 
					"to": [ 2.1, 4.0, -0.3 ], 
					"unwrapMode": 3,
					"autoUnwrap": false,
					"uv": [ 15.0, 0.0 ],
					"rotationOrigin": [ 1.3, 3.7, -0.5 ],
					"rotationX": 6.0,
					"rotationZ": -67.5,
					"faces": {
						"north": { "texture": "#material", "uv": [ 15.5, 1.5, 16.0, 2.0 ] },
						"east": { "texture": "#material", "uv": [ 16.0, 0.5, 16.5, 1.0 ] },
						"south": { "texture": "#material", "uv": [ 15.5, 0.5, 16.0, 1.0 ] },
						"west": { "texture": "#material", "uv": [ 15.0, 0.5, 15.5, 1.0 ] },
						"up": { "texture": "#material", "uv": [ 15.5, 0.0, 16.0, 0.5 ] },
						"down": { "texture": "#material", "uv": [ 15.5, 1.0, 16.0, 1.5 ], "rotation": 180 }
					}
				},
				{
					"name": "ALR61",
					"from": [ 1.2, 3.7, -0.5 ], 
					"to": [ 2.0, 4.0, -0.3 ], 
					"unwrapMode": 2,
					"uv": [ 13.0, 0.0 ],
					"rotationOrigin": [ 1.2, 3.7, -0.5 ],
					"rotationX": 6.0,
					"rotationZ": -112.5,
					"faces": {
						"north": { "texture": "#material", "uv": [ 14.0, 0.5, 14.5, 1.0 ] },
						"east": { "texture": "#material", "uv": [ 13.5, 0.5, 14.0, 1.0 ] },
						"south": { "texture": "#material", "uv": [ 13.0, 0.5, 13.5, 1.0 ] },
						"west": { "texture": "#material", "uv": [ 14.5, 0.5, 15.0, 1.0 ] },
						"up": { "texture": "#material", "uv": [ 13.5, 0.0, 14.0, 0.5 ], "rotation": 270 },
						"down": { "texture": "#material", "uv": [ 13.5, 1.0, 14.0, 1.5 ], "rotation": 270 }
					}
				}
			]
		},
		{
			"name": "AUL",
			"stepParentName": "UpperArmL",
			"from": [ -0.2, -0.1, -0.2 ], 
			"to": [ 3.2, 7.1, 2.2 ], 
			"unwrapMode": 2,
			"uv": [ 0.0, 44.5 ],
			"rotationOrigin": [ -0.2, -0.1, -0.2 ],
			"faces": {
				"north": { "texture": "#material", "uv": [ 5.0, 47.5, 8.0, 54.5 ] },
				"east": { "texture": "#material", "uv": [ 3.0, 47.5, 5.0, 54.5 ] },
				"south": { "texture": "#material", "uv": [ 0.0, 47.5, 3.0, 54.5 ] },
				"west": { "texture": "#material", "uv": [ 8.0, 47.5, 10.0, 54.5 ] },
				"up": { "texture": "#material", "uv": [ 3.0, 44.5, 5.0, 47.5 ], "rotation": 270 },
				"down": { "texture": "#material", "uv": [ 3.0, 54.5, 5.0, 57.5 ], "rotation": 270 }
			},
			"children": [
				{
					"name": "BUT21",
					"from": [ 4.1, 0.2, 2.4 ], 
					"to": [ 4.4, 7.8, 7.2 ], 
					"unwrapMode": 4,
					"uv": [ 24.0, 10.5 ],
					"rotationOrigin": [ 4.1, 0.2, 2.4 ],
					"rotationY": -90.0,
					"faces": {
						"north": { "texture": "#material", "uv": [ 24.0, 11.0, 24.5, 18.5 ] },
						"east": { "texture": "#material", "uv": [ 29.5, 11.0, 34.0, 18.5 ] },
						"south": { "texture": "#material", "uv": [ 29.0, 11.0, 29.5, 18.5 ] },
						"west": { "texture": "#material", "uv": [ 24.5, 11.0, 29.0, 18.5 ] },
						"up": { "texture": "#material", "uv": [ 24.5, 10.5, 29.0, 11.0 ], "rotation": 90 },
						"down": { "texture": "#material", "uv": [ 24.5, 18.5, 29.0, 19.0 ], "rotation": 90 }
					},
					"children": [
						{
							"name": "BUT22",
							"from": [ 0.3, 6.5, 1.9 ], 
							"to": [ 0.6, 7.3, 2.7 ], 
							"unwrapMode": 4,
							"uv": [ 9.0, 1.5 ],
							"rotationOrigin": [ 0.3, 6.9, 2.3 ],
							"rotationX": 45.0,
							"faces": {
								"north": { "texture": "#material", "uv": [ 9.0, 2.0, 9.5, 2.5 ] },
								"east": { "texture": "#material", "uv": [ 10.5, 2.0, 11.0, 2.5 ] },
								"south": { "texture": "#material", "uv": [ 10.0, 2.0, 10.5, 2.5 ] },
								"west": { "texture": "#material", "uv": [ 9.5, 2.0, 10.0, 2.5 ] },
								"up": { "texture": "#material", "uv": [ 9.5, 1.5, 10.0, 2.0 ], "rotation": 90 },
								"down": { "texture": "#material", "uv": [ 9.5, 2.5, 10.0, 3.0 ], "rotation": 90 }
							}
						},
						{
							"name": "BUT23",
							"from": [ 0.3, 6.7, 1.0 ], 
							"to": [ 0.5, 7.1, 3.8 ], 
							"unwrapMode": 4,
							"uv": [ 0.0, 1.5 ],
							"rotationOrigin": [ 0.3, 7.2, 1.5 ],
							"rotationX": 4.268867996870541E-7,
							"rotationY": -8.593348370959566E-7,
							"rotationZ": -4.3155872256324755E-8,
							"faces": {
								"north": { "texture": "#material", "uv": [ 0.0, 2.0, 0.5, 2.5 ] },
								"east": { "texture": "#material", "uv": [ 3.5, 2.0, 6.0, 2.5 ] },
								"south": { "texture": "#material", "uv": [ 3.0, 2.0, 3.5, 2.5 ] },
								"west": { "texture": "#material", "uv": [ 0.5, 2.0, 3.0, 2.5 ] },
								"up": { "texture": "#material", "uv": [ 0.5, 1.5, 3.0, 2.0 ], "rotation": 90 },
								"down": { "texture": "#material", "uv": [ 0.5, 2.5, 3.0, 3.0 ], "rotation": 90 }
							}
						},
						{
							"name": "BUT24",
							"from": [ 0.3, 6.6, 2.5 ], 
							"to": [ 0.5, 6.9, 3.8 ], 
							"unwrapMode": 2,
							"uv": [ 2.5, 1.5 ],
							"rotationOrigin": [ 0.3, 6.9, 2.5 ],
							"rotationX": 67.5,
							"rotationY": -8.593348370959566E-7,
							"rotationZ": -4.3155872256324755E-8,
							"faces": {
								"north": { "texture": "#material", "uv": [ 4.0, 2.0, 4.5, 2.5 ] },
								"east": { "texture": "#material", "uv": [ 3.0, 2.0, 4.0, 2.5 ] },
								"south": { "texture": "#material", "uv": [ 2.5, 2.0, 3.0, 2.5 ] },
								"west": { "texture": "#material", "uv": [ 4.5, 2.0, 5.5, 2.5 ] },
								"up": { "texture": "#material", "uv": [ 3.0, 1.5, 4.0, 2.0 ], "rotation": 270 },
								"down": { "texture": "#material", "uv": [ 3.0, 2.5, 4.0, 3.0 ], "rotation": 270 }
							}
						},
						{
							"name": "BUT25",
							"from": [ 0.3, 6.5, 2.4 ], 
							"to": [ 0.5, 6.8, 3.5 ], 
							"unwrapMode": 4,
							"uv": [ 10.0, 1.5 ],
							"rotationOrigin": [ 0.3, 6.8, 2.4 ],
							"rotationX": 112.5,
							"rotationY": -8.593348370959566E-7,
							"rotationZ": -4.3155872256324755E-8,
							"faces": {
								"north": { "texture": "#material", "uv": [ 10.0, 2.0, 10.5, 2.5 ] },
								"east": { "texture": "#material", "uv": [ 12.0, 2.0, 13.0, 2.5 ] },
								"south": { "texture": "#material", "uv": [ 11.5, 2.0, 12.0, 2.5 ] },
								"west": { "texture": "#material", "uv": [ 10.5, 2.0, 11.5, 2.5 ] },
								"up": { "texture": "#material", "uv": [ 10.5, 1.5, 11.5, 2.0 ], "rotation": 90 },
								"down": { "texture": "#material", "uv": [ 10.5, 2.5, 11.5, 3.0 ], "rotation": 90 }
							}
						},
						{
							"name": "BUT26",
							"from": [ -2.9, 6.8, 2.2 ], 
							"to": [ 0.1, 7.2, 2.6 ], 
							"unwrapMode": 3,
							"autoUnwrap": false,
							"uv": [ 12.0, 1.5 ],
							"rotationOrigin": [ 0.1, 7.2, 2.6 ],
							"faces": {
								"north": { "texture": "#material", "uv": [ 13.5, 0.0, 16.5, 0.5 ] },
								"east": { "texture": "#material", "uv": [ 15.5, 2.0, 16.0, 2.5 ] },
								"south": { "texture": "#material", "uv": [ 12.5, 2.0, 15.5, 2.5 ] },
								"west": { "texture": "#material", "uv": [ 12.0, 2.0, 12.5, 2.5 ] },
								"up": { "texture": "#material", "uv": [ 12.5, 1.5, 15.5, 2.0 ] },
								"down": { "texture": "#material", "uv": [ 12.5, 2.5, 15.5, 3.0 ], "rotation": 180 }
							}
						}
					]
				}
			]
		},
		{
			"name": "ALL",
			"stepParentName": "LowerArmL",
			"from": [ -0.2, 2.0, -0.2 ], 
			"to": [ 2.7, 8.2, 2.2 ], 
			"unwrapMode": 2,
			"autoUnwrap": false,
			"uv": [ 0.0, 22.0 ],
			"rotationOrigin": [ -0.2, 2.0, -0.2 ],
			"faces": {
				"north": { "texture": "#material", "uv": [ 4.5, 24.5, 7.0, 30.5 ] },
				"east": { "texture": "#material", "uv": [ 2.5, 24.5, 4.5, 30.5 ] },
				"south": { "texture": "#material", "uv": [ 0.0, 24.5, 2.5, 30.5 ] },
				"west": { "texture": "#material", "uv": [ 7.0, 24.5, 9.0, 30.5 ] },
				"up": { "texture": "#material", "uv": [ 2.5, 22.0, 4.5, 24.5 ], "rotation": 270 },
				"down": { "texture": "#material", "uv": [ 9.5, 31.0, 11.5, 33.5 ], "rotation": 270 }
			},
			"children": [
				{
					"name": "ALR64",
					"from": [ 0.3, -1.3, 2.4 ], 
					"to": [ 2.6, 4.7, 2.7 ], 
					"unwrapMode": 3,
					"uv": [ 50.5, 33.5 ],
					"rotationOrigin": [ 0.3, -1.3, 2.4 ],
					"faces": {
						"north": { "texture": "#material", "uv": [ 53.5, 34.0, 55.5, 40.0 ] },
						"east": { "texture": "#material", "uv": [ 53.0, 34.0, 53.5, 40.0 ] },
						"south": { "texture": "#material", "uv": [ 51.0, 34.0, 53.0, 40.0 ] },
						"west": { "texture": "#material", "uv": [ 50.5, 34.0, 51.0, 40.0 ] },
						"up": { "texture": "#material", "uv": [ 51.0, 33.5, 53.0, 34.0 ] },
						"down": { "texture": "#material", "uv": [ 51.0, 40.0, 53.0, 40.5 ], "rotation": 180 }
					}
				},
				{
					"name": "ALR65",
					"from": [ -0.1, 0.7, -0.1 ], 
					"to": [ 3.0, 1.2, 2.5 ], 
					"unwrapMode": 4,
					"autoUnwrap": false,
					"uv": [ 3.0, 1.0 ],
					"rotationOrigin": [ -0.1, 0.7, -0.1 ],
					"faces": {
						"north": { "texture": "#material", "uv": [ 3.0, 4.0, 6.0, 4.5 ] },
						"east": { "texture": "#material", "uv": [ 11.5, 4.0, 14.0, 4.5 ] },
						"south": { "texture": "#material", "uv": [ 8.5, 4.0, 11.5, 4.5 ] },
						"west": { "texture": "#material", "uv": [ 6.0, 4.0, 8.5, 4.5 ] },
						"up": { "texture": "#material", "uv": [ 9.5, 6.5, 12.0, 9.5 ], "rotation": 90 },
						"down": { "texture": "#material", "uv": [ 12.0, 6.5, 14.5, 9.5 ], "rotation": 90 }
					}
				},
				{
					"name": "ALR66",
					"from": [ -0.1, 3.5, -0.1 ], 
					"to": [ 3.0, 4.0, 2.5 ], 
					"unwrapMode": 4,
					"autoUnwrap": false,
					"uv": [ 3.0, 2.5 ],
					"rotationOrigin": [ -0.1, 3.5, -0.1 ],
					"faces": {
						"north": { "texture": "#material", "uv": [ 3.0, 5.5, 6.0, 6.0 ] },
						"east": { "texture": "#material", "uv": [ 11.5, 5.5, 14.0, 6.0 ] },
						"south": { "texture": "#material", "uv": [ 8.5, 5.5, 11.5, 6.0 ] },
						"west": { "texture": "#material", "uv": [ 6.0, 5.5, 8.5, 6.0 ] },
						"up": { "texture": "#material", "uv": [ 9.5, 6.5, 12.0, 9.5 ], "rotation": 90 },
						"down": { "texture": "#material", "uv": [ 9.5, 6.5, 12.0, 9.5 ], "rotation": 90 }
					}
				},
				{
					"name": "ALR67",
					"from": [ 1.0, 3.4, 2.7 ], 
					"to": [ 1.8, 4.2, 3.0 ], 
					"unwrapMode": 3,
					"uv": [ 9.5, 1.5 ],
					"rotationOrigin": [ 1.4, 3.8, 2.7 ],
					"rotationZ": -45.0,
					"faces": {
						"north": { "texture": "#material", "uv": [ 11.0, 2.0, 11.5, 2.5 ] },
						"east": { "texture": "#material", "uv": [ 10.5, 2.0, 11.0, 2.5 ] },
						"south": { "texture": "#material", "uv": [ 10.0, 2.0, 10.5, 2.5 ] },
						"west": { "texture": "#material", "uv": [ 9.5, 2.0, 10.0, 2.5 ] },
						"up": { "texture": "#material", "uv": [ 10.0, 1.5, 10.5, 2.0 ] },
						"down": { "texture": "#material", "uv": [ 10.0, 2.5, 10.5, 3.0 ], "rotation": 180 }
					}
				},
				{
					"name": "ALR68",
					"from": [ 1.3, 3.7, 2.7 ], 
					"to": [ 2.1, 4.0, 2.9 ], 
					"unwrapMode": 1,
					"uv": [ 12.0, 0.0 ],
					"rotationOrigin": [ 1.3, 3.7, 2.7 ],
					"rotationX": -7.0,
					"rotationZ": -67.5,
					"faces": {
						"north": { "texture": "#material", "uv": [ 12.5, 0.5, 13.0, 1.0 ] },
						"east": { "texture": "#material", "uv": [ 12.0, 0.5, 12.5, 1.0 ] },
						"south": { "texture": "#material", "uv": [ 13.5, 0.5, 14.0, 1.0 ] },
						"west": { "texture": "#material", "uv": [ 13.0, 0.5, 13.5, 1.0 ] },
						"up": { "texture": "#material", "uv": [ 12.5, 0.0, 13.0, 0.5 ], "rotation": 180 },
						"down": { "texture": "#material", "uv": [ 12.5, 1.0, 13.0, 1.5 ] }
					}
				},
				{
					"name": "ALR69",
					"from": [ 1.2, 3.7, 2.7 ], 
					"to": [ 2.0, 4.0, 2.9 ], 
					"unwrapMode": 3,
					"uv": [ 14.0, 0.0 ],
					"rotationOrigin": [ 1.2, 3.7, 2.7 ],
					"rotationX": -6.0,
					"rotationZ": -112.5,
					"faces": {
						"north": { "texture": "#material", "uv": [ 15.5, 0.5, 16.0, 1.0 ] },
						"east": { "texture": "#material", "uv": [ 15.0, 0.5, 15.5, 1.0 ] },
						"south": { "texture": "#material", "uv": [ 14.5, 0.5, 15.0, 1.0 ] },
						"west": { "texture": "#material", "uv": [ 14.0, 0.5, 14.5, 1.0 ] },
						"up": { "texture": "#material", "uv": [ 14.5, 0.0, 15.0, 0.5 ] },
						"down": { "texture": "#material", "uv": [ 14.5, 1.0, 15.0, 1.5 ], "rotation": 180 }
					}
				}
			]
		}
	]}