{
	"editor": {
		"backDropShape": "D:/Vintagestory/assets/game/shapes/entity/humanoid/seraph-hairless",
		"allAngles": false,
		"entityTextureMode": true
	},
	"textureWidth": 64,
	"textureHeight": 64,
	"textureSizes": {
	},
	"textures": {
		"material": "entity/armor/samura/green"
	},
	"elements": [
		{
			"name": "H",
			"stepParentName": "Head",
			"from": [ -0.4, 3.5, -0.4 ], 
			"to": [ 6.4, 5.5, 5.4 ], 
			"unwrapMode": 4,
			"autoUnwrap": false,
			"uv": [ 40.0, 16.5 ],
			"rotationOrigin": [ -0.4, 3.5, -0.4 ],
			"faces": {
				"north": { "texture": "#material", "uv": [ 40.0, 23.0, 46.5, 25.0 ] },
				"east": { "texture": "#material", "uv": [ 58.5, 23.0, 64.0, 25.0 ] },
				"south": { "texture": "#material", "uv": [ 52.0, 23.0, 58.5, 25.0 ] },
				"west": { "texture": "#material", "uv": [ 46.5, 23.0, 52.0, 25.0 ] },
				"up": { "texture": "#material", "uv": [ 40.0, 25.5, 45.5, 32.0 ], "rotation": 90 },
				"down": { "texture": "#material", "uv": [ 58.0, 25.5, 63.5, 32.0 ], "rotation": 90 }
			},
			"children": [
				{
					"name": "H40",
					"from": [ 0.6, 2.0, 0.7 ], 
					"to": [ 6.2, 2.9, 5.1 ], 
					"unwrapMode": 4,
					"autoUnwrap": false,
					"uv": [ 42.0, 16.5 ],
					"rotationOrigin": [ 0.6, 2.0, 0.7 ],
					"faces": {
						"north": { "texture": "#material", "uv": [ 42.0, 22.0, 47.5, 22.5 ] },
						"east": { "texture": "#material", "uv": [ 57.0, 22.0, 61.0, 22.5 ] },
						"south": { "texture": "#material", "uv": [ 51.5, 22.0, 57.0, 22.5 ] },
						"west": { "texture": "#material", "uv": [ 47.5, 22.0, 51.5, 22.5 ] },
						"up": { "texture": "#material", "uv": [ 46.0, 26.0, 50.0, 31.5 ], "rotation": 90 },
						"down": { "texture": "#material", "uv": [ 60.0, 58.5, 64.0, 64.0 ], "rotation": 90 }
					}
				},
				{
					"name": "H41",
					"from": [ 1.1, 2.9, 1.2 ], 
					"to": [ 5.7, 3.4, 4.6 ], 
					"unwrapMode": 4,
					"autoUnwrap": false,
					"uv": [ 43.5, 17.0 ],
					"rotationOrigin": [ 1.1, 2.9, 1.2 ],
					"faces": {
						"north": { "texture": "#material", "uv": [ 43.5, 21.5, 48.0, 22.0 ] },
						"east": { "texture": "#material", "uv": [ 55.5, 21.5, 58.5, 22.0 ] },
						"south": { "texture": "#material", "uv": [ 51.0, 21.5, 55.5, 22.0 ] },
						"west": { "texture": "#material", "uv": [ 48.0, 21.5, 51.0, 22.0 ] },
						"up": { "texture": "#material", "uv": [ 50.5, 26.5, 53.5, 31.0 ], "rotation": 90 },
						"down": { "texture": "#material", "uv": [ 61.0, 54.0, 64.0, 58.5 ], "rotation": 90 }
					}
				},
				{
					"name": "H42",
					"from": [ 0.6, -2.9, 0.0 ], 
					"to": [ 6.7, 0.0, 0.2 ], 
					"unwrapMode": 3,
					"uv": [ 36.5, 33.5 ],
					"rotationOrigin": [ 0.6, 0.0, 0.0 ],
					"rotationX": 15.0,
					"faces": {
						"north": { "texture": "#material", "uv": [ 43.5, 34.0, 49.5, 36.5 ] },
						"east": { "texture": "#material", "uv": [ 43.0, 34.0, 43.5, 36.5 ] },
						"south": { "texture": "#material", "uv": [ 37.0, 34.0, 43.0, 36.5 ] },
						"west": { "texture": "#material", "uv": [ 36.5, 34.0, 37.0, 36.5 ] },
						"up": { "texture": "#material", "uv": [ 37.0, 33.5, 43.0, 34.0 ] },
						"down": { "texture": "#material", "uv": [ 37.0, 36.5, 43.0, 37.0 ], "rotation": 180 }
					}
				},
				{
					"name": "H43",
					"from": [ 0.6, -2.9, 5.6 ], 
					"to": [ 6.7, 0.0, 5.8 ], 
					"unwrapMode": 3,
					"uv": [ 36.5, 33.5 ],
					"rotationOrigin": [ 0.6, 0.0, 5.8 ],
					"rotationX": -15.0,
					"faces": {
						"north": { "texture": "#material", "uv": [ 43.5, 34.0, 49.5, 36.5 ] },
						"east": { "texture": "#material", "uv": [ 43.0, 34.0, 43.5, 36.5 ] },
						"south": { "texture": "#material", "uv": [ 37.0, 34.0, 43.0, 36.5 ] },
						"west": { "texture": "#material", "uv": [ 36.5, 34.0, 37.0, 36.5 ] },
						"up": { "texture": "#material", "uv": [ 37.0, 33.5, 43.0, 34.0 ] },
						"down": { "texture": "#material", "uv": [ 37.0, 36.5, 43.0, 37.0 ], "rotation": 180 }
					}
				},
				{
					"name": "H44",
					"from": [ 6.6, -2.9, 0.0 ], 
					"to": [ 6.8, 0.0, 5.8 ], 
					"unwrapMode": 4,
					"uv": [ 36.5, 37.0 ],
					"rotationOrigin": [ 6.8, 0.0, 0.0 ],
					"rotationZ": 15.0,
					"faces": {
						"north": { "texture": "#material", "uv": [ 36.5, 37.5, 37.0, 40.0 ] },
						"east": { "texture": "#material", "uv": [ 43.0, 37.5, 48.5, 40.0 ] },
						"south": { "texture": "#material", "uv": [ 42.5, 37.5, 43.0, 40.0 ] },
						"west": { "texture": "#material", "uv": [ 37.0, 37.5, 42.5, 40.0 ] },
						"up": { "texture": "#material", "uv": [ 37.0, 37.0, 42.5, 37.5 ], "rotation": 90 },
						"down": { "texture": "#material", "uv": [ 37.0, 40.0, 42.5, 40.5 ], "rotation": 90 }
					}
				},
				{
					"name": "H45",
					"from": [ 0.3, 1.7, 1.9 ], 
					"to": [ 0.7, 3.7, 3.9 ], 
					"unwrapMode": 4,
					"autoUnwrap": false,
					"uv": [ 33.5, 22.5 ],
					"rotationOrigin": [ 0.3, 2.7, 2.9 ],
					"rotationX": -41.0,
					"rotationY": 20.5,
					"rotationZ": -22.5,
					"faces": {
						"north": { "texture": "#material", "uv": [ 33.5, 23.0, 34.0, 25.0 ] },
						"east": { "texture": "#material", "uv": [ 34.0, 23.0, 36.0, 25.0 ] },
						"south": { "texture": "#material", "uv": [ 36.0, 23.0, 36.5, 25.0 ] },
						"west": { "texture": "#material", "uv": [ 34.0, 23.0, 36.0, 25.0 ] },
						"up": { "texture": "#material", "uv": [ 34.0, 22.5, 36.0, 23.0 ], "rotation": 90 },
						"down": { "texture": "#material", "uv": [ 34.0, 25.0, 36.0, 25.5 ], "rotation": 90 }
					}
				},
				{
					"name": "H46",
					"from": [ -0.5, 0.8, 1.6 ], 
					"to": [ 0.0, 1.8, 4.2 ], 
					"unwrapMode": 4,
					"autoUnwrap": false,
					"uv": [ 33.5, 26.0 ],
					"rotationOrigin": [ -0.5, 0.8, 1.6 ],
					"faces": {
						"north": { "texture": "#material", "uv": [ 33.5, 26.5, 34.0, 27.5 ] },
						"east": { "texture": "#material", "uv": [ 61.5, 53.0, 64.0, 54.0 ] },
						"south": { "texture": "#material", "uv": [ 36.5, 26.5, 37.0, 27.5 ] },
						"west": { "texture": "#material", "uv": [ 34.0, 26.5, 36.5, 27.5 ] },
						"up": { "texture": "#material", "uv": [ 34.0, 26.0, 36.5, 26.5 ], "rotation": 90 },
						"down": { "texture": "#material", "uv": [ 34.0, 27.5, 36.5, 28.0 ], "rotation": 90 }
					}
				},
				{
					"name": "H47",
					"from": [ -0.5, 0.9, 4.2 ], 
					"to": [ -0.1, 1.7, 5.8 ], 
					"unwrapMode": 4,
					"uv": [ 33.5, 28.5 ],
					"rotationOrigin": [ -0.5, 0.9, 4.2 ],
					"rotationX": -20.0,
					"rotationY": -3.0,
					"rotationZ": -8.0,
					"faces": {
						"north": { "texture": "#material", "uv": [ 33.5, 29.0, 34.0, 29.5 ] },
						"east": { "texture": "#material", "uv": [ 36.0, 29.0, 37.5, 29.5 ] },
						"south": { "texture": "#material", "uv": [ 35.5, 29.0, 36.0, 29.5 ] },
						"west": { "texture": "#material", "uv": [ 34.0, 29.0, 35.5, 29.5 ] },
						"up": { "texture": "#material", "uv": [ 34.0, 28.5, 35.5, 29.0 ], "rotation": 90 },
						"down": { "texture": "#material", "uv": [ 34.0, 29.5, 35.5, 30.0 ], "rotation": 90 }
					},
					"children": [
						{
							"name": "H49",
							"from": [ 0.1, 0.0, 1.6 ], 
							"to": [ 0.3, 0.6, 3.4 ], 
							"unwrapMode": 2,
							"uv": [ 33.5, 28.5 ],
							"rotationOrigin": [ 0.1, 0.0, 1.6 ],
							"rotationX": -55.0,
							"faces": {
								"north": { "texture": "#material", "uv": [ 35.5, 29.0, 36.0, 29.5 ] },
								"east": { "texture": "#material", "uv": [ 34.0, 29.0, 35.5, 29.5 ] },
								"south": { "texture": "#material", "uv": [ 33.5, 29.0, 34.0, 29.5 ] },
								"west": { "texture": "#material", "uv": [ 36.0, 29.0, 37.5, 29.5 ] },
								"up": { "texture": "#material", "uv": [ 34.0, 28.5, 35.5, 29.0 ], "rotation": 270 },
								"down": { "texture": "#material", "uv": [ 34.0, 29.5, 35.5, 30.0 ], "rotation": 270 }
							}
						}
					]
				},
				{
					"name": "H48",
					"from": [ -0.5, 0.9, 0.0 ], 
					"to": [ -0.1, 1.7, 1.6 ], 
					"unwrapMode": 2,
					"uv": [ 33.5, 28.5 ],
					"rotationOrigin": [ -0.5, 0.9, 1.6 ],
					"rotationX": 20.0,
					"rotationY": 3.0,
					"rotationZ": -8.0,
					"faces": {
						"north": { "texture": "#material", "uv": [ 35.5, 29.0, 36.0, 29.5 ] },
						"east": { "texture": "#material", "uv": [ 34.0, 29.0, 35.5, 29.5 ] },
						"south": { "texture": "#material", "uv": [ 33.5, 29.0, 34.0, 29.5 ] },
						"west": { "texture": "#material", "uv": [ 36.0, 29.0, 37.5, 29.5 ] },
						"up": { "texture": "#material", "uv": [ 34.0, 28.5, 35.5, 29.0 ], "rotation": 270 },
						"down": { "texture": "#material", "uv": [ 34.0, 29.5, 35.5, 30.0 ], "rotation": 270 }
					},
					"children": [
						{
							"name": "H50",
							"from": [ 0.1, 0.0, -1.8 ], 
							"to": [ 0.3, 0.6, 0.0 ], 
							"unwrapMode": 4,
							"uv": [ 33.5, 28.5 ],
							"rotationOrigin": [ 0.1, 0.0, 0.0 ],
							"rotationX": 55.0,
							"faces": {
								"north": { "texture": "#material", "uv": [ 33.5, 29.0, 34.0, 29.5 ] },
								"east": { "texture": "#material", "uv": [ 36.0, 29.0, 37.5, 29.5 ] },
								"south": { "texture": "#material", "uv": [ 35.5, 29.0, 36.0, 29.5 ] },
								"west": { "texture": "#material", "uv": [ 34.0, 29.0, 35.5, 29.5 ] },
								"up": { "texture": "#material", "uv": [ 34.0, 28.5, 35.5, 29.0 ], "rotation": 90 },
								"down": { "texture": "#material", "uv": [ 34.0, 29.5, 35.5, 30.0 ], "rotation": 90 }
							}
						}
					]
				}
			]
		}
	]}