{
	"editor": {
		"backDropShape": "D:/Vintagestory/assets/game/shapes/entity/humanoid/seraph-hairless",
		"allAngles": false,
		"entityTextureMode": true
	},
	"textureWidth": 64,
	"textureHeight": 64,
	"textureSizes": {
	},
	"textures": {
		"material": "entity/armor/samura/green"
	},
	"elements": [
		{
			"name": "LUR",
			"stepParentName": "UpperFootR",
			"from": [ -0.2, -0.1, -0.2 ], 
			"to": [ 4.4, 9.1, 3.4 ], 
			"unwrapMode": 4,
			"autoUnwrap": false,
			"uv": [ 0.0, 51.0 ],
			"rotationOrigin": [ -0.2, -0.1, -0.2 ],
			"faces": {
				"north": { "texture": "#material", "uv": [ 0.0, 55.0, 4.5, 64.0 ] },
				"east": { "texture": "#material", "uv": [ 10.5, 55.0, 14.0, 64.0 ] },
				"south": { "texture": "#material", "uv": [ 4.0, 55.0, 8.5, 64.0 ] },
				"west": { "texture": "#material", "uv": [ 0.0, 32.5, 3.5, 41.5 ] },
				"up": { "texture": "#material", "uv": [ 4.0, 51.0, 7.5, 55.5 ], "rotation": 90 },
				"down": { "texture": "#material", "uv": [ 10.5, 59.5, 14.0, 64.0 ], "rotation": 90 }
			},
			"children": [
				{
					"name": "BLT33",
					"from": [ -0.4, -1.2, 0.0 ], 
					"to": [ -0.2, 5.1, 3.5 ], 
					"unwrapMode": 2,
					"uv": [ 46.5, 12.0 ],
					"rotationOrigin": [ -0.4, 5.1, 0.0 ],
					"rotationX": 1.0,
					"rotationY": -4.0,
					"faces": {
						"north": { "texture": "#material", "uv": [ 50.5, 12.5, 51.0, 18.5 ] },
						"east": { "texture": "#material", "uv": [ 47.0, 12.5, 50.5, 18.5 ] },
						"south": { "texture": "#material", "uv": [ 46.5, 12.5, 47.0, 18.5 ] },
						"west": { "texture": "#material", "uv": [ 51.0, 12.5, 54.5, 18.5 ] },
						"up": { "texture": "#material", "uv": [ 47.0, 12.0, 50.5, 12.5 ], "rotation": 270 },
						"down": { "texture": "#material", "uv": [ 47.0, 18.5, 50.5, 19.0 ], "rotation": 270 }
					}
				},
				{
					"name": "BLT35",
					"from": [ -0.1, -1.2, -0.1 ], 
					"to": [ 4.7, 5.1, 0.1 ], 
					"unwrapMode": 3,
					"uv": [ 36.0, 12.0 ],
					"rotationOrigin": [ -0.1, 5.0, -0.1 ],
					"rotationX": 3.0,
					"rotationZ": 2.0,
					"faces": {
						"north": { "texture": "#material", "uv": [ 41.5, 12.5, 46.0, 18.5 ] },
						"east": { "texture": "#material", "uv": [ 41.0, 12.5, 41.5, 18.5 ] },
						"south": { "texture": "#material", "uv": [ 36.5, 12.5, 41.0, 18.5 ] },
						"west": { "texture": "#material", "uv": [ 36.0, 12.5, 36.5, 18.5 ] },
						"up": { "texture": "#material", "uv": [ 36.5, 12.0, 41.0, 12.5 ] },
						"down": { "texture": "#material", "uv": [ 36.5, 18.5, 41.0, 19.0 ], "rotation": 180 }
					}
				}
			]
		},
		{
			"name": "LLR",
			"stepParentName": "LowerFootR",
			"from": [ -0.2, 0.0, -0.2 ], 
			"to": [ 4.2, 9.5, 3.2 ], 
			"unwrapMode": 4,
			"autoUnwrap": false,
			"uv": [ 0.0, 17.0 ],
			"rotationOrigin": [ -0.2, 0.0, -0.2 ],
			"faces": {
				"north": { "texture": "#material", "uv": [ 0.0, 21.0, 4.0, 30.5 ] },
				"east": { "texture": "#material", "uv": [ 11.0, 21.0, 14.0, 30.5 ] },
				"south": { "texture": "#material", "uv": [ 7.0, 21.0, 11.0, 30.5 ] },
				"west": { "texture": "#material", "uv": [ 4.0, 21.0, 7.0, 30.5 ] },
				"up": { "texture": "#material", "uv": [ 4.0, 17.0, 7.0, 21.0 ], "rotation": 90 },
				"down": { "texture": "#material", "uv": [ 4.0, 17.0, 7.0, 21.0 ], "rotation": 90 }
			},
			"children": [
				{
					"name": "LLR51",
					"from": [ -0.3, 2.0, 0.3 ], 
					"to": [ 0.0, 6.5, 3.1 ], 
					"unwrapMode": 4,
					"uv": [ 57.5, 33.5 ],
					"rotationOrigin": [ -0.3, 2.0, 0.3 ],
					"faces": {
						"north": { "texture": "#material", "uv": [ 57.5, 34.0, 58.0, 38.5 ] },
						"east": { "texture": "#material", "uv": [ 61.0, 34.0, 63.5, 38.5 ] },
						"south": { "texture": "#material", "uv": [ 60.5, 34.0, 61.0, 38.5 ] },
						"west": { "texture": "#material", "uv": [ 58.0, 34.0, 60.5, 38.5 ] },
						"up": { "texture": "#material", "uv": [ 58.0, 33.5, 60.5, 34.0 ], "rotation": 90 },
						"down": { "texture": "#material", "uv": [ 58.0, 38.5, 60.5, 39.0 ], "rotation": 90 }
					}
				},
				{
					"name": "LLR52",
					"from": [ -0.2, 6.3, 0.5 ], 
					"to": [ 0.1, 7.5, 2.9 ], 
					"unwrapMode": 4,
					"uv": [ 58.0, 39.5 ],
					"rotationOrigin": [ -0.2, 6.3, 0.5 ],
					"rotationZ": 20.0,
					"faces": {
						"north": { "texture": "#material", "uv": [ 58.0, 40.0, 58.5, 41.0 ] },
						"east": { "texture": "#material", "uv": [ 61.0, 40.0, 63.0, 41.0 ] },
						"south": { "texture": "#material", "uv": [ 60.5, 40.0, 61.0, 41.0 ] },
						"west": { "texture": "#material", "uv": [ 58.5, 40.0, 60.5, 41.0 ] },
						"up": { "texture": "#material", "uv": [ 58.5, 39.5, 60.5, 40.0 ], "rotation": 90 },
						"down": { "texture": "#material", "uv": [ 58.5, 41.0, 60.5, 41.5 ], "rotation": 90 }
					}
				},
				{
					"name": "LLR53",
					"from": [ -0.1, 2.7, -0.1 ], 
					"to": [ 4.5, 3.2, 3.5 ], 
					"unwrapMode": 4,
					"autoUnwrap": false,
					"uv": [ 0.0, 1.0 ],
					"rotationOrigin": [ -0.1, 2.7, -0.1 ],
					"faces": {
						"north": { "texture": "#material", "uv": [ 0.0, 5.0, 4.5, 5.5 ] },
						"east": { "texture": "#material", "uv": [ 11.0, 5.0, 14.5, 5.5 ] },
						"south": { "texture": "#material", "uv": [ 7.0, 5.0, 11.5, 5.5 ] },
						"west": { "texture": "#material", "uv": [ 4.0, 5.0, 7.5, 5.5 ] },
						"up": { "texture": "#material", "uv": [ 3.5, 6.0, 7.0, 10.5 ], "rotation": 90 },
						"down": { "texture": "#material", "uv": [ 0.0, 6.0, 3.5, 10.5 ], "rotation": 90 }
					}
				},
				{
					"name": "LLR54",
					"from": [ -0.1, 5.7, -0.1 ], 
					"to": [ 4.5, 6.2, 3.5 ], 
					"unwrapMode": 4,
					"autoUnwrap": false,
					"uv": [ 0.0, 0.0 ],
					"rotationOrigin": [ -0.1, 5.7, -0.1 ],
					"faces": {
						"north": { "texture": "#material", "uv": [ 0.0, 4.0, 4.5, 4.5 ] },
						"east": { "texture": "#material", "uv": [ 11.0, 4.0, 14.5, 4.5 ] },
						"south": { "texture": "#material", "uv": [ 7.0, 4.0, 11.5, 4.5 ] },
						"west": { "texture": "#material", "uv": [ 4.0, 4.0, 7.5, 4.5 ] },
						"up": { "texture": "#material", "uv": [ 3.5, 6.0, 7.0, 10.5 ], "rotation": 90 },
						"down": { "texture": "#material", "uv": [ 3.5, 6.0, 7.0, 10.5 ], "rotation": 90 }
					}
				},
				{
					"name": "LLR55",
					"from": [ -0.2, -0.1, -0.2 ], 
					"to": [ 4.6, 1.4, 3.6 ], 
					"unwrapMode": 4,
					"autoUnwrap": false,
					"uv": [ 46.0, 42.0 ],
					"rotationOrigin": [ -0.2, -0.1, -0.2 ],
					"faces": {
						"north": { "texture": "#material", "uv": [ 46.0, 46.5, 50.5, 48.0 ] },
						"east": { "texture": "#material", "uv": [ 58.5, 46.5, 62.0, 48.0 ] },
						"south": { "texture": "#material", "uv": [ 54.0, 46.5, 58.5, 48.0 ] },
						"west": { "texture": "#material", "uv": [ 50.5, 46.5, 54.0, 48.0 ] },
						"up": { "texture": "#material", "uv": [ 46.0, 41.5, 49.5, 46.0 ], "rotation": 90 },
						"down": { "texture": "#material", "uv": [ 50.5, 48.0, 54.0, 52.5 ], "rotation": 90 }
					}
				},
				{
					"name": "LLR56",
					"from": [ -0.6, 5.6, 1.3 ], 
					"to": [ -0.3, 6.4, 2.1 ], 
					"unwrapMode": 1,
					"uv": [ 12.5, 0.0 ],
					"rotationOrigin": [ -0.6, 6.0, 1.7 ],
					"rotationX": -45.0,
					"faces": {
						"north": { "texture": "#material", "uv": [ 13.0, 0.5, 13.5, 1.0 ] },
						"east": { "texture": "#material", "uv": [ 12.5, 0.5, 13.0, 1.0 ] },
						"south": { "texture": "#material", "uv": [ 14.0, 0.5, 14.5, 1.0 ] },
						"west": { "texture": "#material", "uv": [ 13.5, 0.5, 14.0, 1.0 ] },
						"up": { "texture": "#material", "uv": [ 13.0, 0.0, 13.5, 0.5 ], "rotation": 180 },
						"down": { "texture": "#material", "uv": [ 13.0, 1.0, 13.5, 1.5 ] }
					}
				},
				{
					"name": "LLR57",
					"from": [ -0.5, 5.9, 1.7 ], 
					"to": [ -0.3, 6.2, 2.7 ], 
					"unwrapMode": 4,
					"uv": [ 7.5, 0.0 ],
					"rotationOrigin": [ -0.5, 5.9, 1.7 ],
					"rotationX": 73.5,
					"rotationY": -5.0,
					"faces": {
						"north": { "texture": "#material", "uv": [ 7.5, 0.5, 8.0, 1.0 ] },
						"east": { "texture": "#material", "uv": [ 9.5, 0.5, 10.5, 1.0 ] },
						"south": { "texture": "#material", "uv": [ 9.0, 0.5, 9.5, 1.0 ] },
						"west": { "texture": "#material", "uv": [ 8.0, 0.5, 9.0, 1.0 ] },
						"up": { "texture": "#material", "uv": [ 8.0, 0.0, 9.0, 0.5 ], "rotation": 90 },
						"down": { "texture": "#material", "uv": [ 8.0, 1.0, 9.0, 1.5 ], "rotation": 90 }
					}
				},
				{
					"name": "LLR58",
					"from": [ -0.5, 6.2, 1.5 ], 
					"to": [ -0.3, 6.5, 2.5 ], 
					"unwrapMode": 2,
					"uv": [ 11.0, 0.0 ],
					"rotationOrigin": [ -0.5, 6.2, 1.5 ],
					"rotationX": 112.5,
					"rotationY": -5.0,
					"faces": {
						"north": { "texture": "#material", "uv": [ 12.5, 0.5, 13.0, 1.0 ] },
						"east": { "texture": "#material", "uv": [ 11.5, 0.5, 12.5, 1.0 ] },
						"south": { "texture": "#material", "uv": [ 11.0, 0.5, 11.5, 1.0 ] },
						"west": { "texture": "#material", "uv": [ 13.0, 0.5, 14.0, 1.0 ] },
						"up": { "texture": "#material", "uv": [ 11.5, 0.0, 12.5, 0.5 ], "rotation": 270 },
						"down": { "texture": "#material", "uv": [ 11.5, 1.0, 12.5, 1.5 ], "rotation": 270 }
					}
				}
			]
		},
		{
			"name": "LUL",
			"stepParentName": "UpperFootL",
			"from": [ -0.2, -0.1, -0.2 ], 
			"to": [ 4.4, 9.1, 3.4 ], 
			"unwrapMode": 2,
			"autoUnwrap": false,
			"uv": [ 0.0, 50.0 ],
			"rotationOrigin": [ -0.2, -0.1, -0.2 ],
			"faces": {
				"north": { "texture": "#material", "uv": [ 8.0, 55.0, 12.5, 64.0 ] },
				"east": { "texture": "#material", "uv": [ 4.5, 55.0, 8.0, 64.0 ] },
				"south": { "texture": "#material", "uv": [ 0.0, 55.0, 4.5, 64.0 ] },
				"west": { "texture": "#material", "uv": [ 3.5, 32.5, 7.0, 41.5 ] },
				"up": { "texture": "#material", "uv": [ 4.5, 50.0, 8.0, 54.5 ], "rotation": 270 },
				"down": { "texture": "#material", "uv": [ 8.0, 50.0, 11.5, 54.5 ], "rotation": 270 }
			},
			"children": [
				{
					"name": "BLT34",
					"from": [ -0.4, -1.2, 0.1 ], 
					"to": [ -0.2, 5.1, 3.6 ], 
					"unwrapMode": 4,
					"uv": [ 46.5, 12.0 ],
					"rotationOrigin": [ -0.4, 5.1, 3.6 ],
					"rotationX": -1.0,
					"rotationY": 4.0,
					"faces": {
						"north": { "texture": "#material", "uv": [ 46.5, 12.5, 47.0, 18.5 ] },
						"east": { "texture": "#material", "uv": [ 51.0, 12.5, 54.5, 18.5 ] },
						"south": { "texture": "#material", "uv": [ 50.5, 12.5, 51.0, 18.5 ] },
						"west": { "texture": "#material", "uv": [ 47.0, 12.5, 50.5, 18.5 ] },
						"up": { "texture": "#material", "uv": [ 47.0, 12.0, 50.5, 12.5 ], "rotation": 90 },
						"down": { "texture": "#material", "uv": [ 47.0, 18.5, 50.5, 19.0 ], "rotation": 90 }
					}
				},
				{
					"name": "BLT36",
					"from": [ -0.1, -1.2, 3.5 ], 
					"to": [ 4.7, 5.1, 3.7 ], 
					"unwrapMode": 3,
					"uv": [ 36.0, 12.0 ],
					"rotationOrigin": [ -0.1, 5.1, 3.5 ],
					"rotationX": -3.0,
					"rotationY": -1.3340212490220438E-8,
					"rotationZ": 2.0,
					"faces": {
						"north": { "texture": "#material", "uv": [ 41.5, 12.5, 46.0, 18.5 ] },
						"east": { "texture": "#material", "uv": [ 41.0, 12.5, 41.5, 18.5 ] },
						"south": { "texture": "#material", "uv": [ 36.5, 12.5, 41.0, 18.5 ] },
						"west": { "texture": "#material", "uv": [ 36.0, 12.5, 36.5, 18.5 ] },
						"up": { "texture": "#material", "uv": [ 36.5, 12.0, 41.0, 12.5 ] },
						"down": { "texture": "#material", "uv": [ 36.5, 18.5, 41.0, 19.0 ], "rotation": 180 }
					}
				}
			]
		},
		{
			"name": "LLL",
			"stepParentName": "LowerFootL",
			"from": [ -0.2, 0.0, -0.2 ], 
			"to": [ 4.2, 9.5, 3.2 ], 
			"unwrapMode": 2,
			"autoUnwrap": false,
			"uv": [ 0.0, 17.0 ],
			"rotationOrigin": [ -0.2, 0.0, -0.2 ],
			"faces": {
				"north": { "texture": "#material", "uv": [ 7.0, 21.0, 11.0, 30.5 ] },
				"east": { "texture": "#material", "uv": [ 4.0, 21.0, 7.0, 30.5 ] },
				"south": { "texture": "#material", "uv": [ 0.0, 21.0, 4.0, 30.5 ] },
				"west": { "texture": "#material", "uv": [ 11.0, 21.0, 14.0, 30.5 ] },
				"up": { "texture": "#material", "uv": [ 4.0, 17.0, 7.0, 21.0 ], "rotation": 270 },
				"down": { "texture": "#material", "uv": [ 4.0, 17.0, 7.0, 21.0 ], "rotation": 270 }
			},
			"children": [
				{
					"name": "LLR72",
					"from": [ -0.3, 2.0, 0.3 ], 
					"to": [ 0.0, 6.5, 3.1 ], 
					"unwrapMode": 4,
					"uv": [ 57.5, 33.5 ],
					"rotationOrigin": [ -0.3, 2.0, 0.3 ],
					"faces": {
						"north": { "texture": "#material", "uv": [ 57.5, 34.0, 58.0, 38.5 ] },
						"east": { "texture": "#material", "uv": [ 61.0, 34.0, 63.5, 38.5 ] },
						"south": { "texture": "#material", "uv": [ 60.5, 34.0, 61.0, 38.5 ] },
						"west": { "texture": "#material", "uv": [ 58.0, 34.0, 60.5, 38.5 ] },
						"up": { "texture": "#material", "uv": [ 58.0, 33.5, 60.5, 34.0 ], "rotation": 90 },
						"down": { "texture": "#material", "uv": [ 58.0, 38.5, 60.5, 39.0 ], "rotation": 90 }
					}
				},
				{
					"name": "LLR73",
					"from": [ -0.2, 6.3, 0.5 ], 
					"to": [ 0.1, 7.5, 2.9 ], 
					"unwrapMode": 4,
					"uv": [ 58.0, 39.5 ],
					"rotationOrigin": [ -0.2, 6.3, 0.5 ],
					"rotationZ": 20.0,
					"faces": {
						"north": { "texture": "#material", "uv": [ 58.0, 40.0, 58.5, 41.0 ] },
						"east": { "texture": "#material", "uv": [ 61.0, 40.0, 63.0, 41.0 ] },
						"south": { "texture": "#material", "uv": [ 60.5, 40.0, 61.0, 41.0 ] },
						"west": { "texture": "#material", "uv": [ 58.5, 40.0, 60.5, 41.0 ] },
						"up": { "texture": "#material", "uv": [ 58.5, 39.5, 60.5, 40.0 ], "rotation": 90 },
						"down": { "texture": "#material", "uv": [ 58.5, 41.0, 60.5, 41.5 ], "rotation": 90 }
					}
				},
				{
					"name": "LLR74",
					"from": [ -0.1, 2.7, -0.1 ], 
					"to": [ 4.5, 3.2, 3.5 ], 
					"unwrapMode": 4,
					"autoUnwrap": false,
					"uv": [ 0.0, 1.5 ],
					"rotationOrigin": [ -0.1, 2.7, -0.1 ],
					"faces": {
						"north": { "texture": "#material", "uv": [ 0.0, 5.5, 4.5, 6.0 ] },
						"east": { "texture": "#material", "uv": [ 11.0, 5.5, 14.5, 6.0 ] },
						"south": { "texture": "#material", "uv": [ 7.0, 5.5, 11.5, 6.0 ] },
						"west": { "texture": "#material", "uv": [ 4.0, 5.5, 7.5, 6.0 ] },
						"up": { "texture": "#material", "uv": [ 3.5, 6.0, 7.0, 10.5 ], "rotation": 90 },
						"down": { "texture": "#material", "uv": [ 0.0, 6.0, 3.5, 10.5 ], "rotation": 90 }
					}
				},
				{
					"name": "LLR75",
					"from": [ -0.1, 5.7, -0.1 ], 
					"to": [ 4.5, 6.2, 3.5 ], 
					"unwrapMode": 4,
					"autoUnwrap": false,
					"uv": [ 0.0, 0.5 ],
					"rotationOrigin": [ -0.1, 5.7, -0.1 ],
					"faces": {
						"north": { "texture": "#material", "uv": [ 0.0, 4.5, 4.5, 5.0 ] },
						"east": { "texture": "#material", "uv": [ 11.0, 4.5, 14.5, 5.0 ] },
						"south": { "texture": "#material", "uv": [ 7.0, 4.5, 11.5, 5.0 ] },
						"west": { "texture": "#material", "uv": [ 4.0, 4.5, 7.5, 5.0 ] },
						"up": { "texture": "#material", "uv": [ 3.5, 6.0, 7.0, 10.5 ], "rotation": 90 },
						"down": { "texture": "#material", "uv": [ 0.0, 6.0, 3.5, 10.5 ], "rotation": 90 }
					}
				},
				{
					"name": "LLR76",
					"from": [ -0.2, -0.1, -0.2 ], 
					"to": [ 4.6, 1.4, 3.6 ], 
					"unwrapMode": 4,
					"autoUnwrap": false,
					"uv": [ 46.0, 42.0 ],
					"rotationOrigin": [ -0.2, -0.1, -0.2 ],
					"faces": {
						"north": { "texture": "#material", "uv": [ 46.0, 46.5, 50.5, 48.0 ] },
						"east": { "texture": "#material", "uv": [ 58.5, 46.5, 62.0, 48.0 ] },
						"south": { "texture": "#material", "uv": [ 54.0, 46.5, 58.5, 48.0 ] },
						"west": { "texture": "#material", "uv": [ 50.5, 46.5, 54.0, 48.0 ] },
						"up": { "texture": "#material", "uv": [ 46.0, 41.5, 49.5, 46.0 ], "rotation": 90 },
						"down": { "texture": "#material", "uv": [ 50.5, 48.0, 54.0, 52.5 ], "rotation": 90 }
					}
				},
				{
					"name": "LLR77",
					"from": [ -0.6, 5.6, 1.3 ], 
					"to": [ -0.3, 6.4, 2.1 ], 
					"unwrapMode": 4,
					"uv": [ 14.5, 0.0 ],
					"rotationOrigin": [ -0.6, 6.0, 1.7 ],
					"rotationX": -45.0,
					"faces": {
						"north": { "texture": "#material", "uv": [ 14.5, 0.5, 15.0, 1.0 ] },
						"east": { "texture": "#material", "uv": [ 16.0, 0.5, 16.5, 1.0 ] },
						"south": { "texture": "#material", "uv": [ 15.5, 0.5, 16.0, 1.0 ] },
						"west": { "texture": "#material", "uv": [ 15.0, 0.5, 15.5, 1.0 ] },
						"up": { "texture": "#material", "uv": [ 15.0, 0.0, 15.5, 0.5 ], "rotation": 90 },
						"down": { "texture": "#material", "uv": [ 15.0, 1.0, 15.5, 1.5 ], "rotation": 90 }
					}
				},
				{
					"name": "LLR78",
					"from": [ -0.5, 5.9, 1.6 ], 
					"to": [ -0.3, 6.2, 2.4 ], 
					"unwrapMode": 2,
					"uv": [ 8.0, 1.5 ],
					"rotationOrigin": [ -0.5, 5.9, 1.6 ],
					"rotationX": 67.5,
					"rotationY": -5.0,
					"faces": {
						"north": { "texture": "#material", "uv": [ 9.0, 2.0, 9.5, 2.5 ] },
						"east": { "texture": "#material", "uv": [ 8.5, 2.0, 9.0, 2.5 ] },
						"south": { "texture": "#material", "uv": [ 8.0, 2.0, 8.5, 2.5 ] },
						"west": { "texture": "#material", "uv": [ 9.5, 2.0, 10.0, 2.5 ] },
						"up": { "texture": "#material", "uv": [ 8.5, 1.5, 9.0, 2.0 ], "rotation": 270 },
						"down": { "texture": "#material", "uv": [ 8.5, 2.5, 9.0, 3.0 ], "rotation": 270 }
					}
				},
				{
					"name": "LLR79",
					"from": [ -0.5, 6.2, 1.5 ], 
					"to": [ -0.3, 6.5, 2.6 ], 
					"unwrapMode": 2,
					"uv": [ 6.0, 1.5 ],
					"rotationOrigin": [ -0.5, 6.2, 1.5 ],
					"rotationX": 108.5,
					"rotationY": -5.0,
					"faces": {
						"north": { "texture": "#material", "uv": [ 7.5, 2.0, 8.0, 2.5 ] },
						"east": { "texture": "#material", "uv": [ 6.5, 2.0, 7.5, 2.5 ] },
						"south": { "texture": "#material", "uv": [ 6.0, 2.0, 6.5, 2.5 ] },
						"west": { "texture": "#material", "uv": [ 8.0, 2.0, 9.0, 2.5 ] },
						"up": { "texture": "#material", "uv": [ 6.5, 1.5, 7.5, 2.0 ], "rotation": 270 },
						"down": { "texture": "#material", "uv": [ 6.5, 2.5, 7.5, 3.0 ], "rotation": 270 }
					}
				}
			]
		}
	]}