{
	"ingredient": { 
	"type": "item",
	"code": "game:clay-*",
	"name": "type",
	"allowedVariants": ["blue", "fire"]
	},
	"pattern": [[
		"##############",
		"##############",
		"##############",
		"##############",
		"##############",
		"##############",
		"##############",
		"##############",
		"##############",
		"##############",
		"##############",
		"##############",
		"##############",
		"##############",
	],
	[
		"##############",
		"#__###########",
		"#__###########",
		"###___########",
		"###___########",
		"###____#######",
		"#####___######",
		"######___#####",
		"#######___####",
		"########___###",
		"#########___##",
		"##########___#",
		"###########__#",
		"##############",
	]],
	"name": "Bages Mold",
	"output": {
	"type": "block",
	"code": "tonwexp:toolmold-raw-bages"  }
}