{
	"ingredient": { 
	"type": "item",
	"code": "game:clay-*",
	"name": "type",
	"allowedVariants": ["blue", "fire"]
	},
	"pattern": [[
		"##############",
		"##############",
		"##############",
		"##############",
		"##############",
		"##############",
		"##############",
		"##############",
		"##############",
		"##############",
		"##############",
		"##############",
		"##############",
		"##############",
	],
	[
		"##############",
		"##############",
		"######__######",
		"####______####",
		"####______####",
		"####______####",
		"####______####",
		"####______####",
		"####______####",
		"####______####",
		"#####____#####",
		"##############",
		"##############",
		"##############",
	]],
	"name": "Mace Mold",
	"output": {
	"type": "block",
	"code": "tonwexp:toolmold-raw-macehead"  }
}