{
	"ingredient": { 
	"type": "item",
	"code": "game:clay-*",
	"name": "type",
	"allowedVariants": ["blue", "fire"]
	},
	"pattern": [[
		"##############",
		"##############",
		"##############",
		"##############",
		"##############",
		"##############",
		"##############",
		"##############",
		"##############",
		"##############",
		"##############",
		"##############",
		"##############",
		"##############",
	],
	[
		"##############",
		"############_#",
		"##########__##",
		"########____##",
		"#######____###",
		"#####______###",
		"####______####",
		"###______#####",
		"##_______#####",
		"###_____######",
		"##_____#######",
		"#___#_########",
		"##_###########",
		"##############",
	]],
	"name": "Spear Mold",
	"output": {
	"type": "block",
	"code": "tonwexp:toolmold-raw-spearhead"  }
}