{
	"editor": {
		"allAngles": false,
		"entityTextureMode": false
	},
	"textureWidth": 16,
	"textureHeight": 16,
	"textureSizes": {
	},
	"textures": {
		"handle": "game:block/wood-generic",
		"blade": "game:block/metal/ingot/steel"
	},
	"elements": [
		{
			"name": "Origin",
			"from": [ 16.0, -2.0, 8.0 ], 
			"to": [ 16.0, -2.0, 8.0 ], 
			"rotationOrigin": [ 16.0, -2.0, 8.0 ],
			"rotationZ": -90.0,
			"faces": {
				"north": { "texture": "#blade", "uv": [ 8.5, 7.0, 9.0, 7.5 ] },
				"east": { "texture": "#blade", "uv": [ 14.5, 11.0, 15.0, 11.5 ] },
				"south": { "texture": "#blade", "uv": [ 6.5, 11.0, 7.0, 11.5 ] },
				"west": { "texture": "#blade", "uv": [ 1.0, 3.5, 1.5, 4.0 ] },
				"up": { "texture": "#blade", "uv": [ 5.0, 12.0, 5.5, 12.5 ] },
				"down": { "texture": "#blade", "uv": [ 11.5, 12.0, 12.0, 12.5 ] }
			},
			"children": [
				{
					"name": "Blade",
					"from": [ 0.0, 0.0, 0.0 ], 
					"to": [ 0.0, 0.0, 0.0 ], 
					"faces": {
						"north": { "texture": "#blade", "uv": [ 13.0, 7.0, 13.5, 7.5 ] },
						"east": { "texture": "#blade", "uv": [ 4.0, 8.5, 4.5, 9.0 ] },
						"south": { "texture": "#blade", "uv": [ 15.0, 5.0, 15.5, 5.5 ] },
						"west": { "texture": "#blade", "uv": [ 6.5, 3.0, 7.0, 3.5 ] },
						"up": { "texture": "#blade", "uv": [ 4.5, 12.5, 5.0, 13.0 ] },
						"down": { "texture": "#blade", "uv": [ 7.0, 3.5, 7.5, 4.0 ] }
					},
					"children": [
						{
							"name": "Cube1",
							"from": [ -2.0, 1.0, 0.0 ], 
							"to": [ 6.0, 5.0, 2.0 ], 
							"rotationOrigin": [ -2.0, 1.0, 0.0 ],
							"faces": {
								"north": { "texture": "#blade", "uv": [ 1.0, 8.0, 9.0, 12.0 ] },
								"east": { "texture": "#blade", "uv": [ 0.5, 9.5, 2.5, 13.5 ] },
								"south": { "texture": "#blade", "uv": [ 2.5, 8.5, 10.5, 12.5 ] },
								"west": { "texture": "#blade", "uv": [ 3.0, 1.0, 5.0, 5.0 ] },
								"up": { "texture": "#blade", "uv": [ 2.0, 13.5, 10.0, 15.5 ] },
								"down": { "texture": "#blade", "uv": [ 0.5, 2.0, 8.5, 4.0 ] }
							}
						},
						{
							"name": "Cube5",
							"from": [ 6.0, -2.0, 0.1 ], 
							"to": [ 8.0, 2.0, 1.9 ], 
							"rotationOrigin": [ 6.0, -2.0, 0.1 ],
							"faces": {
								"north": { "texture": "#blade", "uv": [ 9.0, 7.5, 11.0, 11.5 ] },
								"east": { "texture": "#blade", "uv": [ 5.0, 2.0, 6.5, 6.0 ] },
								"south": { "texture": "#blade", "uv": [ 5.5, 2.0, 7.5, 6.0 ] },
								"west": { "texture": "#blade", "uv": [ 13.0, 7.5, 14.5, 11.5 ] },
								"up": { "texture": "#blade", "uv": [ 4.5, 0.0, 6.5, 1.5 ] },
								"down": { "texture": "#blade", "uv": [ 9.0, 3.0, 11.0, 4.5 ] }
							},
							"children": [
								{
									"name": "Cube6",
									"from": [ 0.0, -4.0, 0.1 ], 
									"to": [ 2.0, 0.0, 1.7 ], 
									"rotationOrigin": [ 2.0, 0.0, 0.1 ],
									"rotationZ": -15.0,
									"faces": {
										"north": { "texture": "#blade", "uv": [ 1.5, 6.5, 3.5, 10.5 ] },
										"east": { "texture": "#blade", "uv": [ 2.0, 10.0, 3.5, 14.0 ] },
										"south": { "texture": "#blade", "uv": [ 6.5, 3.0, 8.5, 7.0 ] },
										"west": { "texture": "#blade", "uv": [ 7.0, 0.0, 8.5, 4.0 ] },
										"up": { "texture": "#blade", "uv": [ 5.0, 10.0, 7.0, 11.5 ] },
										"down": { "texture": "#blade", "uv": [ 7.5, 13.5, 9.5, 15.0 ] }
									}
								}
							]
						},
						{
							"name": "Cube7",
							"from": [ 8.0, -2.0, 0.6 ], 
							"to": [ 10.0, 2.0, 1.4 ], 
							"rotationOrigin": [ 8.0, -2.0, 0.6 ],
							"faces": {
								"north": { "texture": "#blade", "uv": [ 7.5, 2.0, 9.5, 6.0 ] },
								"east": { "texture": "#blade", "uv": [ 1.5, 4.0, 2.0, 8.0 ] },
								"south": { "texture": "#blade", "uv": [ 7.5, 9.5, 9.5, 13.5 ] },
								"west": { "texture": "#blade", "uv": [ 14.5, 8.0, 15.0, 12.0 ] },
								"up": { "texture": "#blade", "uv": [ 10.0, 0.5, 12.0, 1.0 ] },
								"down": { "texture": "#blade", "uv": [ 11.0, 3.5, 13.0, 4.0 ] }
							},
							"children": [
								{
									"name": "Cube8",
									"from": [ -0.2, -4.5, 0.1 ], 
									"to": [ 1.8, 0.1, 0.7 ], 
									"rotationOrigin": [ 1.8, -0.5, 0.1 ],
									"rotationZ": -15.0,
									"faces": {
										"north": { "texture": "#blade", "uv": [ 11.0, 4.0, 13.0, 8.5 ] },
										"east": { "texture": "#blade", "uv": [ 6.5, 2.0, 7.0, 6.5 ] },
										"south": { "texture": "#blade", "uv": [ 3.0, 8.0, 5.0, 12.5 ] },
										"west": { "texture": "#blade", "uv": [ 1.0, 1.5, 1.5, 6.0 ] },
										"up": { "texture": "#blade", "uv": [ 2.5, 0.0, 4.5, 0.5 ] },
										"down": { "texture": "#blade", "uv": [ 11.5, 5.0, 13.5, 5.5 ] }
									}
								}
							]
						},
						{
							"name": "Cube9",
							"from": [ -2.2, 0.0, 0.2 ], 
							"to": [ 3.8, 3.0, 1.8 ], 
							"rotationOrigin": [ -2.2, 0.0, 0.2 ],
							"rotationZ": -9.0,
							"faces": {
								"north": { "texture": "#blade", "uv": [ 0.0, 4.5, 6.0, 7.5 ] },
								"east": { "texture": "#blade", "uv": [ 1.5, 4.5, 3.0, 7.5 ] },
								"south": { "texture": "#blade", "uv": [ 7.5, 5.0, 13.5, 8.0 ] },
								"west": { "texture": "#blade", "uv": [ 9.0, 1.0, 10.5, 4.0 ] },
								"up": { "texture": "#blade", "uv": [ 1.5, 4.0, 7.5, 5.5 ] },
								"down": { "texture": "#blade", "uv": [ 5.0, 8.5, 11.0, 10.0 ] }
							},
							"children": [
								{
									"name": "Cube10",
									"from": [ 6.5, -1.3, 0.02 ], 
									"to": [ 13.5, -0.3, 1.58 ], 
									"rotationOrigin": [ 8.5, 1.7, 0.0 ],
									"rotationZ": -64.0,
									"faces": {
										"north": { "texture": "#blade", "uv": [ 2.5, 2.0, 9.5, 3.0 ] },
										"east": { "texture": "#blade", "uv": [ 10.5, 8.0, 12.0, 9.0 ] },
										"south": { "texture": "#blade", "uv": [ 7.5, 5.5, 14.5, 6.5 ] },
										"west": { "texture": "#blade", "uv": [ 0.0, 4.0, 1.5, 5.0 ] },
										"up": { "texture": "#blade", "uv": [ 6.0, 9.0, 13.0, 10.5 ] },
										"down": { "texture": "#blade", "uv": [ 3.0, 11.5, 10.0, 13.0 ] }
									}
								}
							]
						},
						{
							"name": "Cube11",
							"from": [ 5.0, -4.0, 0.24 ], 
							"to": [ 7.0, 2.0, 1.76 ], 
							"rotationOrigin": [ 5.0, -4.0, 0.2 ],
							"rotationZ": 11.0,
							"faces": {
								"north": { "texture": "#blade", "uv": [ 7.0, 9.0, 9.0, 15.0 ] },
								"east": { "texture": "#blade", "uv": [ 2.0, 6.0, 3.5, 12.0 ] },
								"south": { "texture": "#blade", "uv": [ 8.0, 8.5, 10.0, 14.5 ] },
								"west": { "texture": "#blade", "uv": [ 5.5, 5.5, 7.0, 11.5 ] },
								"up": { "texture": "#blade", "uv": [ 2.5, 12.0, 4.5, 13.5 ] },
								"down": { "texture": "#blade", "uv": [ 8.0, 9.5, 10.0, 11.0 ] }
							}
						},
						{
							"name": "Cube22",
							"from": [ -2.6, -0.1, -0.4 ], 
							"to": [ -1.9, 6.1, 2.4 ], 
							"rotationOrigin": [ -2.6, -0.1, -0.4 ],
							"faces": {
								"north": { "texture": "#blade", "uv": [ 10.5, 6.0, 11.0, 12.0 ] },
								"east": { "texture": "#blade", "uv": [ 13.0, 4.5, 15.5, 10.5 ] },
								"south": { "texture": "#blade", "uv": [ 3.0, 4.5, 3.5, 10.5 ] },
								"west": { "texture": "#blade", "uv": [ 9.0, 5.0, 11.5, 11.0 ] },
								"up": { "texture": "#blade", "uv": [ 14.5, 7.5, 15.0, 10.0 ] },
								"down": { "texture": "#blade", "uv": [ 14.0, 5.0, 14.5, 7.5 ] }
							}
						},
						{
							"name": "Cube23",
							"from": [ -8.6, -0.1, -0.4 ], 
							"to": [ -7.9, 6.1, 2.4 ], 
							"rotationOrigin": [ -8.6, -0.1, -0.4 ],
							"faces": {
								"north": { "texture": "#blade", "uv": [ 2.0, 2.5, 2.5, 8.5 ] },
								"east": { "texture": "#blade", "uv": [ 5.0, 5.5, 7.5, 11.5 ] },
								"south": { "texture": "#blade", "uv": [ 12.5, 8.0, 13.0, 14.0 ] },
								"west": { "texture": "#blade", "uv": [ 1.5, 9.0, 4.0, 15.0 ] },
								"up": { "texture": "#blade", "uv": [ 4.0, 6.5, 4.5, 9.0 ] },
								"down": { "texture": "#blade", "uv": [ 10.5, 11.0, 11.0, 13.5 ] }
							}
						},
						{
							"name": "Cube24",
							"from": [ -7.9, -0.1, -0.7 ], 
							"to": [ -2.6, 6.1, 2.7 ], 
							"rotationOrigin": [ -7.9, -0.1, -0.7 ],
							"faces": {
								"north": { "texture": "#blade", "uv": [ 0.0, 4.5, 5.0, 10.5 ] },
								"east": { "texture": "#blade", "uv": [ 2.5, 8.5, 5.5, 14.5 ] },
								"south": { "texture": "#blade", "uv": [ 9.5, 4.5, 14.5, 10.5 ] },
								"west": { "texture": "#blade", "uv": [ 12.0, 6.5, 15.0, 12.5 ] },
								"up": { "texture": "#blade", "uv": [ 4.0, 10.5, 9.0, 13.5 ] },
								"down": { "texture": "#blade", "uv": [ 6.5, 11.0, 11.5, 14.0 ] }
							}
						},
						{
							"name": "Cube25",
							"from": [ -7.7, 6.1, -0.4 ], 
							"to": [ -2.7, 6.7, 2.6 ], 
							"rotationOrigin": [ -7.7, 6.1, -0.4 ],
							"faces": {
								"north": { "texture": "#blade", "uv": [ 7.0, 0.0, 12.0, 0.5 ] },
								"east": { "texture": "#blade", "uv": [ 5.0, 8.0, 8.0, 8.5 ] },
								"south": { "texture": "#blade", "uv": [ 5.5, 14.5, 10.5, 15.0 ] },
								"west": { "texture": "#blade", "uv": [ 4.0, 13.0, 7.0, 13.5 ] },
								"up": { "texture": "#blade", "uv": [ 10.5, 9.5, 15.5, 12.5 ] },
								"down": { "texture": "#blade", "uv": [ 5.0, 1.0, 10.0, 4.0 ] }
							}
						},
						{
							"name": "Cube26",
							"from": [ -7.4, 6.7, 0.2 ], 
							"to": [ -3.0, 7.6, 2.0 ], 
							"rotationOrigin": [ -7.4, 6.7, 0.2 ],
							"faces": {
								"north": { "texture": "#blade", "uv": [ 10.5, 7.5, 14.5, 8.0 ] },
								"east": { "texture": "#blade", "uv": [ 3.5, 2.0, 5.0, 2.5 ] },
								"south": { "texture": "#blade", "uv": [ 6.5, 1.5, 10.5, 2.0 ] },
								"west": { "texture": "#blade", "uv": [ 5.5, 13.5, 7.0, 14.0 ] },
								"up": { "texture": "#blade", "uv": [ 6.5, 0.0, 10.5, 1.5 ] },
								"down": { "texture": "#blade", "uv": [ 9.0, 10.5, 13.0, 12.0 ] }
							}
						},
						{
							"name": "Cube27",
							"from": [ -10.3, 0.4, 0.4 ], 
							"to": [ -8.6, 5.6, 1.6 ], 
							"rotationOrigin": [ -10.3, 0.4, 0.4 ],
							"faces": {
								"north": { "texture": "#blade", "uv": [ 2.5, 7.5, 4.0, 12.5 ] },
								"east": { "texture": "#blade", "uv": [ 0.0, 8.5, 1.0, 13.5 ] },
								"south": { "texture": "#blade", "uv": [ 4.5, 1.5, 6.0, 6.5 ] },
								"west": { "texture": "#blade", "uv": [ 1.0, 7.5, 2.0, 12.5 ] },
								"up": { "texture": "#blade", "uv": [ 12.5, 12.0, 14.0, 13.0 ] },
								"down": { "texture": "#blade", "uv": [ 4.5, 12.5, 6.0, 13.5 ] }
							}
						},
						{
							"name": "Cube28",
							"from": [ -13.0, 1.4, 0.5 ], 
							"to": [ -10.3, 4.6, 1.5 ], 
							"rotationOrigin": [ -13.0, 1.4, 0.5 ],
							"faces": {
								"north": { "texture": "#blade", "uv": [ 1.5, 2.5, 4.0, 5.5 ] },
								"east": { "texture": "#blade", "uv": [ 6.5, 9.0, 7.5, 12.0 ] },
								"south": { "texture": "#blade", "uv": [ 13.0, 4.0, 15.5, 7.0 ] },
								"west": { "texture": "#blade", "uv": [ 4.0, 2.0, 5.0, 5.0 ] },
								"up": { "texture": "#blade", "uv": [ 5.0, 2.0, 7.5, 3.0 ] },
								"down": { "texture": "#blade", "uv": [ 2.5, 1.5, 5.0, 2.5 ] }
							}
						},
						{
							"name": "Cube29",
							"from": [ -14.7, 2.4, 0.6 ], 
							"to": [ -13.0, 3.6, 1.4 ], 
							"rotationOrigin": [ -14.7, 2.4, 0.6 ],
							"faces": {
								"north": { "texture": "#blade", "uv": [ 8.0, 9.0, 9.5, 10.0 ] },
								"east": { "texture": "#blade", "uv": [ 6.0, 6.5, 6.5, 7.5 ] },
								"south": { "texture": "#blade", "uv": [ 1.5, 2.0, 3.0, 3.0 ] },
								"west": { "texture": "#blade", "uv": [ 11.0, 0.0, 11.5, 1.0 ] },
								"up": { "texture": "#blade", "uv": [ 3.5, 2.0, 5.0, 2.5 ] },
								"down": { "texture": "#blade", "uv": [ 1.5, 13.0, 3.0, 13.5 ] }
							}
						}
					]
				},
				{
					"name": "Blade13",
					"from": [ 0.0, 6.0, 2.0 ], 
					"to": [ 0.0, 6.0, 2.0 ], 
					"rotationOrigin": [ 0.0, 6.0, 2.0 ],
					"rotationY": -180.0,
					"rotationZ": 180.0,
					"faces": {
						"north": { "texture": "#blade", "uv": [ 1.0, 1.0, 1.5, 1.5 ] },
						"east": { "texture": "#blade", "uv": [ 5.0, 8.0, 5.5, 8.5 ] },
						"south": { "texture": "#blade", "uv": [ 5.5, 8.5, 6.0, 9.0 ] },
						"west": { "texture": "#blade", "uv": [ 1.0, 1.0, 1.5, 1.5 ] },
						"up": { "texture": "#blade", "uv": [ 0.0, 14.5, 0.5, 15.0 ] },
						"down": { "texture": "#blade", "uv": [ 7.5, 15.0, 8.0, 15.5 ] }
					},
					"children": [
						{
							"name": "Cube15",
							"from": [ 6.0, -2.0, 0.1 ], 
							"to": [ 8.0, 4.0, 1.9 ], 
							"rotationOrigin": [ 6.0, -2.0, 0.1 ],
							"faces": {
								"north": { "texture": "#blade", "uv": [ 7.5, 8.5, 9.5, 14.5 ] },
								"east": { "texture": "#blade", "uv": [ 10.0, 7.0, 11.5, 13.0 ] },
								"south": { "texture": "#blade", "uv": [ 1.5, 4.5, 3.5, 10.5 ] },
								"west": { "texture": "#blade", "uv": [ 2.0, 2.0, 3.5, 8.0 ] },
								"up": { "texture": "#blade", "uv": [ 13.5, 14.0, 15.5, 15.5 ] },
								"down": { "texture": "#blade", "uv": [ 1.0, 11.5, 3.0, 13.0 ] }
							},
							"children": [
								{
									"name": "Cube16",
									"from": [ 0.0, -4.0, 0.1 ], 
									"to": [ 2.0, 0.0, 1.7 ], 
									"rotationOrigin": [ 2.0, 0.0, 0.1 ],
									"rotationZ": -15.0,
									"faces": {
										"north": { "texture": "#blade", "uv": [ 11.5, 1.5, 13.5, 5.5 ] },
										"east": { "texture": "#blade", "uv": [ 13.5, 7.0, 15.0, 11.0 ] },
										"south": { "texture": "#blade", "uv": [ 5.5, 1.0, 7.5, 5.0 ] },
										"west": { "texture": "#blade", "uv": [ 5.0, 1.0, 6.5, 5.0 ] },
										"up": { "texture": "#blade", "uv": [ 7.0, 2.0, 9.0, 3.5 ] },
										"down": { "texture": "#blade", "uv": [ 6.0, 7.0, 8.0, 8.5 ] }
									}
								}
							]
						},
						{
							"name": "Cube17",
							"from": [ 8.0, -2.0, 0.6 ], 
							"to": [ 10.0, 4.0, 1.4 ], 
							"rotationOrigin": [ 8.0, -2.0, 0.6 ],
							"faces": {
								"north": { "texture": "#blade", "uv": [ 1.5, 5.0, 3.5, 11.0 ] },
								"east": { "texture": "#blade", "uv": [ 11.0, 8.5, 11.5, 14.5 ] },
								"south": { "texture": "#blade", "uv": [ 2.0, 2.0, 4.0, 8.0 ] },
								"west": { "texture": "#blade", "uv": [ 8.0, 5.0, 8.5, 11.0 ] },
								"up": { "texture": "#blade", "uv": [ 3.0, 5.0, 5.0, 5.5 ] },
								"down": { "texture": "#blade", "uv": [ 12.0, 9.5, 14.0, 10.0 ] }
							},
							"children": [
								{
									"name": "Cube18",
									"from": [ -0.2, -4.5, 0.1 ], 
									"to": [ 1.8, 0.1, 0.7 ], 
									"rotationOrigin": [ 1.8, -0.5, 0.1 ],
									"rotationZ": -15.0,
									"faces": {
										"north": { "texture": "#blade", "uv": [ 7.5, 7.0, 9.5, 11.5 ] },
										"east": { "texture": "#blade", "uv": [ 1.0, 3.0, 1.5, 7.5 ] },
										"south": { "texture": "#blade", "uv": [ 8.0, 3.0, 10.0, 7.5 ] },
										"west": { "texture": "#blade", "uv": [ 12.0, 1.0, 12.5, 5.5 ] },
										"up": { "texture": "#blade", "uv": [ 2.5, 0.0, 4.5, 0.5 ] },
										"down": { "texture": "#blade", "uv": [ 13.0, 5.0, 15.0, 5.5 ] }
									}
								}
							]
						},
						{
							"name": "Cube19",
							"from": [ -2.2, 0.0, 0.2 ], 
							"to": [ 3.8, 3.0, 1.8 ], 
							"rotationOrigin": [ -2.2, 0.0, 0.2 ],
							"rotationZ": -9.0,
							"faces": {
								"north": { "texture": "#blade", "uv": [ 7.0, 12.0, 13.0, 15.0 ] },
								"east": { "texture": "#blade", "uv": [ 12.5, 7.0, 14.0, 10.0 ] },
								"south": { "texture": "#blade", "uv": [ 2.0, 3.0, 8.0, 6.0 ] },
								"west": { "texture": "#blade", "uv": [ 0.0, 12.0, 1.5, 15.0 ] },
								"up": { "texture": "#blade", "uv": [ 2.0, 1.5, 8.0, 3.0 ] },
								"down": { "texture": "#blade", "uv": [ 9.0, 8.0, 15.0, 9.5 ] }
							},
							"children": [
								{
									"name": "Cube20",
									"from": [ 6.5, -1.3, 0.02 ], 
									"to": [ 13.5, -0.3, 1.58 ], 
									"rotationOrigin": [ 8.5, 1.7, 0.0 ],
									"rotationZ": -64.0,
									"faces": {
										"north": { "texture": "#blade", "uv": [ 1.5, 13.0, 8.5, 14.0 ] },
										"east": { "texture": "#blade", "uv": [ 2.0, 6.0, 3.5, 7.0 ] },
										"south": { "texture": "#blade", "uv": [ 0.5, 10.0, 7.5, 11.0 ] },
										"west": { "texture": "#blade", "uv": [ 5.0, 8.0, 6.5, 9.0 ] },
										"up": { "texture": "#blade", "uv": [ 3.0, 9.0, 10.0, 10.5 ] },
										"down": { "texture": "#blade", "uv": [ 3.0, 11.0, 10.0, 12.5 ] }
									}
								}
							]
						},
						{
							"name": "Cube21",
							"from": [ 5.0, -4.0, 0.24 ], 
							"to": [ 7.0, 2.0, 1.76 ], 
							"rotationOrigin": [ 5.0, -4.0, 0.2 ],
							"rotationZ": 11.0,
							"faces": {
								"north": { "texture": "#blade", "uv": [ 10.5, 7.0, 12.5, 13.0 ] },
								"east": { "texture": "#blade", "uv": [ 13.0, 5.0, 14.5, 11.0 ] },
								"south": { "texture": "#blade", "uv": [ 10.0, 7.0, 12.0, 13.0 ] },
								"west": { "texture": "#blade", "uv": [ 2.0, 9.5, 3.5, 15.5 ] },
								"up": { "texture": "#blade", "uv": [ 9.0, 13.0, 11.0, 14.5 ] },
								"down": { "texture": "#blade", "uv": [ 6.5, 4.0, 8.5, 5.5 ] }
							}
						}
					]
				},
				{
					"name": "Handle",
					"from": [ 0.0, 0.0, 0.0 ], 
					"to": [ 0.0, 0.0, 0.0 ], 
					"faces": {
						"north": { "texture": "#blade", "uv": [ 3.0, 13.0, 3.5, 13.5 ] },
						"east": { "texture": "#blade", "uv": [ 0.5, 4.0, 1.0, 4.5 ] },
						"south": { "texture": "#blade", "uv": [ 1.5, 1.0, 2.0, 1.5 ] },
						"west": { "texture": "#blade", "uv": [ 5.0, 1.0, 5.5, 1.5 ] },
						"up": { "texture": "#blade", "uv": [ 15.0, 1.0, 15.5, 1.5 ] },
						"down": { "texture": "#blade", "uv": [ 8.0, 1.0, 8.5, 1.5 ] }
					},
					"children": [
						{
							"name": "Cube30",
							"from": [ -7.6, -16.1, -0.4 ], 
							"to": [ -2.8, -0.1, 2.4 ], 
							"rotationOrigin": [ -7.6, -16.1, -0.4 ],
							"faces": {
								"north": { "texture": "#handle", "uv": [ 10.0, 0.0, 14.5, 16.0 ] },
								"east": { "texture": "#handle", "uv": [ 11.0, 0.0, 13.5, 16.0 ] },
								"south": { "texture": "#handle", "uv": [ 1.0, 0.0, 5.5, 16.0 ] },
								"west": { "texture": "#handle", "uv": [ 9.0, 0.0, 11.5, 16.0 ] },
								"up": { "texture": "#handle", "uv": [ 1.5, 9.0, 6.0, 11.5 ] },
								"down": { "texture": "#handle", "uv": [ 9.5, 2.5, 14.0, 5.0 ] }
							}
						},
						{
							"name": "Cube31",
							"from": [ -7.6, -32.1, -0.4 ], 
							"to": [ -2.8, -16.1, 2.4 ], 
							"rotationOrigin": [ -7.6, -32.1, -0.4 ],
							"faces": {
								"north": { "texture": "#handle", "uv": [ 6.0, 0.0, 10.5, 16.0 ] },
								"east": { "texture": "#handle", "uv": [ 5.0, 0.0, 7.5, 16.0 ] },
								"south": { "texture": "#handle", "uv": [ 0.0, 0.0, 4.5, 16.0 ] },
								"west": { "texture": "#handle", "uv": [ 6.0, 0.0, 8.5, 16.0 ] },
								"up": { "texture": "#handle", "uv": [ 8.0, 6.0, 12.5, 8.5 ] },
								"down": { "texture": "#handle", "uv": [ 2.0, 5.0, 6.5, 7.5 ] }
							}
						},
						{
							"name": "Cube32",
							"from": [ -7.6, -38.1, -0.4 ], 
							"to": [ -2.8, -32.1, 2.4 ], 
							"rotationOrigin": [ -7.6, -38.1, -0.4 ],
							"faces": {
								"north": { "texture": "#handle", "uv": [ 8.0, 6.5, 12.5, 12.5 ] },
								"east": { "texture": "#handle", "uv": [ 1.0, 9.0, 3.5, 15.0 ] },
								"south": { "texture": "#handle", "uv": [ 4.0, 5.0, 8.5, 11.0 ] },
								"west": { "texture": "#handle", "uv": [ 12.0, 2.0, 14.5, 8.0 ] },
								"up": { "texture": "#handle", "uv": [ 0.5, 6.0, 5.0, 8.5 ] },
								"down": { "texture": "#handle", "uv": [ 1.0, 12.5, 5.5, 15.0 ] }
							}
						},
						{
							"name": "Cube33",
							"from": [ -7.8, -8.1, 0.1 ], 
							"to": [ -2.6, -0.1, 1.9 ], 
							"rotationOrigin": [ -7.8, -8.1, 0.1 ],
							"faces": {
								"north": { "texture": "#blade", "uv": [ 3.5, 2.5, 8.5, 10.5 ] },
								"east": { "texture": "#blade", "uv": [ 11.0, 5.5, 12.5, 13.5 ] },
								"south": { "texture": "#blade", "uv": [ 1.0, 6.0, 6.0, 14.0 ] },
								"west": { "texture": "#blade", "uv": [ 6.5, 2.0, 8.0, 10.0 ] },
								"up": { "texture": "#blade", "uv": [ 0.0, 4.5, 5.0, 6.0 ] },
								"down": { "texture": "#blade", "uv": [ 10.5, 7.0, 15.5, 8.5 ] }
							},
							"children": [
								{
									"name": "Cube34",
									"from": [ -0.1, 6.0, 0.4 ], 
									"to": [ 5.3, 7.0, 1.4 ], 
									"rotationOrigin": [ -0.1, 6.0, 0.4 ],
									"faces": {
										"north": { "texture": "#blade", "uv": [ 2.5, 7.0, 7.5, 8.0 ] },
										"east": { "texture": "#blade", "uv": [ 4.0, 0.5, 5.0, 1.5 ] },
										"south": { "texture": "#blade", "uv": [ 9.0, 2.5, 14.0, 3.5 ] },
										"west": { "texture": "#blade", "uv": [ 5.0, 14.5, 6.0, 15.5 ] },
										"up": { "texture": "#blade", "uv": [ 2.5, 0.5, 7.5, 1.5 ] },
										"down": { "texture": "#blade", "uv": [ 8.0, 5.5, 13.0, 6.5 ] }
									}
								},
								{
									"name": "Cube35",
									"from": [ -0.1, 1.0, 0.4 ], 
									"to": [ 5.3, 2.0, 1.4 ], 
									"rotationOrigin": [ -0.1, 1.0, 0.4 ],
									"faces": {
										"north": { "texture": "#blade", "uv": [ 2.5, 9.5, 7.5, 10.5 ] },
										"east": { "texture": "#blade", "uv": [ 8.0, 0.0, 9.0, 1.0 ] },
										"south": { "texture": "#blade", "uv": [ 4.0, 12.0, 9.0, 13.0 ] },
										"west": { "texture": "#blade", "uv": [ 5.5, 14.0, 6.5, 15.0 ] },
										"up": { "texture": "#blade", "uv": [ 9.0, 8.0, 14.0, 9.0 ] },
										"down": { "texture": "#blade", "uv": [ 3.0, 13.5, 8.0, 14.5 ] }
									}
								}
							]
						},
						{
							"name": "Cube36",
							"from": [ -7.8, -39.1, -0.6 ], 
							"to": [ -2.6, -38.1, 2.6 ], 
							"rotationOrigin": [ -7.8, -39.1, -0.6 ],
							"faces": {
								"north": { "texture": "#blade", "uv": [ 4.0, 1.0, 9.0, 2.0 ] },
								"east": { "texture": "#blade", "uv": [ 9.5, 7.0, 12.5, 8.0 ] },
								"south": { "texture": "#blade", "uv": [ 2.0, 7.0, 7.0, 8.0 ] },
								"west": { "texture": "#blade", "uv": [ 8.0, 4.5, 11.0, 5.5 ] },
								"up": { "texture": "#blade", "uv": [ 4.5, 8.0, 9.5, 11.0 ] },
								"down": { "texture": "#blade", "uv": [ 8.0, 1.5, 13.0, 4.5 ] }
							}
						},
						{
							"name": "Cube37",
							"from": [ -7.7, -40.9, -0.5 ], 
							"to": [ -2.7, -39.1, 2.5 ], 
							"rotationOrigin": [ -7.7, -40.9, -0.5 ],
							"faces": {
								"north": { "texture": "#blade", "uv": [ 3.5, 0.0, 8.5, 1.5 ] },
								"east": { "texture": "#blade", "uv": [ 7.5, 0.0, 10.5, 1.5 ] },
								"south": { "texture": "#blade", "uv": [ 5.0, 10.5, 10.0, 12.0 ] },
								"west": { "texture": "#blade", "uv": [ 1.5, 11.0, 4.5, 12.5 ] },
								"up": { "texture": "#blade", "uv": [ 10.0, 6.5, 15.0, 9.5 ] },
								"down": { "texture": "#blade", "uv": [ 2.5, 5.0, 7.5, 8.0 ] }
							}
						},
						{
							"name": "Cube38",
							"from": [ -7.5, -41.5, -0.3 ], 
							"to": [ -2.9, -40.9, 2.3 ], 
							"rotationOrigin": [ -7.5, -41.5, -0.3 ],
							"faces": {
								"north": { "texture": "#blade", "uv": [ 10.5, 0.5, 15.0, 1.0 ] },
								"east": { "texture": "#blade", "uv": [ 7.0, 0.0, 9.5, 0.5 ] },
								"south": { "texture": "#blade", "uv": [ 2.5, 2.0, 7.0, 2.5 ] },
								"west": { "texture": "#blade", "uv": [ 9.5, 8.5, 12.0, 9.0 ] },
								"up": { "texture": "#blade", "uv": [ 5.0, 5.0, 9.5, 7.5 ] },
								"down": { "texture": "#blade", "uv": [ 10.5, 2.0, 15.0, 4.5 ] }
							}
						}
					]
				}
			]
		}
	]}