{
	"editor": {
		"allAngles": false,
		"entityTextureMode": false
	},
	"textureWidth": 16,
	"textureHeight": 16,
	"textureSizes": {
	},
	"textures": {
		"blackbronze": "game:block/metal/ingot/blackbronze"
	},
	"elements": [
		{
			"name": "Handle",
			"from": [ -3.0, 0.0, 7.0 ], 
			"to": [ -1.4, 1.2, 8.5 ], 
			"rotationOrigin": [ -3.0, 0.0, 8.5 ],
			"faces": {
				"north": { "texture": "#blackbronze", "uv": [ 14.0, 14.5, 15.5, 15.5 ] },
				"east": { "texture": "#blackbronze", "uv": [ 6.0, 4.5, 7.5, 5.5 ] },
				"south": { "texture": "#blackbronze", "uv": [ 11.5, 5.5, 13.0, 6.5 ] },
				"west": { "texture": "#blackbronze", "uv": [ 5.5, 11.0, 7.0, 12.0 ] },
				"up": { "texture": "#blackbronze", "uv": [ 6.0, 7.5, 7.5, 9.0 ] },
				"down": { "texture": "#blackbronze", "uv": [ 10.5, 13.0, 12.0, 14.5 ] }
			},
			"children": [
				{
					"name": "Cube1",
					"from": [ 0.1, 0.1, -2.0 ], 
					"to": [ 1.6, 1.1, 0.0 ], 
					"rotationOrigin": [ 0.1, 0.1, 0.0 ],
					"rotationY": -27.0,
					"faces": {
						"north": { "texture": "#blackbronze", "uv": [ 8.5, 1.5, 10.0, 2.5 ] },
						"east": { "texture": "#blackbronze", "uv": [ 3.5, 12.0, 5.5, 13.0 ] },
						"south": { "texture": "#blackbronze", "uv": [ 1.5, 0.5, 3.0, 1.5 ] },
						"west": { "texture": "#blackbronze", "uv": [ 6.5, 11.0, 8.5, 12.0 ] },
						"up": { "texture": "#blackbronze", "uv": [ 8.0, 6.5, 9.5, 8.5 ] },
						"down": { "texture": "#blackbronze", "uv": [ 11.5, 1.0, 13.0, 3.0 ] }
					},
					"children": [
						{
							"name": "Cube3",
							"from": [ 0.0, 0.1, -2.0 ], 
							"to": [ 1.4, 0.9, 0.0 ], 
							"rotationOrigin": [ 0.0, 0.1, 0.0 ],
							"rotationY": -45.0,
							"faces": {
								"north": { "texture": "#blackbronze", "uv": [ 8.0, 1.5, 9.0, 2.0 ] },
								"east": { "texture": "#blackbronze", "uv": [ 6.0, 10.0, 8.0, 10.5 ] },
								"south": { "texture": "#blackbronze", "uv": [ 2.0, 9.5, 3.0, 10.0 ] },
								"west": { "texture": "#blackbronze", "uv": [ 7.5, 9.0, 9.5, 9.5 ] },
								"up": { "texture": "#blackbronze", "uv": [ 7.5, 7.5, 8.5, 9.5 ] },
								"down": { "texture": "#blackbronze", "uv": [ 14.5, 5.0, 15.5, 7.0 ] }
							}
						},
						{
							"name": "Cube22",
							"from": [ 1.0, 0.1, 2.4 ], 
							"to": [ 2.4, 0.9, 4.4 ], 
							"rotationOrigin": [ 2.3, 0.1, 4.4 ],
							"rotationY": -81.0,
							"faces": {
								"north": { "texture": "#blackbronze", "uv": [ 0.5, 3.5, 1.5, 4.0 ] },
								"east": { "texture": "#blackbronze", "uv": [ 7.5, 2.5, 9.5, 3.0 ] },
								"south": { "texture": "#blackbronze", "uv": [ 4.5, 9.5, 5.5, 10.0 ] },
								"west": { "texture": "#blackbronze", "uv": [ 2.5, 14.0, 4.5, 14.5 ] },
								"up": { "texture": "#blackbronze", "uv": [ 13.5, 2.5, 14.5, 4.5 ] },
								"down": { "texture": "#blackbronze", "uv": [ 5.0, 11.0, 6.0, 13.0 ] }
							}
						}
					]
				},
				{
					"name": "Cube5",
					"from": [ 0.1, 1.1, -0.5 ], 
					"to": [ 1.6, 2.1, 1.5 ], 
					"rotationOrigin": [ 0.1, 1.1, 1.5 ],
					"rotationX": -180.0,
					"rotationY": -27.0,
					"faces": {
						"north": { "texture": "#blackbronze", "uv": [ 12.0, 2.5, 13.5, 3.5 ] },
						"east": { "texture": "#blackbronze", "uv": [ 8.5, 3.0, 10.5, 4.0 ] },
						"south": { "texture": "#blackbronze", "uv": [ 9.0, 0.5, 10.5, 1.5 ] },
						"west": { "texture": "#blackbronze", "uv": [ 8.5, 14.0, 10.5, 15.0 ] },
						"up": { "texture": "#blackbronze", "uv": [ 6.5, 5.5, 8.0, 7.5 ] },
						"down": { "texture": "#blackbronze", "uv": [ 11.0, 10.5, 12.5, 12.5 ] }
					}
				},
				{
					"name": "Cube7",
					"from": [ 1.0, 0.4, -1.3 ], 
					"to": [ 9.0, 0.8, 2.8 ], 
					"rotationOrigin": [ 1.0, 0.4, -1.3 ],
					"faces": {
						"north": { "texture": "#blackbronze", "uv": [ 5.0, 1.5, 13.0, 2.0 ] },
						"east": { "texture": "#blackbronze", "uv": [ 7.5, 9.0, 11.5, 9.5 ] },
						"south": { "texture": "#blackbronze", "uv": [ 4.0, 0.0, 12.0, 0.5 ] },
						"west": { "texture": "#blackbronze", "uv": [ 4.5, 14.5, 8.5, 15.0 ] },
						"up": { "texture": "#blackbronze", "uv": [ 5.0, 6.5, 13.0, 10.5 ] },
						"down": { "texture": "#blackbronze", "uv": [ 7.5, 3.0, 15.5, 7.0 ] }
					},
					"children": [
						{
							"name": "Cube8",
							"from": [ 8.0, 0.02, 0.2 ], 
							"to": [ 13.0, 0.38, 3.9 ], 
							"rotationOrigin": [ 8.0, 0.0, 0.2 ],
							"faces": {
								"north": { "texture": "#blackbronze", "uv": [ 5.5, 9.0, 10.5, 9.5 ] },
								"east": { "texture": "#blackbronze", "uv": [ 7.5, 14.0, 11.0, 14.5 ] },
								"south": { "texture": "#blackbronze", "uv": [ 8.0, 3.0, 13.0, 3.5 ] },
								"west": { "texture": "#blackbronze", "uv": [ 8.5, 13.5, 12.0, 14.0 ] },
								"up": { "texture": "#blackbronze", "uv": [ 4.5, 7.5, 9.5, 11.0 ] },
								"down": { "texture": "#blackbronze", "uv": [ 0.0, 10.5, 5.0, 14.0 ] }
							},
							"children": [
								{
									"name": "Cube9",
									"from": [ 5.0, 0.02, 0.3 ], 
									"to": [ 8.0, 0.34, 3.4 ], 
									"rotationOrigin": [ 5.0, 0.0, 0.3 ],
									"faces": {
										"north": { "texture": "#blackbronze", "uv": [ 11.0, 6.0, 14.0, 6.5 ] },
										"east": { "texture": "#blackbronze", "uv": [ 0.5, 9.0, 3.5, 9.5 ] },
										"south": { "texture": "#blackbronze", "uv": [ 7.0, 2.0, 10.0, 2.5 ] },
										"west": { "texture": "#blackbronze", "uv": [ 4.0, 10.0, 7.0, 10.5 ] },
										"up": { "texture": "#blackbronze", "uv": [ 7.5, 7.0, 10.5, 10.0 ] },
										"down": { "texture": "#blackbronze", "uv": [ 10.5, 4.5, 13.5, 7.5 ] }
									},
									"children": [
										{
											"name": "Cube10",
											"from": [ 3.0, 0.02, 0.3 ], 
											"to": [ 5.4, 0.3, 2.8 ], 
											"rotationOrigin": [ 3.0, -0.02, 0.3 ],
											"faces": {
												"north": { "texture": "#blackbronze", "uv": [ 7.5, 6.0, 9.5, 6.5 ] },
												"east": { "texture": "#blackbronze", "uv": [ 7.0, 6.0, 9.5, 6.5 ] },
												"south": { "texture": "#blackbronze", "uv": [ 12.5, 12.0, 14.5, 12.5 ] },
												"west": { "texture": "#blackbronze", "uv": [ 9.0, 1.0, 11.5, 1.5 ] },
												"up": { "texture": "#blackbronze", "uv": [ 7.5, 6.5, 9.5, 9.0 ] },
												"down": { "texture": "#blackbronze", "uv": [ 0.0, 12.0, 2.0, 14.5 ] }
											},
											"children": [
												{
													"name": "Cube11",
													"from": [ 2.4, 0.02, 0.3 ], 
													"to": [ 4.4, 0.26, 2.2 ], 
													"rotationOrigin": [ 2.4, -0.04, 0.3 ],
													"faces": {
														"north": { "texture": "#blackbronze", "uv": [ 13.5, 5.0, 15.5, 5.5 ] },
														"east": { "texture": "#blackbronze", "uv": [ 7.0, 12.0, 8.5, 12.5 ] },
														"south": { "texture": "#blackbronze", "uv": [ 4.5, 11.0, 6.5, 11.5 ] },
														"west": { "texture": "#blackbronze", "uv": [ 0.0, 9.5, 1.5, 10.0 ] },
														"up": { "texture": "#blackbronze", "uv": [ 10.5, 9.5, 12.5, 11.0 ] },
														"down": { "texture": "#blackbronze", "uv": [ 3.5, 9.5, 5.5, 11.0 ] }
													},
													"children": [
														{
															"name": "Cube12",
															"from": [ 2.0, 0.02, 0.2 ], 
															"to": [ 2.5, 0.22, 1.7 ], 
															"rotationOrigin": [ 2.0, -0.04, 0.2 ],
															"faces": {
																"north": { "texture": "#blackbronze", "uv": [ 8.0, 3.0, 8.5, 3.5 ] },
																"east": { "texture": "#blackbronze", "uv": [ 1.5, 6.0, 3.0, 6.5 ] },
																"south": { "texture": "#blackbronze", "uv": [ 12.5, 9.0, 13.0, 9.5 ] },
																"west": { "texture": "#blackbronze", "uv": [ 1.0, 10.5, 2.5, 11.0 ] },
																"up": { "texture": "#blackbronze", "uv": [ 7.0, 8.5, 7.5, 10.0 ] },
																"down": { "texture": "#blackbronze", "uv": [ 0.5, 13.5, 1.0, 15.0 ] }
															},
															"children": [
																{
																	"name": "Cube13",
																	"from": [ 0.5, 0.02, 0.3 ], 
																	"to": [ 0.8, 0.18, 1.2 ], 
																	"rotationOrigin": [ 0.5, -0.04, 0.3 ],
																	"faces": {
																		"north": { "texture": "#blackbronze", "uv": [ 9.5, 12.0, 10.0, 12.5 ] },
																		"east": { "texture": "#blackbronze", "uv": [ 3.0, 4.0, 3.5, 4.5 ] },
																		"south": { "texture": "#blackbronze", "uv": [ 13.0, 9.5, 13.5, 10.0 ] },
																		"west": { "texture": "#blackbronze", "uv": [ 4.5, 13.0, 5.0, 13.5 ] },
																		"up": { "texture": "#blackbronze", "uv": [ 12.5, 14.0, 13.0, 14.5 ] },
																		"down": { "texture": "#blackbronze", "uv": [ 0.0, 6.5, 0.5, 7.0 ] }
																	}
																}
															]
														}
													]
												}
											]
										}
									]
								}
							]
						},
						{
							"name": "Cube14",
							"from": [ 1.7, 0.1, -1.1 ], 
							"to": [ 7.9, 0.3, 0.0 ], 
							"rotationOrigin": [ 1.7, 0.1, 0.0 ],
							"rotationY": -10.0,
							"faces": {
								"north": { "texture": "#blackbronze", "uv": [ 9.0, 12.0, 15.0, 12.5 ] },
								"east": { "texture": "#blackbronze", "uv": [ 5.5, 4.0, 6.5, 4.5 ] },
								"south": { "texture": "#blackbronze", "uv": [ 6.0, 3.5, 12.0, 4.0 ] },
								"west": { "texture": "#blackbronze", "uv": [ 13.5, 12.0, 14.5, 12.5 ] },
								"up": { "texture": "#blackbronze", "uv": [ 0.0, 0.0, 6.0, 1.0 ] },
								"down": { "texture": "#blackbronze", "uv": [ 9.0, 2.5, 15.0, 3.5 ] }
							}
						},
						{
							"name": "Cube15",
							"from": [ 1.7, 0.1, 4.1 ], 
							"to": [ 7.9, 0.3, 5.2 ], 
							"rotationOrigin": [ 1.7, 0.1, 4.1 ],
							"rotationY": 10.0,
							"faces": {
								"north": { "texture": "#blackbronze", "uv": [ 3.5, 0.5, 9.5, 1.0 ] },
								"east": { "texture": "#blackbronze", "uv": [ 2.5, 2.0, 3.5, 2.5 ] },
								"south": { "texture": "#blackbronze", "uv": [ 2.0, 8.5, 8.0, 9.0 ] },
								"west": { "texture": "#blackbronze", "uv": [ 3.5, 10.5, 4.5, 11.0 ] },
								"up": { "texture": "#blackbronze", "uv": [ 5.0, 14.0, 11.0, 15.0 ] },
								"down": { "texture": "#blackbronze", "uv": [ 5.0, 0.5, 11.0, 1.5 ] }
							}
						}
					]
				},
				{
					"name": "Cube16",
					"from": [ -2.0, -0.1, -0.1 ], 
					"to": [ 0.9, 1.3, 1.6 ], 
					"rotationOrigin": [ -2.0, -0.1, -0.1 ],
					"faces": {
						"north": { "texture": "#blackbronze", "uv": [ 7.5, 12.5, 10.0, 13.5 ] },
						"east": { "texture": "#blackbronze", "uv": [ 8.0, 13.5, 9.5, 14.5 ] },
						"south": { "texture": "#blackbronze", "uv": [ 4.0, 9.5, 6.5, 10.5 ] },
						"west": { "texture": "#blackbronze", "uv": [ 5.5, 6.5, 7.0, 7.5 ] },
						"up": { "texture": "#blackbronze", "uv": [ 4.5, 1.5, 7.0, 3.0 ] },
						"down": { "texture": "#blackbronze", "uv": [ 6.0, 12.5, 8.5, 14.0 ] }
					},
					"children": [
						{
							"name": "Cube17",
							"from": [ -1.9, 0.0, 0.0 ], 
							"to": [ 0.0, 1.4, 1.7 ], 
							"rotationOrigin": [ -1.9, 0.0, 0.0 ],
							"faces": {
								"north": { "texture": "#blackbronze", "uv": [ 8.5, 1.0, 10.0, 2.0 ] },
								"east": { "texture": "#blackbronze", "uv": [ 11.0, 6.5, 12.5, 7.5 ] },
								"south": { "texture": "#blackbronze", "uv": [ 3.5, 5.5, 5.0, 6.5 ] },
								"west": { "texture": "#blackbronze", "uv": [ 7.5, 2.0, 9.0, 3.0 ] },
								"up": { "texture": "#blackbronze", "uv": [ 14.0, 0.0, 15.5, 1.5 ] },
								"down": { "texture": "#blackbronze", "uv": [ 1.5, 9.5, 3.0, 11.0 ] }
							},
							"children": [
								{
									"name": "Cube18",
									"from": [ 4.0, -0.1, -0.2 ], 
									"to": [ 4.6, 1.5, 1.9 ], 
									"rotationOrigin": [ 4.0, -0.1, -0.2 ],
									"faces": {
										"north": { "texture": "#blackbronze", "uv": [ 2.5, 6.0, 3.0, 7.5 ] },
										"east": { "texture": "#blackbronze", "uv": [ 5.0, 14.0, 7.0, 15.5 ] },
										"south": { "texture": "#blackbronze", "uv": [ 1.0, 0.0, 1.5, 1.5 ] },
										"west": { "texture": "#blackbronze", "uv": [ 3.0, 6.0, 5.0, 7.5 ] },
										"up": { "texture": "#blackbronze", "uv": [ 3.0, 5.5, 3.5, 7.5 ] },
										"down": { "texture": "#blackbronze", "uv": [ 5.0, 4.5, 5.5, 6.5 ] }
									}
								},
								{
									"name": "Cube19",
									"from": [ 3.2, -0.1, -0.15 ], 
									"to": [ 3.8, 1.5, 1.85 ], 
									"rotationOrigin": [ 3.2, -0.1, -0.1 ],
									"faces": {
										"north": { "texture": "#blackbronze", "uv": [ 14.5, 7.0, 15.0, 8.5 ] },
										"east": { "texture": "#blackbronze", "uv": [ 12.5, 13.0, 14.5, 14.5 ] },
										"south": { "texture": "#blackbronze", "uv": [ 10.0, 8.5, 10.5, 10.0 ] },
										"west": { "texture": "#blackbronze", "uv": [ 6.0, 10.0, 8.0, 11.5 ] },
										"up": { "texture": "#blackbronze", "uv": [ 8.0, 4.0, 8.5, 6.0 ] },
										"down": { "texture": "#blackbronze", "uv": [ 14.5, 8.0, 15.0, 10.0 ] }
									}
								},
								{
									"name": "Cube20",
									"from": [ 2.4, -0.1, -0.1 ], 
									"to": [ 3.0, 1.5, 1.8 ], 
									"rotationOrigin": [ 2.4, -0.1, -0.1 ],
									"faces": {
										"north": { "texture": "#blackbronze", "uv": [ 10.5, 4.0, 11.0, 5.5 ] },
										"east": { "texture": "#blackbronze", "uv": [ 6.0, 2.5, 7.5, 4.0 ] },
										"south": { "texture": "#blackbronze", "uv": [ 15.0, 4.5, 15.5, 6.0 ] },
										"west": { "texture": "#blackbronze", "uv": [ 9.0, 7.0, 10.5, 8.5 ] },
										"up": { "texture": "#blackbronze", "uv": [ 14.0, 1.5, 14.5, 3.0 ] },
										"down": { "texture": "#blackbronze", "uv": [ 4.5, 12.5, 5.0, 14.0 ] }
									}
								},
								{
									"name": "Cube29",
									"from": [ 5.5, 0.4, 0.3 ], 
									"to": [ 12.1, 1.0, 1.4 ], 
									"rotationOrigin": [ 5.5, 0.4, 0.3 ],
									"faces": {
										"north": { "texture": "#blackbronze", "uv": [ 5.5, 9.5, 12.0, 10.0 ] },
										"east": { "texture": "#blackbronze", "uv": [ 3.5, 1.5, 4.5, 2.0 ] },
										"south": { "texture": "#blackbronze", "uv": [ 1.5, 3.0, 8.0, 3.5 ] },
										"west": { "texture": "#blackbronze", "uv": [ 14.0, 4.5, 15.0, 5.0 ] },
										"up": { "texture": "#blackbronze", "uv": [ 6.5, 5.5, 13.0, 6.5 ] },
										"down": { "texture": "#blackbronze", "uv": [ 7.0, 6.0, 13.5, 7.0 ] }
									}
								},
								{
									"name": "Cube30",
									"from": [ 12.1, 0.4, 0.5 ], 
									"to": [ 17.1, 1.0, 1.2 ], 
									"rotationOrigin": [ 12.1, 0.4, 0.5 ],
									"faces": {
										"north": { "texture": "#blackbronze", "uv": [ 5.0, 1.0, 10.0, 1.5 ] },
										"east": { "texture": "#blackbronze", "uv": [ 10.0, 12.5, 10.5, 13.0 ] },
										"south": { "texture": "#blackbronze", "uv": [ 6.0, 10.0, 11.0, 10.5 ] },
										"west": { "texture": "#blackbronze", "uv": [ 1.0, 1.5, 1.5, 2.0 ] },
										"up": { "texture": "#blackbronze", "uv": [ 6.0, 5.5, 11.0, 6.0 ] },
										"down": { "texture": "#blackbronze", "uv": [ 9.0, 1.0, 14.0, 1.5 ] }
									}
								}
							]
						},
						{
							"name": "Cube21",
							"from": [ -3.2, -0.2, -0.3 ], 
							"to": [ -1.9, 1.6, 2.0 ], 
							"rotationOrigin": [ -3.2, -0.2, -0.3 ],
							"faces": {
								"north": { "texture": "#blackbronze", "uv": [ 12.0, 4.0, 13.0, 5.5 ] },
								"east": { "texture": "#blackbronze", "uv": [ 4.5, 6.0, 6.5, 7.5 ] },
								"south": { "texture": "#blackbronze", "uv": [ 13.5, 10.5, 14.5, 12.0 ] },
								"west": { "texture": "#blackbronze", "uv": [ 4.0, 14.0, 6.0, 15.5 ] },
								"up": { "texture": "#blackbronze", "uv": [ 8.0, 13.0, 9.0, 15.0 ] },
								"down": { "texture": "#blackbronze", "uv": [ 4.5, 12.0, 5.5, 14.0 ] }
							},
							"children": [
								{
									"name": "Cube23",
									"from": [ 0.0, 0.3, -1.6 ], 
									"to": [ 1.2, 1.5, 0.4 ], 
									"rotationOrigin": [ 0.0, 0.3, 0.4 ],
									"rotationY": 15.0,
									"faces": {
										"north": { "texture": "#blackbronze", "uv": [ 8.0, 10.5, 9.0, 11.5 ] },
										"east": { "texture": "#blackbronze", "uv": [ 1.0, 6.5, 3.0, 7.5 ] },
										"south": { "texture": "#blackbronze", "uv": [ 9.5, 14.0, 10.5, 15.0 ] },
										"west": { "texture": "#blackbronze", "uv": [ 9.0, 0.5, 11.0, 1.5 ] },
										"up": { "texture": "#blackbronze", "uv": [ 6.0, 5.5, 7.0, 7.5 ] },
										"down": { "texture": "#blackbronze", "uv": [ 2.0, 12.0, 3.0, 14.0 ] }
									}
								},
								{
									"name": "Cube24",
									"from": [ 0.0, 0.3, 1.9 ], 
									"to": [ 1.2, 1.5, 3.9 ], 
									"rotationOrigin": [ 0.0, 0.3, 1.9 ],
									"rotationY": -15.0,
									"faces": {
										"north": { "texture": "#blackbronze", "uv": [ 6.5, 2.0, 7.5, 3.0 ] },
										"east": { "texture": "#blackbronze", "uv": [ 0.0, 0.5, 2.0, 1.5 ] },
										"south": { "texture": "#blackbronze", "uv": [ 1.5, 7.0, 2.5, 8.0 ] },
										"west": { "texture": "#blackbronze", "uv": [ 12.0, 8.0, 14.0, 9.0 ] },
										"up": { "texture": "#blackbronze", "uv": [ 14.0, 8.5, 15.0, 10.5 ] },
										"down": { "texture": "#blackbronze", "uv": [ 12.5, 7.5, 13.5, 9.5 ] }
									}
								},
								{
									"name": "Cube27",
									"from": [ 6.2, 0.25, -0.9 ], 
									"to": [ 6.8, 1.55, -0.3 ], 
									"rotationOrigin": [ 6.5, 0.3, -0.6 ],
									"rotationY": -45.0,
									"faces": {
										"north": { "texture": "#blackbronze", "uv": [ 10.5, 12.5, 11.0, 13.5 ] },
										"east": { "texture": "#blackbronze", "uv": [ 13.0, 5.0, 13.5, 6.0 ] },
										"south": { "texture": "#blackbronze", "uv": [ 5.0, 0.0, 5.5, 1.0 ] },
										"west": { "texture": "#blackbronze", "uv": [ 4.5, 5.5, 5.0, 6.5 ] },
										"up": { "texture": "#blackbronze", "uv": [ 3.5, 3.0, 4.0, 3.5 ] },
										"down": { "texture": "#blackbronze", "uv": [ 2.0, 6.5, 2.5, 7.0 ] }
									}
								},
								{
									"name": "Cube28",
									"from": [ 6.2, 0.25, 2.6 ], 
									"to": [ 6.8, 1.55, 3.2 ], 
									"rotationOrigin": [ 6.5, 0.3, 2.9 ],
									"rotationY": -45.0,
									"faces": {
										"north": { "texture": "#blackbronze", "uv": [ 0.5, 12.0, 1.0, 13.0 ] },
										"east": { "texture": "#blackbronze", "uv": [ 13.5, 9.5, 14.0, 10.5 ] },
										"south": { "texture": "#blackbronze", "uv": [ 2.0, 2.0, 2.5, 3.0 ] },
										"west": { "texture": "#blackbronze", "uv": [ 8.5, 8.5, 9.0, 9.5 ] },
										"up": { "texture": "#blackbronze", "uv": [ 1.0, 3.0, 1.5, 3.5 ] },
										"down": { "texture": "#blackbronze", "uv": [ 4.5, 7.0, 5.0, 7.5 ] }
									}
								},
								{
									"name": "Cube25",
									"from": [ -0.1, 0.25, 3.1 ], 
									"to": [ 0.5, 1.55, 3.7 ], 
									"rotationOrigin": [ 0.2, 0.3, 3.4 ],
									"rotationY": -60.0,
									"faces": {
										"north": { "texture": "#blackbronze", "uv": [ 4.0, 3.5, 4.5, 4.5 ] },
										"east": { "texture": "#blackbronze", "uv": [ 1.0, 6.5, 1.5, 7.5 ] },
										"south": { "texture": "#blackbronze", "uv": [ 11.5, 6.0, 12.0, 7.0 ] },
										"west": { "texture": "#blackbronze", "uv": [ 10.5, 6.5, 11.0, 7.5 ] },
										"up": { "texture": "#blackbronze", "uv": [ 10.5, 10.5, 11.0, 11.0 ] },
										"down": { "texture": "#blackbronze", "uv": [ 2.5, 7.5, 3.0, 8.0 ] }
									}
								},
								{
									"name": "Cube26",
									"from": [ -0.1, 0.25, -1.4 ], 
									"to": [ 0.5, 1.55, -0.8 ], 
									"rotationOrigin": [ 0.2, 0.3, -1.1 ],
									"rotationY": -30.0,
									"faces": {
										"north": { "texture": "#blackbronze", "uv": [ 1.0, 11.5, 1.5, 12.5 ] },
										"east": { "texture": "#blackbronze", "uv": [ 10.5, 10.5, 11.0, 11.5 ] },
										"south": { "texture": "#blackbronze", "uv": [ 4.5, 0.5, 5.0, 1.5 ] },
										"west": { "texture": "#blackbronze", "uv": [ 10.5, 1.0, 11.0, 2.0 ] },
										"up": { "texture": "#blackbronze", "uv": [ 10.5, 7.0, 11.0, 7.5 ] },
										"down": { "texture": "#blackbronze", "uv": [ 0.0, 3.0, 0.5, 3.5 ] }
									}
								}
							]
						}
					]
				}
			]
		}
	]}