{
	"editor": {
		"allAngles": false,
		"entityTextureMode": false
	},
	"textureWidth": 16,
	"textureHeight": 16,
	"textureSizes": {
	},
	"textures": {
		"iron": "game:block/metal/ingot/iron",
		"handle": "game:block/leather/plain",
		"blade": "game:block/metal/ingot/steel"
	},
	"elements": [
		{
			"name": "Origin",
			"from": [ -11.0, 0.0, 8.0 ], 
			"to": [ -11.0, 0.0, 8.0 ], 
			"rotationOrigin": [ -11.0, 0.0, 8.0 ],
			"faces": {
				"north": { "texture": "#null", "uv": [ 12.5, 14.0, 13.0, 14.5 ] },
				"east": { "texture": "#null", "uv": [ 7.0, 3.5, 7.5, 4.0 ] },
				"south": { "texture": "#null", "uv": [ 8.5, 15.0, 9.0, 15.5 ] },
				"west": { "texture": "#null", "uv": [ 0.0, 2.5, 0.5, 3.0 ] },
				"up": { "texture": "#null", "uv": [ 11.0, 6.5, 11.5, 7.0 ] },
				"down": { "texture": "#null", "uv": [ 13.0, 5.0, 13.5, 5.5 ] }
			},
			"children": [
				{
					"name": "Blade",
					"from": [ 16.0, 0.0, 0.0 ], 
					"to": [ 16.0, 0.0, 0.0 ], 
					"rotationOrigin": [ 16.0, 0.0, 0.0 ],
					"faces": {
						"north": { "texture": "#blade", "uv": [ 9.0, 14.0, 9.5, 14.5 ] },
						"east": { "texture": "#blade", "uv": [ 4.5, 8.5, 5.0, 9.0 ] },
						"south": { "texture": "#blade", "uv": [ 9.5, 0.5, 10.0, 1.0 ] },
						"west": { "texture": "#blade", "uv": [ 10.0, 0.0, 10.5, 0.5 ] },
						"up": { "texture": "#blade", "uv": [ 0.5, 1.5, 1.0, 2.0 ] },
						"down": { "texture": "#blade", "uv": [ 11.0, 1.0, 11.5, 1.5 ] }
					},
					"children": [
						{
							"name": "Cube1",
							"from": [ -4.0, 0.0, 0.0 ], 
							"to": [ 0.0, 2.0, 0.4 ], 
							"rotationOrigin": [ -4.0, 0.0, 0.0 ],
							"faces": {
								"north": { "texture": "#blade", "uv": [ 4.0, 10.5, 8.0, 12.5 ] },
								"east": { "texture": "#blade", "uv": [ 3.5, 2.0, 4.0, 4.0 ] },
								"south": { "texture": "#blade", "uv": [ 8.0, 2.0, 12.0, 4.0 ] },
								"west": { "texture": "#blade", "uv": [ 8.0, 1.0, 8.5, 3.0 ] },
								"up": { "texture": "#blade", "uv": [ 1.0, 5.5, 5.0, 6.0 ] },
								"down": { "texture": "#blade", "uv": [ 11.0, 2.0, 15.0, 2.5 ] }
							},
							"children": [
								{
									"name": "Cube5",
									"from": [ 0.0, -0.4, 0.1 ], 
									"to": [ 4.0, 2.4, 0.3 ], 
									"rotationOrigin": [ 0.0, -0.4, 0.1 ],
									"faces": {
										"north": { "texture": "#blade", "uv": [ 2.0, 3.0, 6.0, 5.5 ] },
										"east": { "texture": "#blade", "uv": [ 11.0, 4.0, 11.5, 6.5 ] },
										"south": { "texture": "#blade", "uv": [ 3.0, 9.0, 7.0, 11.5 ] },
										"west": { "texture": "#blade", "uv": [ 1.5, 1.0, 2.0, 3.5 ] },
										"up": { "texture": "#blade", "uv": [ 1.5, 9.0, 5.5, 9.5 ] },
										"down": { "texture": "#blade", "uv": [ 9.0, 0.0, 13.0, 0.5 ] }
									}
								}
							]
						},
						{
							"name": "Cube6",
							"from": [ 0.0, 0.0, 0.01 ], 
							"to": [ 3.0, 2.0, 0.39 ], 
							"rotationOrigin": [ 0.0, 0.0, 0.0 ],
							"rotationZ": 12.0,
							"faces": {
								"north": { "texture": "#blade", "uv": [ 9.0, 9.5, 12.0, 11.5 ] },
								"east": { "texture": "#blade", "uv": [ 5.0, 0.0, 5.5, 2.0 ] },
								"south": { "texture": "#blade", "uv": [ 4.0, 11.0, 7.0, 13.0 ] },
								"west": { "texture": "#blade", "uv": [ 12.5, 0.0, 13.0, 2.0 ] },
								"up": { "texture": "#blade", "uv": [ 6.0, 5.5, 9.0, 6.0 ] },
								"down": { "texture": "#blade", "uv": [ 6.0, 7.0, 9.0, 7.5 ] }
							},
							"children": [
								{
									"name": "Cube7",
									"from": [ -0.1, -0.4, 0.1 ], 
									"to": [ 3.1, 2.4, 0.28 ], 
									"rotationOrigin": [ -0.1, -0.4, 0.1 ],
									"faces": {
										"north": { "texture": "#blade", "uv": [ 8.0, 10.0, 11.0, 12.5 ] },
										"east": { "texture": "#blade", "uv": [ 7.0, 2.0, 7.5, 4.5 ] },
										"south": { "texture": "#blade", "uv": [ 5.0, 0.0, 8.0, 2.5 ] },
										"west": { "texture": "#blade", "uv": [ 9.0, 2.5, 9.5, 5.0 ] },
										"up": { "texture": "#blade", "uv": [ 12.0, 6.5, 15.0, 7.0 ] },
										"down": { "texture": "#blade", "uv": [ 3.0, 6.5, 6.0, 7.0 ] }
									}
								}
							]
						},
						{
							"name": "Cube8",
							"from": [ 2.1, 0.6, 0.02 ], 
							"to": [ 6.1, 2.6, 0.38 ], 
							"rotationOrigin": [ 2.2, 0.6, 0.0 ],
							"rotationZ": -12.0,
							"faces": {
								"north": { "texture": "#blade", "uv": [ 9.0, 4.0, 13.0, 6.0 ] },
								"east": { "texture": "#blade", "uv": [ 6.0, 10.0, 6.5, 12.0 ] },
								"south": { "texture": "#blade", "uv": [ 2.5, 9.0, 6.5, 11.0 ] },
								"west": { "texture": "#blade", "uv": [ 9.0, 9.5, 9.5, 11.5 ] },
								"up": { "texture": "#blade", "uv": [ 6.0, 2.0, 10.0, 2.5 ] },
								"down": { "texture": "#blade", "uv": [ 11.0, 12.5, 15.0, 13.0 ] }
							},
							"children": [
								{
									"name": "Cube9",
									"from": [ -0.1, -0.4, 0.1 ], 
									"to": [ 4.0, 2.4, 0.26 ], 
									"rotationOrigin": [ -0.1, -0.4, 0.1 ],
									"faces": {
										"north": { "texture": "#blade", "uv": [ 0.0, 4.0, 4.0, 6.5 ] },
										"east": { "texture": "#blade", "uv": [ 12.5, 13.0, 13.0, 15.5 ] },
										"south": { "texture": "#blade", "uv": [ 5.0, 5.5, 9.0, 8.0 ] },
										"west": { "texture": "#blade", "uv": [ 11.0, 11.5, 11.5, 14.0 ] },
										"up": { "texture": "#blade", "uv": [ 11.5, 1.0, 15.5, 1.5 ] },
										"down": { "texture": "#blade", "uv": [ 3.5, 15.0, 7.5, 15.5 ] }
									}
								}
							]
						},
						{
							"name": "Cube10",
							"from": [ 6.0, -0.1, 0.03 ], 
							"to": [ 10.0, 1.7, 0.37 ], 
							"rotationOrigin": [ 6.0, -0.1, 0.0 ],
							"rotationZ": 13.0,
							"faces": {
								"north": { "texture": "#blade", "uv": [ 4.5, 11.5, 8.5, 13.0 ] },
								"east": { "texture": "#blade", "uv": [ 5.5, 11.5, 6.0, 13.0 ] },
								"south": { "texture": "#blade", "uv": [ 9.5, 4.0, 13.5, 5.5 ] },
								"west": { "texture": "#blade", "uv": [ 7.5, 7.0, 8.0, 8.5 ] },
								"up": { "texture": "#blade", "uv": [ 9.5, 15.0, 13.5, 15.5 ] },
								"down": { "texture": "#blade", "uv": [ 5.5, 0.5, 9.5, 1.0 ] }
							},
							"children": [
								{
									"name": "Cube11",
									"from": [ -0.2, -0.4, 0.1 ], 
									"to": [ 4.0, 2.2, 0.24 ], 
									"rotationOrigin": [ -0.2, -0.4, 0.1 ],
									"faces": {
										"north": { "texture": "#blade", "uv": [ 4.5, 11.5, 8.5, 14.0 ] },
										"east": { "texture": "#blade", "uv": [ 4.0, 5.0, 4.5, 7.5 ] },
										"south": { "texture": "#blade", "uv": [ 0.5, 7.0, 4.5, 9.5 ] },
										"west": { "texture": "#blade", "uv": [ 2.0, 13.0, 2.5, 15.5 ] },
										"up": { "texture": "#blade", "uv": [ 4.5, 0.5, 8.5, 1.0 ] },
										"down": { "texture": "#blade", "uv": [ 2.5, 2.5, 6.5, 3.0 ] }
									}
								}
							]
						},
						{
							"name": "Cube12",
							"from": [ 9.0, 0.9, 0.04 ], 
							"to": [ 13.0, 2.5, 0.36 ], 
							"rotationOrigin": [ 9.0, 0.9, 0.0 ],
							"rotationZ": -12.0,
							"faces": {
								"north": { "texture": "#blade", "uv": [ 1.0, 5.5, 5.0, 7.0 ] },
								"east": { "texture": "#blade", "uv": [ 7.5, 7.5, 8.0, 9.0 ] },
								"south": { "texture": "#blade", "uv": [ 2.0, 5.5, 6.0, 7.0 ] },
								"west": { "texture": "#blade", "uv": [ 7.0, 5.0, 7.5, 6.5 ] },
								"up": { "texture": "#blade", "uv": [ 7.5, 15.0, 11.5, 15.5 ] },
								"down": { "texture": "#blade", "uv": [ 7.5, 2.5, 11.5, 3.0 ] }
							},
							"children": [
								{
									"name": "Cube13",
									"from": [ 0.0, -0.4, 0.1 ], 
									"to": [ 4.0, 2.0, 0.22 ], 
									"rotationOrigin": [ 0.0, -0.4, 0.1 ],
									"faces": {
										"north": { "texture": "#blade", "uv": [ 3.0, 5.0, 7.0, 7.0 ] },
										"east": { "texture": "#blade", "uv": [ 13.5, 12.0, 14.0, 14.0 ] },
										"south": { "texture": "#blade", "uv": [ 8.5, 0.5, 12.5, 2.5 ] },
										"west": { "texture": "#blade", "uv": [ 4.5, 6.5, 5.0, 8.5 ] },
										"up": { "texture": "#blade", "uv": [ 9.5, 2.0, 13.5, 2.5 ] },
										"down": { "texture": "#blade", "uv": [ 11.0, 13.5, 15.0, 14.0 ] }
									}
								}
							]
						},
						{
							"name": "Cube14",
							"from": [ 12.9, 0.1, 0.05 ], 
							"to": [ 16.9, 1.5, 0.35 ], 
							"rotationOrigin": [ 12.9, 0.1, 0.0 ],
							"rotationZ": 13.0,
							"faces": {
								"north": { "texture": "#blade", "uv": [ 2.5, 14.0, 6.5, 15.0 ] },
								"east": { "texture": "#blade", "uv": [ 13.0, 0.0, 13.5, 1.0 ] },
								"south": { "texture": "#blade", "uv": [ 10.0, 8.5, 14.0, 9.5 ] },
								"west": { "texture": "#blade", "uv": [ 10.5, 12.5, 11.0, 13.5 ] },
								"up": { "texture": "#blade", "uv": [ 1.5, 1.5, 5.5, 2.0 ] },
								"down": { "texture": "#blade", "uv": [ 0.0, 12.5, 4.0, 13.0 ] }
							},
							"children": [
								{
									"name": "Cube15",
									"from": [ -0.2, -0.4, 0.1 ], 
									"to": [ 4.0, 1.8, 0.2 ], 
									"rotationOrigin": [ -0.2, -0.4, 0.1 ],
									"faces": {
										"north": { "texture": "#blade", "uv": [ 10.5, 2.0, 14.5, 4.0 ] },
										"east": { "texture": "#blade", "uv": [ 8.5, 11.5, 9.0, 13.5 ] },
										"south": { "texture": "#blade", "uv": [ 6.5, 13.5, 10.5, 15.5 ] },
										"west": { "texture": "#blade", "uv": [ 5.0, 3.5, 5.5, 5.5 ] },
										"up": { "texture": "#blade", "uv": [ 0.0, 1.0, 4.0, 1.5 ] },
										"down": { "texture": "#blade", "uv": [ 1.0, 4.0, 5.0, 4.5 ] }
									}
								}
							]
						},
						{
							"name": "Cube16",
							"from": [ 16.2, 1.1, 0.06 ], 
							"to": [ 20.2, 2.3, 0.34 ], 
							"rotationOrigin": [ 16.2, 1.1, 0.0 ],
							"rotationZ": -12.0,
							"faces": {
								"north": { "texture": "#blade", "uv": [ 2.0, 11.5, 6.0, 12.5 ] },
								"east": { "texture": "#blade", "uv": [ 12.5, 3.5, 13.0, 4.5 ] },
								"south": { "texture": "#blade", "uv": [ 0.5, 0.0, 4.5, 1.0 ] },
								"west": { "texture": "#blade", "uv": [ 2.5, 13.0, 3.0, 14.0 ] },
								"up": { "texture": "#blade", "uv": [ 2.0, 2.0, 6.0, 2.5 ] },
								"down": { "texture": "#blade", "uv": [ 0.5, 6.5, 4.5, 7.0 ] }
							},
							"children": [
								{
									"name": "Cube17",
									"from": [ -0.2, -0.4, 0.095 ], 
									"to": [ 4.0, 1.6, 0.185 ], 
									"rotationOrigin": [ -0.2, -0.4, 0.1 ],
									"faces": {
										"north": { "texture": "#blade", "uv": [ 5.5, 9.0, 9.5, 11.0 ] },
										"east": { "texture": "#blade", "uv": [ 9.5, 4.5, 10.0, 6.5 ] },
										"south": { "texture": "#blade", "uv": [ 1.0, 13.5, 5.0, 15.5 ] },
										"west": { "texture": "#blade", "uv": [ 13.0, 2.0, 13.5, 4.0 ] },
										"up": { "texture": "#blade", "uv": [ 1.0, 14.0, 5.0, 14.5 ] },
										"down": { "texture": "#blade", "uv": [ 4.5, 0.0, 8.5, 0.5 ] }
									}
								}
							]
						},
						{
							"name": "Cube18",
							"from": [ 20.1, 0.3, 0.07 ], 
							"to": [ 24.1, 1.3, 0.33 ], 
							"rotationOrigin": [ 20.1, 0.3, 0.0 ],
							"rotationZ": 13.0,
							"faces": {
								"north": { "texture": "#blade", "uv": [ 5.0, 7.0, 9.0, 8.0 ] },
								"east": { "texture": "#blade", "uv": [ 4.0, 6.0, 4.5, 7.0 ] },
								"south": { "texture": "#blade", "uv": [ 8.5, 6.0, 12.5, 7.0 ] },
								"west": { "texture": "#blade", "uv": [ 8.5, 11.5, 9.0, 12.5 ] },
								"up": { "texture": "#blade", "uv": [ 8.5, 6.5, 12.5, 7.0 ] },
								"down": { "texture": "#blade", "uv": [ 4.5, 10.5, 8.5, 11.0 ] }
							},
							"children": [
								{
									"name": "Cube19",
									"from": [ -0.2, -0.4, 0.09 ], 
									"to": [ 4.0, 1.4, 0.16 ], 
									"rotationOrigin": [ -0.2, -0.4, 0.2 ],
									"faces": {
										"north": { "texture": "#blade", "uv": [ 8.5, 11.0, 12.5, 12.5 ] },
										"east": { "texture": "#blade", "uv": [ 11.5, 0.5, 12.0, 2.0 ] },
										"south": { "texture": "#blade", "uv": [ 8.0, 10.5, 12.0, 12.0 ] },
										"west": { "texture": "#blade", "uv": [ 14.5, 5.0, 15.0, 6.5 ] },
										"up": { "texture": "#blade", "uv": [ 2.0, 3.0, 6.0, 3.5 ] },
										"down": { "texture": "#blade", "uv": [ 9.0, 4.0, 13.0, 4.5 ] }
									}
								}
							]
						},
						{
							"name": "Cube20",
							"from": [ 23.5, 1.3, 0.08 ], 
							"to": [ 26.5, 2.1, 0.32 ], 
							"rotationOrigin": [ 23.5, 1.3, 0.0 ],
							"rotationZ": -12.0,
							"faces": {
								"north": { "texture": "#blade", "uv": [ 9.5, 8.0, 12.5, 8.5 ] },
								"east": { "texture": "#blade", "uv": [ 12.5, 12.0, 13.0, 12.5 ] },
								"south": { "texture": "#blade", "uv": [ 11.5, 14.0, 14.5, 14.5 ] },
								"west": { "texture": "#blade", "uv": [ 10.0, 5.0, 10.5, 5.5 ] },
								"up": { "texture": "#blade", "uv": [ 7.0, 14.5, 10.0, 15.0 ] },
								"down": { "texture": "#blade", "uv": [ 2.0, 13.0, 5.0, 13.5 ] }
							},
							"children": [
								{
									"name": "Cube21",
									"from": [ -0.2, -0.4, 0.085 ], 
									"to": [ 3.0, 1.2, 0.145 ], 
									"rotationOrigin": [ -0.2, -0.4, 0.1 ],
									"faces": {
										"north": { "texture": "#blade", "uv": [ 9.5, 9.0, 12.5, 10.5 ] },
										"east": { "texture": "#blade", "uv": [ 1.0, 11.0, 1.5, 12.5 ] },
										"south": { "texture": "#blade", "uv": [ 1.5, 4.0, 4.5, 5.5 ] },
										"west": { "texture": "#blade", "uv": [ 8.5, 10.5, 9.0, 12.0 ] },
										"up": { "texture": "#blade", "uv": [ 2.5, 1.5, 5.5, 2.0 ] },
										"down": { "texture": "#blade", "uv": [ 9.5, 8.5, 12.5, 9.0 ] }
									}
								}
							]
						},
						{
							"name": "Cube22",
							"from": [ 26.4, 0.8, 0.09 ], 
							"to": [ 28.0, 1.4, 0.31 ], 
							"rotationOrigin": [ 26.4, 0.8, 0.0 ],
							"faces": {
								"north": { "texture": "#blade", "uv": [ 14.0, 14.5, 15.5, 15.0 ] },
								"east": { "texture": "#blade", "uv": [ 12.5, 14.5, 13.0, 15.0 ] },
								"south": { "texture": "#blade", "uv": [ 12.5, 9.5, 14.0, 10.0 ] },
								"west": { "texture": "#blade", "uv": [ 14.5, 8.5, 15.0, 9.0 ] },
								"up": { "texture": "#blade", "uv": [ 5.0, 10.5, 6.5, 11.0 ] },
								"down": { "texture": "#blade", "uv": [ 0.5, 15.0, 2.0, 15.5 ] }
							},
							"children": [
								{
									"name": "Cube23",
									"from": [ -0.2, -0.4, 0.08 ], 
									"to": [ 1.6, 1.0, 0.13 ], 
									"rotationOrigin": [ -0.2, -0.4, 0.1 ],
									"faces": {
										"north": { "texture": "#blade", "uv": [ 1.5, 10.5, 3.0, 11.5 ] },
										"east": { "texture": "#blade", "uv": [ 5.0, 10.0, 5.5, 11.0 ] },
										"south": { "texture": "#blade", "uv": [ 7.5, 2.0, 9.0, 3.0 ] },
										"west": { "texture": "#blade", "uv": [ 11.5, 4.0, 12.0, 5.0 ] },
										"up": { "texture": "#blade", "uv": [ 12.0, 14.0, 13.5, 14.5 ] },
										"down": { "texture": "#blade", "uv": [ 2.5, 9.5, 4.0, 10.0 ] }
									}
								},
								{
									"name": "Cube24",
									"from": [ 1.6, -0.2, 0.08 ], 
									"to": [ 2.6, 0.8, 0.13 ], 
									"rotationOrigin": [ 1.6, -0.2, 0.1 ],
									"faces": {
										"north": { "texture": "#blade", "uv": [ 2.5, 1.5, 3.5, 2.5 ] },
										"east": { "texture": "#blade", "uv": [ 7.0, 1.0, 7.5, 2.0 ] },
										"south": { "texture": "#blade", "uv": [ 9.5, 4.0, 10.5, 5.0 ] },
										"west": { "texture": "#blade", "uv": [ 4.0, 0.5, 4.5, 1.5 ] },
										"up": { "texture": "#blade", "uv": [ 7.0, 2.0, 8.0, 2.5 ] },
										"down": { "texture": "#blade", "uv": [ 6.0, 7.5, 7.0, 8.0 ] }
									}
								},
								{
									"name": "Cube25",
									"from": [ 2.6, -0.1, 0.08 ], 
									"to": [ 2.9, 0.7, 0.13 ], 
									"rotationOrigin": [ 2.6, -0.1, 0.1 ],
									"faces": {
										"north": { "texture": "#blade", "uv": [ 15.0, 2.0, 15.5, 2.5 ] },
										"east": { "texture": "#blade", "uv": [ 2.0, 5.0, 2.5, 5.5 ] },
										"south": { "texture": "#blade", "uv": [ 2.5, 15.0, 3.0, 15.5 ] },
										"west": { "texture": "#blade", "uv": [ 9.0, 11.5, 9.5, 12.0 ] },
										"up": { "texture": "#blade", "uv": [ 14.5, 3.5, 15.0, 4.0 ] },
										"down": { "texture": "#blade", "uv": [ 1.5, 6.5, 2.0, 7.0 ] }
									}
								}
							]
						},
						{
							"name": "Cube26",
							"from": [ -10.0, 0.4, 0.1 ], 
							"to": [ -4.0, 1.6, 0.3 ], 
							"rotationOrigin": [ -10.0, 0.4, 0.1 ],
							"faces": {
								"north": { "texture": "#blade", "uv": [ 0.0, 10.5, 6.0, 11.5 ] },
								"east": { "texture": "#blade", "uv": [ 5.5, 5.0, 6.0, 6.0 ] },
								"south": { "texture": "#blade", "uv": [ 6.5, 14.5, 12.5, 15.5 ] },
								"west": { "texture": "#blade", "uv": [ 10.5, 13.0, 11.0, 14.0 ] },
								"up": { "texture": "#blade", "uv": [ 2.5, 12.5, 8.5, 13.0 ] },
								"down": { "texture": "#blade", "uv": [ 5.5, 15.0, 11.5, 15.5 ] }
							}
						},
						{
							"name": "Cube27",
							"from": [ 28.0, 0.9, 0.09 ], 
							"to": [ 28.8, 1.3, 0.31 ], 
							"rotationOrigin": [ 28.0, 0.9, 0.0 ],
							"faces": {
								"north": { "texture": "#blade", "uv": [ 0.5, 13.0, 1.0, 13.5 ] },
								"east": { "texture": "#blade", "uv": [ 9.5, 9.0, 10.0, 9.5 ] },
								"south": { "texture": "#blade", "uv": [ 14.0, 7.0, 14.5, 7.5 ] },
								"west": { "texture": "#blade", "uv": [ 2.0, 13.0, 2.5, 13.5 ] },
								"up": { "texture": "#blade", "uv": [ 1.0, 6.0, 1.5, 6.5 ] },
								"down": { "texture": "#blade", "uv": [ 9.5, 0.0, 10.0, 0.5 ] }
							}
						},
						{
							"name": "Cube41",
							"from": [ -3.8, 1.0, -0.03 ], 
							"to": [ -3.5, 1.8, 0.17 ], 
							"rotationOrigin": [ -3.65, 1.0, -0.1 ],
							"rotationZ": -90.0,
							"faces": {
								"north": { "texture": "#iron", "uv": [ 0.0, 0.0, 0.5, 0.5 ] },
								"east": { "texture": "#iron", "uv": [ 0.0, 0.0, 0.5, 0.5 ] },
								"south": { "texture": "#iron", "uv": [ 0.0, 0.0, 0.5, 0.5 ] },
								"west": { "texture": "#iron", "uv": [ 0.0, 0.0, 0.5, 0.5 ] },
								"up": { "texture": "#iron", "uv": [ 0.0, 0.0, 0.5, 0.5 ] },
								"down": { "texture": "#iron", "uv": [ 0.0, 0.0, 0.5, 0.5 ] }
							},
							"children": [
								{
									"name": "Cube42",
									"from": [ 0.0, 0.0, 0.0 ], 
									"to": [ 0.3, 0.7, 0.2 ], 
									"rotationOrigin": [ 0.15, 0.0, 0.0 ],
									"rotationZ": 27.0,
									"faces": {
										"north": { "texture": "#iron", "uv": [ 0.0, 0.0, 0.5, 0.5 ] },
										"east": { "texture": "#iron", "uv": [ 0.0, 0.0, 0.5, 0.5 ] },
										"south": { "texture": "#iron", "uv": [ 0.0, 0.0, 0.5, 0.5 ] },
										"west": { "texture": "#iron", "uv": [ 0.0, 0.0, 0.5, 0.5 ] },
										"up": { "texture": "#iron", "uv": [ 0.0, 0.0, 0.5, 0.5 ] },
										"down": { "texture": "#iron", "uv": [ 0.0, 0.0, 0.5, 0.5 ] }
									}
								},
								{
									"name": "Cube43",
									"from": [ 0.0, 0.0, 0.0 ], 
									"to": [ 0.3, 0.7, 0.2 ], 
									"rotationOrigin": [ 0.15, 0.0, 0.0 ],
									"rotationZ": -27.0,
									"faces": {
										"north": { "texture": "#iron", "uv": [ 0.0, 0.0, 0.5, 0.5 ] },
										"east": { "texture": "#iron", "uv": [ 0.0, 0.0, 0.5, 0.5 ] },
										"south": { "texture": "#iron", "uv": [ 0.0, 0.0, 0.5, 0.5 ] },
										"west": { "texture": "#iron", "uv": [ 0.0, 0.0, 0.5, 0.5 ] },
										"up": { "texture": "#iron", "uv": [ 0.0, 0.0, 0.5, 0.5 ] },
										"down": { "texture": "#iron", "uv": [ 0.0, 0.0, 0.5, 0.5 ] }
									}
								},
								{
									"name": "Cube44",
									"from": [ -0.15, -0.1, 0.0 ], 
									"to": [ 0.45, 0.2, 0.2 ], 
									"rotationOrigin": [ -0.1, -0.1, 0.0 ],
									"faces": {
										"north": { "texture": "#iron", "uv": [ 0.0, 0.0, 0.5, 0.5 ] },
										"east": { "texture": "#iron", "uv": [ 0.0, 0.0, 0.5, 0.5 ] },
										"south": { "texture": "#iron", "uv": [ 0.0, 0.0, 0.5, 0.5 ] },
										"west": { "texture": "#iron", "uv": [ 0.0, 0.0, 0.5, 0.5 ] },
										"up": { "texture": "#iron", "uv": [ 0.0, 0.0, 0.5, 0.5 ] },
										"down": { "texture": "#iron", "uv": [ 0.0, 0.0, 0.5, 0.5 ] }
									}
								},
								{
									"name": "Cube45",
									"from": [ 0.05, 0.85, 0.0 ], 
									"to": [ 0.25, 0.95, 0.2 ], 
									"rotationOrigin": [ 0.1, 0.8, 0.0 ],
									"faces": {
										"north": { "texture": "#iron", "uv": [ 0.0, 0.0, 0.5, 0.5 ] },
										"east": { "texture": "#iron", "uv": [ 0.0, 0.0, 0.5, 0.5 ] },
										"south": { "texture": "#iron", "uv": [ 0.0, 0.0, 0.5, 0.5 ] },
										"west": { "texture": "#iron", "uv": [ 0.0, 0.0, 0.5, 0.5 ] },
										"up": { "texture": "#iron", "uv": [ 0.0, 0.0, 0.5, 0.5 ] },
										"down": { "texture": "#iron", "uv": [ 0.0, 0.0, 0.5, 0.5 ] }
									}
								}
							]
						}
					]
				},
				{
					"name": "Handle",
					"from": [ 0.0, 0.0, 0.0 ], 
					"to": [ 0.0, 0.0, 0.0 ], 
					"faces": {
						"north": { "texture": "#null", "uv": [ 7.0, 11.0, 7.5, 11.5 ] },
						"east": { "texture": "#null", "uv": [ 5.0, 12.0, 5.5, 12.5 ] },
						"south": { "texture": "#null", "uv": [ 13.0, 5.0, 13.5, 5.5 ] },
						"west": { "texture": "#null", "uv": [ 10.0, 7.0, 10.5, 7.5 ] },
						"up": { "texture": "#null", "uv": [ 0.5, 13.5, 1.0, 14.0 ] },
						"down": { "texture": "#null", "uv": [ 3.0, 7.0, 3.5, 7.5 ] }
					},
					"children": [
						{
							"name": "Cube28",
							"from": [ 11.4, -0.5, -1.3 ], 
							"to": [ 12.0, 2.5, 1.7 ], 
							"rotationOrigin": [ 11.4, 1.0, 0.2 ],
							"rotationX": 45.0,
							"faces": {
								"north": { "texture": "#blade", "uv": [ 10.0, 8.0, 10.5, 11.0 ] },
								"east": { "texture": "#blade", "uv": [ 3.5, 3.5, 6.5, 6.5 ] },
								"south": { "texture": "#blade", "uv": [ 3.0, 5.0, 3.5, 8.0 ] },
								"west": { "texture": "#blade", "uv": [ 10.5, 2.5, 13.5, 5.5 ] },
								"up": { "texture": "#blade", "uv": [ 3.5, 9.0, 4.0, 12.0 ] },
								"down": { "texture": "#blade", "uv": [ 1.5, 9.0, 2.0, 12.0 ] }
							}
						},
						{
							"name": "Cube29",
							"from": [ 11.45, 2.7, -0.2 ], 
							"to": [ 11.95, 6.7, 0.6 ], 
							"rotationOrigin": [ 11.4, 2.7, -0.2 ],
							"faces": {
								"north": { "texture": "#blade", "uv": [ 3.5, 6.0, 4.0, 10.0 ] },
								"east": { "texture": "#blade", "uv": [ 13.5, 10.5, 14.0, 14.5 ] },
								"south": { "texture": "#blade", "uv": [ 13.5, 0.0, 14.0, 4.0 ] },
								"west": { "texture": "#blade", "uv": [ 7.0, 10.0, 7.5, 14.0 ] },
								"up": { "texture": "#blade", "uv": [ 6.0, 12.0, 6.5, 12.5 ] },
								"down": { "texture": "#blade", "uv": [ 9.0, 11.5, 9.5, 12.0 ] }
							},
							"children": [
								{
									"name": "Cube30",
									"from": [ -0.2, 4.0, -0.2 ], 
									"to": [ 0.7, 4.7, 1.0 ], 
									"rotationOrigin": [ -0.2, 4.0, -0.2 ],
									"faces": {
										"north": { "texture": "#blade", "uv": [ 2.0, 7.0, 2.5, 7.5 ] },
										"east": { "texture": "#blade", "uv": [ 1.5, 3.0, 2.5, 3.5 ] },
										"south": { "texture": "#blade", "uv": [ 5.5, 14.5, 6.0, 15.0 ] },
										"west": { "texture": "#blade", "uv": [ 4.0, 7.0, 5.0, 7.5 ] },
										"up": { "texture": "#blade", "uv": [ 8.5, 10.5, 9.0, 11.5 ] },
										"down": { "texture": "#blade", "uv": [ 15.0, 8.5, 15.5, 9.5 ] }
									},
									"children": [
										{
											"name": "Cube31",
											"from": [ 0.1, 0.7, 0.1 ], 
											"to": [ 0.8, 0.9, 1.1 ], 
											"rotationOrigin": [ 0.1, 0.7, 0.1 ],
											"faces": {
												"north": { "texture": "#blade", "uv": [ 3.0, 15.0, 3.5, 15.5 ] },
												"east": { "texture": "#blade", "uv": [ 2.0, 8.0, 3.0, 8.5 ] },
												"south": { "texture": "#blade", "uv": [ 14.0, 8.5, 14.5, 9.0 ] },
												"west": { "texture": "#blade", "uv": [ 10.0, 1.0, 11.0, 1.5 ] },
												"up": { "texture": "#blade", "uv": [ 14.0, 5.5, 14.5, 6.5 ] },
												"down": { "texture": "#blade", "uv": [ 14.0, 12.0, 14.5, 13.0 ] }
											}
										}
									]
								}
							]
						},
						{
							"name": "Cube32",
							"from": [ 11.45, -0.7, 0.6 ], 
							"to": [ 11.95, 3.3, 1.4 ], 
							"rotationOrigin": [ 11.4, -0.7, 0.6 ],
							"rotationX": 180.0,
							"faces": {
								"north": { "texture": "#blade", "uv": [ 5.0, 3.5, 5.5, 7.5 ] },
								"east": { "texture": "#blade", "uv": [ 3.5, 3.5, 4.0, 7.5 ] },
								"south": { "texture": "#blade", "uv": [ 5.5, 5.0, 6.0, 9.0 ] },
								"west": { "texture": "#blade", "uv": [ 0.5, 11.0, 1.0, 15.0 ] },
								"up": { "texture": "#blade", "uv": [ 15.0, 9.0, 15.5, 9.5 ] },
								"down": { "texture": "#blade", "uv": [ 9.5, 13.0, 10.0, 13.5 ] }
							},
							"children": [
								{
									"name": "Cube33",
									"from": [ -0.2, 4.0, -0.2 ], 
									"to": [ 0.7, 4.7, 1.0 ], 
									"rotationOrigin": [ -0.2, 4.0, -0.2 ],
									"faces": {
										"north": { "texture": "#blade", "uv": [ 2.5, 11.5, 3.0, 12.0 ] },
										"east": { "texture": "#blade", "uv": [ 2.5, 2.5, 3.5, 3.0 ] },
										"south": { "texture": "#blade", "uv": [ 8.0, 14.5, 8.5, 15.0 ] },
										"west": { "texture": "#blade", "uv": [ 11.5, 13.5, 12.5, 14.0 ] },
										"up": { "texture": "#blade", "uv": [ 12.5, 3.0, 13.0, 4.0 ] },
										"down": { "texture": "#blade", "uv": [ 8.5, 6.0, 9.0, 7.0 ] }
									},
									"children": [
										{
											"name": "Cube34",
											"from": [ 0.1, 0.7, 0.1 ], 
											"to": [ 0.8, 0.9, 1.1 ], 
											"rotationOrigin": [ 0.1, 0.7, 0.1 ],
											"faces": {
												"north": { "texture": "#blade", "uv": [ 1.5, 8.5, 2.0, 9.0 ] },
												"east": { "texture": "#blade", "uv": [ 3.5, 11.5, 4.5, 12.0 ] },
												"south": { "texture": "#blade", "uv": [ 9.0, 0.5, 9.5, 1.0 ] },
												"west": { "texture": "#blade", "uv": [ 4.0, 12.0, 5.0, 12.5 ] },
												"up": { "texture": "#blade", "uv": [ 14.0, 8.5, 14.5, 9.5 ] },
												"down": { "texture": "#blade", "uv": [ 8.5, 12.0, 9.0, 13.0 ] }
											}
										}
									]
								}
							]
						},
						{
							"name": "Cube35",
							"from": [ 7.4, 0.0, -0.8 ], 
							"to": [ 11.4, 2.0, 1.2 ], 
							"rotationOrigin": [ 7.4, 0.0, -0.8 ],
							"faces": {
								"north": { "texture": "#handle", "uv": [ 1.5, 8.0, 5.5, 10.0 ] },
								"east": { "texture": "#handle", "uv": [ 10.0, 3.0, 12.0, 5.0 ] },
								"south": { "texture": "#handle", "uv": [ 9.0, 12.0, 13.0, 14.0 ] },
								"west": { "texture": "#handle", "uv": [ 5.0, 3.0, 7.0, 5.0 ] },
								"up": { "texture": "#handle", "uv": [ 10.5, 6.5, 14.5, 8.5 ] },
								"down": { "texture": "#handle", "uv": [ 9.5, 4.5, 13.5, 6.5 ] }
							},
							"children": [
								{
									"name": "Cube36",
									"from": [ -3.0, 0.2, 0.2 ], 
									"to": [ 0.0, 1.8, 1.8 ], 
									"rotationOrigin": [ -3.0, 0.2, 0.2 ],
									"faces": {
										"north": { "texture": "#handle", "uv": [ 7.5, 1.5, 10.5, 3.0 ] },
										"east": { "texture": "#handle", "uv": [ 10.5, 10.5, 12.0, 12.0 ] },
										"south": { "texture": "#handle", "uv": [ 11.5, 8.0, 14.5, 9.5 ] },
										"west": { "texture": "#handle", "uv": [ 14.0, 11.5, 15.5, 13.0 ] },
										"up": { "texture": "#handle", "uv": [ 8.0, 5.0, 11.0, 6.5 ] },
										"down": { "texture": "#handle", "uv": [ 5.5, 2.5, 8.5, 4.0 ] }
									},
									"children": [
										{
											"name": "Cube37",
											"from": [ -0.2, 0.1, 0.1 ], 
											"to": [ 0.0, 1.5, 1.5 ], 
											"rotationOrigin": [ -0.2, 0.1, 0.1 ],
											"faces": {
												"north": { "texture": "#blade", "uv": [ 9.5, 4.5, 10.0, 5.5 ] },
												"east": { "texture": "#blade", "uv": [ 14.5, 5.5, 15.5, 6.5 ] },
												"south": { "texture": "#blade", "uv": [ 8.5, 5.0, 9.0, 6.0 ] },
												"west": { "texture": "#blade", "uv": [ 8.0, 0.5, 9.0, 1.5 ] },
												"up": { "texture": "#blade", "uv": [ 2.5, 2.0, 3.0, 3.0 ] },
												"down": { "texture": "#blade", "uv": [ 7.5, 3.0, 8.0, 4.0 ] }
											},
											"children": [
												{
													"name": "Cube38",
													"from": [ -3.0, 0.1, 0.1 ], 
													"to": [ 0.0, 1.3, 1.3 ], 
													"rotationOrigin": [ -3.0, 0.1, 0.1 ],
													"faces": {
														"north": { "texture": "#blade", "uv": [ 6.5, 3.0, 9.5, 4.0 ] },
														"east": { "texture": "#blade", "uv": [ 11.5, 13.0, 12.5, 14.0 ] },
														"south": { "texture": "#blade", "uv": [ 11.0, 1.5, 14.0, 2.5 ] },
														"west": { "texture": "#blade", "uv": [ 7.0, 10.5, 8.0, 11.5 ] },
														"up": { "texture": "#blade", "uv": [ 6.0, 1.0, 9.0, 2.0 ] },
														"down": { "texture": "#blade", "uv": [ 0.0, 7.5, 3.0, 8.5 ] }
													},
													"children": [
														{
															"name": "Cube39",
															"from": [ -0.8, -0.2, -0.2 ], 
															"to": [ 0.0, 1.4, 1.4 ], 
															"rotationOrigin": [ -0.8, -0.2, -0.2 ],
															"faces": {
																"north": { "texture": "#blade", "uv": [ 6.0, 2.5, 6.5, 4.0 ] },
																"east": { "texture": "#blade", "uv": [ 3.5, 13.5, 5.0, 15.0 ] },
																"south": { "texture": "#blade", "uv": [ 3.0, 1.0, 3.5, 2.5 ] },
																"west": { "texture": "#blade", "uv": [ 3.0, 11.5, 4.5, 13.0 ] },
																"up": { "texture": "#blade", "uv": [ 11.0, 0.0, 11.5, 1.5 ] },
																"down": { "texture": "#blade", "uv": [ 3.0, 11.5, 3.5, 13.0 ] }
															},
															"children": [
																{
																	"name": "Cube40",
																	"from": [ -1.1, -0.2, -0.2 ], 
																	"to": [ 0.0, 1.8, 1.8 ], 
																	"rotationOrigin": [ -1.1, -0.2, -0.2 ],
																	"faces": {
																		"north": { "texture": "#blade", "uv": [ 9.5, 5.5, 10.5, 7.5 ] },
																		"east": { "texture": "#blade", "uv": [ 1.5, 9.5, 3.5, 11.5 ] },
																		"south": { "texture": "#blade", "uv": [ 7.5, 4.0, 8.5, 6.0 ] },
																		"west": { "texture": "#blade", "uv": [ 5.5, 5.0, 7.5, 7.0 ] },
																		"up": { "texture": "#blade", "uv": [ 3.0, 8.0, 4.0, 10.0 ] },
																		"down": { "texture": "#blade", "uv": [ 4.5, 2.5, 5.5, 4.5 ] }
																	}
																}
															]
														}
													]
												}
											]
										}
									]
								}
							]
						}
					]
				}
			]
		}
	]}