{
	"editor": {
		"allAngles": false,
		"entityTextureMode": false
	},
	"textureWidth": 16,
	"textureHeight": 16,
	"textureSizes": {
	},
	"textures": {
		"handle": "game:block/wood-generic",
		"leather": "game:block/leather/plain",
		"blade": "game:block/metal/ingot/meteoriciron"
	},
	"elements": [
		{
			"name": "Origin",
			"from": [ 18.0, 0.0, 8.0 ], 
			"to": [ 18.0, 0.0, 8.0 ], 
			"rotationOrigin": [ 18.0, 0.0, 8.0 ],
			"faces": {
				"north": { "texture": "#blade", "uv": [ 14.5, 15.0, 15.0, 15.5 ] },
				"east": { "texture": "#blade", "uv": [ 15.0, 13.5, 15.5, 14.0 ] },
				"south": { "texture": "#blade", "uv": [ 0.0, 9.0, 0.5, 9.5 ] },
				"west": { "texture": "#blade", "uv": [ 3.0, 5.5, 3.5, 6.0 ] },
				"up": { "texture": "#blade", "uv": [ 12.5, 0.5, 13.0, 1.0 ] },
				"down": { "texture": "#blade", "uv": [ 3.0, 13.5, 3.5, 14.0 ] }
			},
			"children": [
				{
					"name": "Blade",
					"from": [ 0.0, 0.0, 0.0 ], 
					"to": [ 0.0, 0.0, 0.0 ], 
					"faces": {
						"north": { "texture": "#blade", "uv": [ 5.5, 3.0, 6.0, 3.5 ] },
						"east": { "texture": "#blade", "uv": [ 12.5, 14.5, 13.0, 15.0 ] },
						"south": { "texture": "#blade", "uv": [ 7.5, 4.0, 8.0, 4.5 ] },
						"west": { "texture": "#blade", "uv": [ 13.0, 4.5, 13.5, 5.0 ] },
						"up": { "texture": "#blade", "uv": [ 10.0, 4.0, 10.5, 4.5 ] },
						"down": { "texture": "#blade", "uv": [ 12.5, 1.0, 13.0, 1.5 ] }
					},
					"children": [
						{
							"name": "Cube1",
							"from": [ -7.0, 1.58, 0.0 ], 
							"to": [ 9.0, 4.42, 0.3 ], 
							"rotationOrigin": [ -7.0, 1.5, 0.0 ],
							"faces": {
								"north": { "texture": "#blade", "uv": [ 0.0, 12.5, 16.0, 15.0 ] },
								"east": { "texture": "#blade", "uv": [ 5.5, 4.0, 6.0, 6.5 ] },
								"south": { "texture": "#blade", "uv": [ 0.0, 11.5, 16.0, 14.0 ] },
								"west": { "texture": "#blade", "uv": [ 7.5, 0.0, 8.0, 2.5 ] },
								"up": { "texture": "#blade", "uv": [ 0.0, 12.0, 16.0, 12.5 ] },
								"down": { "texture": "#blade", "uv": [ 0.0, 12.0, 16.0, 12.5 ] }
							}
						},
						{
							"name": "Cube5",
							"from": [ 8.0, 2.0, 0.02 ], 
							"to": [ 10.0, 4.0, 0.28 ], 
							"rotationOrigin": [ 9.0, 3.0, 0.1 ],
							"rotationZ": -45.0,
							"faces": {
								"north": { "texture": "#blade", "uv": [ 11.0, 1.5, 13.0, 3.5 ] },
								"east": { "texture": "#blade", "uv": [ 1.5, 3.0, 2.0, 5.0 ] },
								"south": { "texture": "#blade", "uv": [ 12.5, 4.0, 14.5, 6.0 ] },
								"west": { "texture": "#blade", "uv": [ 5.0, 9.0, 5.5, 11.0 ] },
								"up": { "texture": "#blade", "uv": [ 12.5, 14.5, 14.5, 15.0 ] },
								"down": { "texture": "#blade", "uv": [ 13.0, 1.0, 15.0, 1.5 ] }
							}
						},
						{
							"name": "Cube6",
							"from": [ 8.1, 1.8, 0.1 ], 
							"to": [ 10.5, 4.2, 0.2 ], 
							"rotationOrigin": [ 9.3, 3.0, 0.1 ],
							"rotationZ": -45.0,
							"faces": {
								"north": { "texture": "#blade", "uv": [ 13.0, 8.0, 15.0, 10.0 ] },
								"east": { "texture": "#blade", "uv": [ 5.0, 9.5, 5.5, 11.5 ] },
								"south": { "texture": "#blade", "uv": [ 7.0, 7.5, 9.0, 9.5 ] },
								"west": { "texture": "#blade", "uv": [ 13.0, 5.0, 13.5, 7.0 ] },
								"up": { "texture": "#blade", "uv": [ 5.5, 0.5, 7.5, 1.0 ] },
								"down": { "texture": "#blade", "uv": [ 8.0, 10.0, 10.0, 10.5 ] }
							}
						},
						{
							"name": "Cube7",
							"from": [ -7.0, 1.3, 0.09 ], 
							"to": [ 9.3, 4.7, 0.21 ], 
							"rotationOrigin": [ -7.0, 1.3, 0.1 ],
							"faces": {
								"north": { "texture": "#blade", "uv": [ 0.0, 0.0, 16.0, 3.0 ] },
								"east": { "texture": "#blade", "uv": [ 4.5, 10.0, 5.0, 13.0 ] },
								"south": { "texture": "#blade", "uv": [ 0.0, 4.0, 16.0, 7.0 ] },
								"west": { "texture": "#blade", "uv": [ 3.0, 3.0, 3.5, 6.0 ] },
								"up": { "texture": "#blade", "uv": [ 0.0, 1.0, 16.0, 1.5 ] },
								"down": { "texture": "#blade", "uv": [ 0.0, 10.5, 16.0, 11.0 ] }
							}
						},
						{
							"name": "Cube8",
							"from": [ -13.0, 1.58, 0.0 ], 
							"to": [ -7.0, 4.42, 0.3 ], 
							"rotationOrigin": [ -13.0, 1.5, 0.0 ],
							"faces": {
								"north": { "texture": "#blade", "uv": [ 9.0, 9.0, 15.0, 11.5 ] },
								"east": { "texture": "#blade", "uv": [ 11.0, 0.0, 11.5, 2.5 ] },
								"south": { "texture": "#blade", "uv": [ 4.0, 1.5, 10.0, 4.0 ] },
								"west": { "texture": "#blade", "uv": [ 13.5, 1.5, 14.0, 4.0 ] },
								"up": { "texture": "#blade", "uv": [ 8.0, 8.0, 14.0, 8.5 ] },
								"down": { "texture": "#blade", "uv": [ 4.0, 7.5, 10.0, 8.0 ] }
							}
						},
						{
							"name": "Cube9",
							"from": [ -13.0, 1.3, 0.09 ], 
							"to": [ -7.0, 4.7, 0.21 ], 
							"rotationOrigin": [ -13.0, 1.3, 0.1 ],
							"faces": {
								"north": { "texture": "#blade", "uv": [ 7.0, 5.5, 13.0, 8.5 ] },
								"east": { "texture": "#blade", "uv": [ 13.5, 2.5, 14.0, 5.5 ] },
								"south": { "texture": "#blade", "uv": [ 5.5, 1.0, 11.5, 4.0 ] },
								"west": { "texture": "#blade", "uv": [ 0.5, 6.5, 1.0, 9.5 ] },
								"up": { "texture": "#blade", "uv": [ 2.0, 12.0, 8.0, 12.5 ] },
								"down": { "texture": "#blade", "uv": [ 6.5, 13.0, 12.5, 13.5 ] }
							}
						},
						{
							"name": "Cube10",
							"from": [ -18.0, 2.48, 0.0 ], 
							"to": [ -13.0, 3.48, 0.3 ], 
							"rotationOrigin": [ -18.0, 2.4, 0.0 ],
							"faces": {
								"north": { "texture": "#blade", "uv": [ 9.0, 14.5, 14.0, 15.5 ] },
								"east": { "texture": "#blade", "uv": [ 7.5, 4.5, 8.0, 5.5 ] },
								"south": { "texture": "#blade", "uv": [ 2.0, 14.5, 7.0, 15.5 ] },
								"west": { "texture": "#blade", "uv": [ 14.0, 0.5, 14.5, 1.5 ] },
								"up": { "texture": "#blade", "uv": [ 10.5, 5.5, 15.5, 6.0 ] },
								"down": { "texture": "#blade", "uv": [ 4.5, 11.5, 9.5, 12.0 ] }
							}
						}
					]
				},
				{
					"name": "Handle",
					"from": [ -14.6, 1.0, -1.8 ], 
					"to": [ -14.6, 1.0, -1.8 ], 
					"rotationOrigin": [ -14.6, 1.0, -1.8 ],
					"faces": {
						"north": { "texture": "#blade", "uv": [ 10.5, 7.0, 11.0, 7.5 ] },
						"east": { "texture": "#blade", "uv": [ 8.0, 1.0, 8.5, 1.5 ] },
						"south": { "texture": "#blade", "uv": [ 10.0, 7.0, 10.5, 7.5 ] },
						"west": { "texture": "#blade", "uv": [ 14.5, 6.0, 15.0, 6.5 ] },
						"up": { "texture": "#blade", "uv": [ 12.0, 3.0, 12.5, 3.5 ] },
						"down": { "texture": "#blade", "uv": [ 3.5, 1.0, 4.0, 1.5 ] }
					},
					"children": [
						{
							"name": "Cube11",
							"from": [ 0.0, 0.0, 0.0 ], 
							"to": [ 1.4, 4.0, 4.0 ], 
							"faces": {
								"north": { "texture": "#handle", "uv": [ 11.5, 10.5, 12.5, 14.5 ] },
								"east": { "texture": "#handle", "uv": [ 7.5, 7.0, 11.5, 11.0 ] },
								"south": { "texture": "#handle", "uv": [ 2.0, 2.0, 3.0, 6.0 ] },
								"west": { "texture": "#handle", "uv": [ 9.0, 2.0, 13.0, 6.0 ] },
								"up": { "texture": "#handle", "uv": [ 13.5, 10.5, 14.5, 14.5 ] },
								"down": { "texture": "#handle", "uv": [ 3.0, 1.0, 4.0, 5.0 ] }
							}
						},
						{
							"name": "Cube12",
							"from": [ -0.8, 0.3, 0.3 ], 
							"to": [ 0.0, 3.7, 3.7 ], 
							"rotationOrigin": [ -0.8, 0.3, 0.3 ],
							"faces": {
								"north": { "texture": "#handle", "uv": [ 7.0, 3.5, 7.5, 6.5 ] },
								"east": { "texture": "#handle", "uv": [ 7.5, 4.0, 10.5, 7.0 ] },
								"south": { "texture": "#handle", "uv": [ 13.5, 0.0, 14.0, 3.0 ] },
								"west": { "texture": "#handle", "uv": [ 11.5, 2.0, 14.5, 5.0 ] },
								"up": { "texture": "#handle", "uv": [ 1.0, 9.5, 1.5, 12.5 ] },
								"down": { "texture": "#handle", "uv": [ 0.0, 9.5, 0.5, 12.5 ] }
							}
						},
						{
							"name": "Cube13",
							"from": [ 1.4, -0.1, -0.1 ], 
							"to": [ 1.6, 4.1, 4.1 ], 
							"rotationOrigin": [ 1.4, -0.1, -0.1 ],
							"faces": {
								"north": { "texture": "#blade", "uv": [ 3.5, 5.0, 4.0, 9.0 ] },
								"east": { "texture": "#blade", "uv": [ 5.0, 5.5, 9.0, 9.5 ] },
								"south": { "texture": "#blade", "uv": [ 1.5, 4.5, 2.0, 8.5 ] },
								"west": { "texture": "#blade", "uv": [ 1.5, 1.5, 5.5, 5.5 ] },
								"up": { "texture": "#blade", "uv": [ 1.5, 9.5, 2.0, 13.5 ] },
								"down": { "texture": "#blade", "uv": [ 4.0, 6.0, 4.5, 10.0 ] }
							}
						},
						{
							"name": "Cube14",
							"from": [ -7.8, 1.1, 1.1 ], 
							"to": [ -0.8, 2.9, 2.9 ], 
							"rotationOrigin": [ -7.8, 1.1, 1.1 ],
							"faces": {
								"north": { "texture": "#leather", "uv": [ 2.5, 9.5, 9.5, 11.0 ] },
								"east": { "texture": "#leather", "uv": [ 1.0, 1.0, 2.5, 2.5 ] },
								"south": { "texture": "#leather", "uv": [ 6.0, 9.0, 13.0, 10.5 ] },
								"west": { "texture": "#leather", "uv": [ 10.5, 10.5, 12.0, 12.0 ] },
								"up": { "texture": "#leather", "uv": [ 2.0, 12.5, 9.0, 14.0 ] },
								"down": { "texture": "#leather", "uv": [ 4.0, 8.5, 11.0, 10.0 ] }
							}
						},
						{
							"name": "Cube15",
							"from": [ -8.6, 0.5, 0.5 ], 
							"to": [ -7.8, 3.5, 3.5 ], 
							"rotationOrigin": [ -8.6, 0.5, 0.5 ],
							"faces": {
								"north": { "texture": "#handle", "uv": [ 12.0, 3.5, 12.5, 6.5 ] },
								"east": { "texture": "#handle", "uv": [ 7.5, 3.5, 10.5, 6.5 ] },
								"south": { "texture": "#handle", "uv": [ 13.5, 12.5, 14.0, 15.5 ] },
								"west": { "texture": "#handle", "uv": [ 12.5, 12.0, 15.5, 15.0 ] },
								"up": { "texture": "#handle", "uv": [ 0.0, 11.0, 0.5, 14.0 ] },
								"down": { "texture": "#handle", "uv": [ 0.0, 2.0, 0.5, 5.0 ] }
							}
						},
						{
							"name": "Cube16",
							"from": [ -9.6, 0.2, 0.2 ], 
							"to": [ -8.4, 3.8, 3.8 ], 
							"rotationOrigin": [ -9.6, 0.2, 0.2 ],
							"faces": {
								"north": { "texture": "#handle", "uv": [ 7.5, 8.0, 8.5, 11.5 ] },
								"east": { "texture": "#handle", "uv": [ 10.0, 7.5, 13.5, 11.0 ] },
								"south": { "texture": "#handle", "uv": [ 11.5, 7.0, 12.5, 10.5 ] },
								"west": { "texture": "#handle", "uv": [ 2.5, 5.0, 6.0, 8.5 ] },
								"up": { "texture": "#handle", "uv": [ 2.5, 3.0, 3.5, 6.5 ] },
								"down": { "texture": "#handle", "uv": [ 1.5, 11.0, 2.5, 14.5 ] }
							}
						},
						{
							"name": "Cube17",
							"from": [ -10.1, 0.5, 0.5 ], 
							"to": [ -9.3, 3.5, 3.5 ], 
							"rotationOrigin": [ -10.1, 0.5, 0.5 ],
							"faces": {
								"north": { "texture": "#handle", "uv": [ 8.0, 6.5, 8.5, 9.5 ] },
								"east": { "texture": "#handle", "uv": [ 2.5, 4.0, 5.5, 7.0 ] },
								"south": { "texture": "#handle", "uv": [ 2.5, 5.0, 3.0, 8.0 ] },
								"west": { "texture": "#handle", "uv": [ 9.0, 6.5, 12.0, 9.5 ] },
								"up": { "texture": "#handle", "uv": [ 1.0, 12.5, 1.5, 15.5 ] },
								"down": { "texture": "#handle", "uv": [ 8.0, 3.5, 8.5, 6.5 ] }
							}
						},
						{
							"name": "Cube18",
							"from": [ -10.6, 1.5, 1.5 ], 
							"to": [ -10.1, 2.5, 2.5 ], 
							"rotationOrigin": [ -10.6, 1.5, 1.5 ],
							"faces": {
								"north": { "texture": "#blade", "uv": [ 10.0, 11.5, 10.5, 12.5 ] },
								"east": { "texture": "#blade", "uv": [ 12.5, 13.0, 13.5, 14.0 ] },
								"south": { "texture": "#blade", "uv": [ 12.0, 3.0, 12.5, 4.0 ] },
								"west": { "texture": "#blade", "uv": [ 11.5, 9.5, 12.5, 10.5 ] },
								"up": { "texture": "#blade", "uv": [ 6.0, 1.0, 6.5, 2.0 ] },
								"down": { "texture": "#blade", "uv": [ 12.0, 11.0, 12.5, 12.0 ] }
							}
						},
						{
							"name": "Cube19",
							"from": [ -0.2, 0.2, 0.2 ], 
							"to": [ 0.0, 3.8, 3.8 ], 
							"rotationOrigin": [ -0.2, 0.2, 0.2 ],
							"faces": {
								"north": { "texture": "#blade", "uv": [ 6.5, 2.5, 7.0, 6.0 ] },
								"east": { "texture": "#blade", "uv": [ 6.5, 12.0, 10.0, 15.5 ] },
								"south": { "texture": "#blade", "uv": [ 15.0, 8.5, 15.5, 12.0 ] },
								"west": { "texture": "#blade", "uv": [ 2.5, 0.0, 6.0, 3.5 ] },
								"up": { "texture": "#blade", "uv": [ 13.5, 7.5, 14.0, 11.0 ] },
								"down": { "texture": "#blade", "uv": [ 4.5, 8.5, 5.0, 12.0 ] }
							}
						},
						{
							"name": "Cube20",
							"from": [ -8.4, 0.4, 0.4 ], 
							"to": [ -8.2, 3.6, 3.6 ], 
							"rotationOrigin": [ -8.4, 0.4, 0.4 ],
							"faces": {
								"north": { "texture": "#blade", "uv": [ 13.0, 9.0, 13.5, 12.0 ] },
								"east": { "texture": "#blade", "uv": [ 3.5, 0.0, 6.5, 3.0 ] },
								"south": { "texture": "#blade", "uv": [ 4.0, 12.5, 4.5, 15.5 ] },
								"west": { "texture": "#blade", "uv": [ 1.5, 9.0, 4.5, 12.0 ] },
								"up": { "texture": "#blade", "uv": [ 15.0, 5.0, 15.5, 8.0 ] },
								"down": { "texture": "#blade", "uv": [ 4.0, 4.5, 4.5, 7.5 ] }
							}
						},
						{
							"name": "Cube21",
							"from": [ -9.8, 0.4, 0.4 ], 
							"to": [ -9.6, 3.6, 3.6 ], 
							"rotationOrigin": [ -9.8, 0.4, 0.4 ],
							"faces": {
								"north": { "texture": "#blade", "uv": [ 4.5, 8.0, 5.0, 11.0 ] },
								"east": { "texture": "#blade", "uv": [ 2.5, 11.5, 5.5, 14.5 ] },
								"south": { "texture": "#blade", "uv": [ 12.5, 7.0, 13.0, 10.0 ] },
								"west": { "texture": "#blade", "uv": [ 4.0, 2.5, 7.0, 5.5 ] },
								"up": { "texture": "#blade", "uv": [ 7.0, 10.5, 7.5, 13.5 ] },
								"down": { "texture": "#blade", "uv": [ 12.5, 5.0, 13.0, 8.0 ] }
							}
						},
						{
							"name": "Cube22",
							"from": [ -5.9, 1.0, 1.0 ], 
							"to": [ -5.7, 3.0, 3.0 ], 
							"rotationOrigin": [ -5.9, 1.0, 1.0 ],
							"faces": {
								"north": { "texture": "#blade", "uv": [ 5.0, 3.5, 5.5, 5.5 ] },
								"east": { "texture": "#blade", "uv": [ 10.5, 0.0, 12.5, 2.0 ] },
								"south": { "texture": "#blade", "uv": [ 7.0, 3.5, 7.5, 5.5 ] },
								"west": { "texture": "#blade", "uv": [ 2.5, 2.0, 4.5, 4.0 ] },
								"up": { "texture": "#blade", "uv": [ 1.5, 2.0, 2.0, 4.0 ] },
								"down": { "texture": "#blade", "uv": [ 1.0, 3.5, 1.5, 5.5 ] }
							}
						},
						{
							"name": "Cube24",
							"from": [ -3.1, 1.0, 1.0 ], 
							"to": [ -2.9, 3.0, 3.0 ], 
							"rotationOrigin": [ -3.1, 1.0, 1.0 ],
							"faces": {
								"north": { "texture": "#blade", "uv": [ 14.5, 11.5, 15.0, 13.5 ] },
								"east": { "texture": "#blade", "uv": [ 9.5, 0.0, 11.5, 2.0 ] },
								"south": { "texture": "#blade", "uv": [ 11.5, 4.0, 12.0, 6.0 ] },
								"west": { "texture": "#blade", "uv": [ 4.0, 6.5, 6.0, 8.5 ] },
								"up": { "texture": "#blade", "uv": [ 9.0, 5.5, 9.5, 7.5 ] },
								"down": { "texture": "#blade", "uv": [ 11.5, 5.5, 12.0, 7.5 ] }
							}
						},
						{
							"name": "Cube26",
							"from": [ 0.5, -0.1, 1.7 ], 
							"to": [ 1.1, 4.1, 2.3 ], 
							"rotationOrigin": [ 0.8, -0.1, 2.0 ],
							"rotationY": -45.0,
							"faces": {
								"north": { "texture": "#blade", "uv": [ 8.5, 1.0, 9.0, 5.0 ] },
								"east": { "texture": "#blade", "uv": [ 14.5, 0.0, 15.0, 4.0 ] },
								"south": { "texture": "#blade", "uv": [ 1.0, 8.5, 1.5, 12.5 ] },
								"west": { "texture": "#blade", "uv": [ 13.0, 8.5, 13.5, 12.5 ] },
								"up": { "texture": "#blade", "uv": [ 11.5, 5.0, 12.0, 5.5 ] },
								"down": { "texture": "#blade", "uv": [ 0.5, 13.5, 1.0, 14.0 ] }
							}
						},
						{
							"name": "Cube27",
							"from": [ 0.5, 2.0, 3.8 ], 
							"to": [ 1.1, 6.2, 4.4 ], 
							"rotationOrigin": [ 0.8, 2.0, 4.1 ],
							"rotationX": -90.0,
							"rotationY": -45.0,
							"faces": {
								"north": { "texture": "#blade", "uv": [ 8.5, 4.5, 9.0, 8.5 ] },
								"east": { "texture": "#blade", "uv": [ 15.0, 6.5, 15.5, 10.5 ] },
								"south": { "texture": "#blade", "uv": [ 11.0, 0.5, 11.5, 4.5 ] },
								"west": { "texture": "#blade", "uv": [ 4.0, 7.0, 4.5, 11.0 ] },
								"up": { "texture": "#blade", "uv": [ 6.5, 1.0, 7.0, 1.5 ] },
								"down": { "texture": "#blade", "uv": [ 7.0, 3.0, 7.5, 3.5 ] }
							}
						},
						{
							"name": "Cube28",
							"from": [ -9.3, 0.1, 1.7 ], 
							"to": [ -8.7, 3.9, 2.3 ], 
							"rotationOrigin": [ -9.0, 0.1, 2.0 ],
							"rotationY": -45.0,
							"faces": {
								"north": { "texture": "#blade", "uv": [ 8.5, 1.0, 9.0, 4.5 ] },
								"east": { "texture": "#blade", "uv": [ 14.5, 0.0, 15.0, 3.5 ] },
								"south": { "texture": "#blade", "uv": [ 1.0, 8.5, 1.5, 12.0 ] },
								"west": { "texture": "#blade", "uv": [ 13.0, 8.5, 13.5, 12.0 ] },
								"up": { "texture": "#blade", "uv": [ 11.5, 5.0, 12.0, 5.5 ] },
								"down": { "texture": "#blade", "uv": [ 0.5, 13.5, 1.0, 14.0 ] }
							}
						},
						{
							"name": "Cube29",
							"from": [ -9.3, 2.0, 3.6 ], 
							"to": [ -8.7, 5.8, 4.2 ], 
							"rotationOrigin": [ -9.0, 2.0, 3.9 ],
							"rotationX": -90.0,
							"rotationY": -45.0,
							"faces": {
								"north": { "texture": "#blade", "uv": [ 8.5, 1.0, 9.0, 4.5 ] },
								"east": { "texture": "#blade", "uv": [ 14.5, 0.0, 15.0, 3.5 ] },
								"south": { "texture": "#blade", "uv": [ 1.0, 8.5, 1.5, 12.0 ] },
								"west": { "texture": "#blade", "uv": [ 13.0, 8.5, 13.5, 12.0 ] },
								"up": { "texture": "#blade", "uv": [ 11.5, 5.0, 12.0, 5.5 ] },
								"down": { "texture": "#blade", "uv": [ 0.5, 13.5, 1.0, 14.0 ] }
							}
						}
					]
				}
			]
		}
	]}