{
	"editor": {
		"allAngles": false,
		"entityTextureMode": false
	},
	"textureWidth": 16,
	"textureHeight": 16,
	"textureSizes": {
	},
	"textures": {
		"handle": "game:block/wood-generic",
		"bone-yellow": "game:block/creature/bone-yellow",
		"blade": "game:block/metal/ingot/steel"
	},
	"elements": [
		{
			"name": "Origin",
			"from": [ 18.0, 0.0, 8.0 ], 
			"to": [ 18.0, 0.0, 8.0 ], 
			"rotationOrigin": [ 18.0, 0.0, 8.0 ],
			"faces": {
				"north": { "texture": "#blade", "uv": [ 1.5, 14.0, 2.0, 14.5 ] },
				"east": { "texture": "#blade", "uv": [ 11.5, 0.0, 12.0, 0.5 ] },
				"south": { "texture": "#blade", "uv": [ 13.0, 8.5, 13.5, 9.0 ] },
				"west": { "texture": "#blade", "uv": [ 7.0, 7.0, 7.5, 7.5 ] },
				"up": { "texture": "#blade", "uv": [ 9.0, 12.0, 9.5, 12.5 ] },
				"down": { "texture": "#blade", "uv": [ 1.5, 11.0, 2.0, 11.5 ] }
			},
			"children": [
				{
					"name": "Blade",
					"from": [ 0.0, 0.0, 0.0 ], 
					"to": [ 0.0, 0.0, 0.0 ], 
					"faces": {
						"north": { "texture": "#blade", "uv": [ 3.5, 13.0, 4.0, 13.5 ] },
						"east": { "texture": "#blade", "uv": [ 6.0, 4.5, 6.5, 5.0 ] },
						"south": { "texture": "#blade", "uv": [ 9.0, 11.0, 9.5, 11.5 ] },
						"west": { "texture": "#blade", "uv": [ 5.0, 1.5, 5.5, 2.0 ] },
						"up": { "texture": "#blade", "uv": [ 4.5, 11.5, 5.0, 12.0 ] },
						"down": { "texture": "#blade", "uv": [ 6.5, 13.0, 7.0, 13.5 ] }
					},
					"children": [
						{
							"name": "Cube1",
							"from": [ -7.0, 1.58, 0.0 ], 
							"to": [ 9.0, 4.42, 0.3 ], 
							"rotationOrigin": [ -7.0, 1.5, 0.0 ],
							"faces": {
								"north": { "texture": "#blade", "uv": [ 0.0, 8.0, 16.0, 10.5 ] },
								"east": { "texture": "#blade", "uv": [ 6.0, 13.0, 6.5, 15.5 ] },
								"south": { "texture": "#blade", "uv": [ 0.0, 6.5, 16.0, 9.0 ] },
								"west": { "texture": "#blade", "uv": [ 5.0, 10.0, 5.5, 12.5 ] },
								"up": { "texture": "#blade", "uv": [ 0.0, 15.0, 16.0, 15.5 ] },
								"down": { "texture": "#blade", "uv": [ 0.0, 0.0, 16.0, 0.5 ] }
							}
						},
						{
							"name": "Cube5",
							"from": [ 8.0, 2.0, 0.02 ], 
							"to": [ 10.0, 4.0, 0.28 ], 
							"rotationOrigin": [ 9.0, 3.0, 0.0 ],
							"rotationZ": -45.0,
							"faces": {
								"north": { "texture": "#blade", "uv": [ 3.0, 4.0, 5.0, 6.0 ] },
								"east": { "texture": "#blade", "uv": [ 10.0, 10.0, 10.5, 12.0 ] },
								"south": { "texture": "#blade", "uv": [ 5.0, 4.5, 7.0, 6.5 ] },
								"west": { "texture": "#blade", "uv": [ 11.0, 10.0, 11.5, 12.0 ] },
								"up": { "texture": "#blade", "uv": [ 5.0, 8.5, 7.0, 9.0 ] },
								"down": { "texture": "#blade", "uv": [ 4.0, 11.5, 6.0, 12.0 ] }
							}
						},
						{
							"name": "Cube6",
							"from": [ 8.1, 1.8, 0.1 ], 
							"to": [ 10.5, 4.2, 0.2 ], 
							"rotationOrigin": [ 9.3, 3.0, 0.1 ],
							"rotationZ": -45.0,
							"faces": {
								"north": { "texture": "#blade", "uv": [ 3.0, 4.5, 5.0, 6.5 ] },
								"east": { "texture": "#blade", "uv": [ 9.5, 0.5, 10.0, 2.5 ] },
								"south": { "texture": "#blade", "uv": [ 2.0, 11.0, 4.0, 13.0 ] },
								"west": { "texture": "#blade", "uv": [ 12.0, 13.0, 12.5, 15.0 ] },
								"up": { "texture": "#blade", "uv": [ 12.5, 9.0, 14.5, 9.5 ] },
								"down": { "texture": "#blade", "uv": [ 12.0, 10.5, 14.0, 11.0 ] }
							}
						},
						{
							"name": "Cube7",
							"from": [ -7.0, 1.3, 0.09 ], 
							"to": [ 9.3, 4.7, 0.21 ], 
							"rotationOrigin": [ -7.0, 1.3, 0.1 ],
							"faces": {
								"north": { "texture": "#blade", "uv": [ 0.0, 12.0, 16.0, 15.0 ] },
								"east": { "texture": "#blade", "uv": [ 4.0, 3.5, 4.5, 6.5 ] },
								"south": { "texture": "#blade", "uv": [ 0.0, 4.5, 16.0, 7.5 ] },
								"west": { "texture": "#blade", "uv": [ 5.5, 10.5, 6.0, 13.5 ] },
								"up": { "texture": "#blade", "uv": [ 0.0, 13.0, 16.0, 13.5 ] },
								"down": { "texture": "#blade", "uv": [ 0.0, 0.0, 16.0, 0.5 ] }
							}
						},
						{
							"name": "Cube8",
							"from": [ -13.0, 1.58, 0.0 ], 
							"to": [ -7.0, 4.42, 0.3 ], 
							"rotationOrigin": [ -13.0, 1.5, 0.0 ],
							"faces": {
								"north": { "texture": "#blade", "uv": [ 6.5, 6.5, 12.5, 9.0 ] },
								"east": { "texture": "#blade", "uv": [ 8.5, 5.5, 9.0, 8.0 ] },
								"south": { "texture": "#blade", "uv": [ 2.0, 4.5, 8.0, 7.0 ] },
								"west": { "texture": "#blade", "uv": [ 10.0, 0.0, 10.5, 2.5 ] },
								"up": { "texture": "#blade", "uv": [ 0.5, 8.5, 6.5, 9.0 ] },
								"down": { "texture": "#blade", "uv": [ 0.0, 0.0, 6.0, 0.5 ] }
							}
						},
						{
							"name": "Cube9",
							"from": [ -13.0, 1.3, 0.09 ], 
							"to": [ -7.0, 4.7, 0.21 ], 
							"rotationOrigin": [ -13.0, 1.3, 0.1 ],
							"faces": {
								"north": { "texture": "#blade", "uv": [ 9.0, 4.5, 15.0, 7.5 ] },
								"east": { "texture": "#blade", "uv": [ 6.5, 9.5, 7.0, 12.5 ] },
								"south": { "texture": "#blade", "uv": [ 9.5, 7.0, 15.5, 10.0 ] },
								"west": { "texture": "#blade", "uv": [ 10.5, 4.0, 11.0, 7.0 ] },
								"up": { "texture": "#blade", "uv": [ 7.5, 0.5, 13.5, 1.0 ] },
								"down": { "texture": "#blade", "uv": [ 4.5, 6.0, 10.5, 6.5 ] }
							}
						},
						{
							"name": "Cube10",
							"from": [ -18.0, 2.48, 0.0 ], 
							"to": [ -13.0, 3.48, 0.3 ], 
							"rotationOrigin": [ -18.0, 2.4, 0.0 ],
							"faces": {
								"north": { "texture": "#blade", "uv": [ 0.0, 0.5, 5.0, 1.5 ] },
								"east": { "texture": "#blade", "uv": [ 1.5, 9.0, 2.0, 10.0 ] },
								"south": { "texture": "#blade", "uv": [ 8.5, 8.0, 13.5, 9.0 ] },
								"west": { "texture": "#blade", "uv": [ 15.0, 11.5, 15.5, 12.5 ] },
								"up": { "texture": "#blade", "uv": [ 4.0, 3.0, 9.0, 3.5 ] },
								"down": { "texture": "#blade", "uv": [ 0.0, 14.0, 5.0, 14.5 ] }
							}
						}
					]
				},
				{
					"name": "Handle",
					"from": [ -14.6, 1.0, -1.8 ], 
					"to": [ -14.6, 1.0, -1.8 ], 
					"rotationOrigin": [ -14.6, 1.0, -1.8 ],
					"faces": {
						"north": { "texture": "#null", "uv": [ 5.0, 3.5, 5.5, 4.0 ] },
						"east": { "texture": "#null", "uv": [ 7.0, 9.5, 7.5, 10.0 ] },
						"south": { "texture": "#null", "uv": [ 9.5, 12.0, 10.0, 12.5 ] },
						"west": { "texture": "#null", "uv": [ 7.5, 13.5, 8.0, 14.0 ] },
						"up": { "texture": "#null", "uv": [ 6.0, 11.5, 6.5, 12.0 ] },
						"down": { "texture": "#null", "uv": [ 0.0, 1.0, 0.5, 1.5 ] }
					},
					"children": [
						{
							"name": "Cube11",
							"from": [ 0.0, 0.0, 0.0 ], 
							"to": [ 1.4, 4.0, 4.0 ], 
							"faces": {
								"north": { "texture": "#handle", "uv": [ 13.5, 8.5, 14.5, 12.5 ] },
								"east": { "texture": "#handle", "uv": [ 4.0, 1.5, 8.0, 5.5 ] },
								"south": { "texture": "#handle", "uv": [ 5.0, 10.0, 6.0, 14.0 ] },
								"west": { "texture": "#handle", "uv": [ 7.0, 9.0, 11.0, 13.0 ] },
								"up": { "texture": "#handle", "uv": [ 8.0, 10.5, 9.0, 14.5 ] },
								"down": { "texture": "#handle", "uv": [ 3.0, 2.0, 4.0, 6.0 ] }
							}
						},
						{
							"name": "Cube12",
							"from": [ -0.8, 0.3, 0.3 ], 
							"to": [ 0.0, 3.7, 3.7 ], 
							"rotationOrigin": [ -0.8, 0.3, 0.3 ],
							"faces": {
								"north": { "texture": "#handle", "uv": [ 14.0, 3.0, 14.5, 6.0 ] },
								"east": { "texture": "#handle", "uv": [ 9.0, 1.5, 12.0, 4.5 ] },
								"south": { "texture": "#handle", "uv": [ 15.0, 1.5, 15.5, 4.5 ] },
								"west": { "texture": "#handle", "uv": [ 5.0, 10.0, 8.0, 13.0 ] },
								"up": { "texture": "#handle", "uv": [ 0.5, 10.5, 1.0, 13.5 ] },
								"down": { "texture": "#handle", "uv": [ 15.0, 11.0, 15.5, 14.0 ] }
							}
						},
						{
							"name": "Cube13",
							"from": [ 1.4, -0.1, -0.1 ], 
							"to": [ 1.6, 4.1, 4.1 ], 
							"rotationOrigin": [ 1.4, -0.1, -0.1 ],
							"faces": {
								"north": { "texture": "#blade", "uv": [ 11.5, 11.5, 12.0, 15.5 ] },
								"east": { "texture": "#blade", "uv": [ 4.5, 2.0, 8.5, 6.0 ] },
								"south": { "texture": "#blade", "uv": [ 5.5, 0.5, 6.0, 4.5 ] },
								"west": { "texture": "#blade", "uv": [ 2.5, 8.5, 6.5, 12.5 ] },
								"up": { "texture": "#blade", "uv": [ 11.0, 11.0, 11.5, 15.0 ] },
								"down": { "texture": "#blade", "uv": [ 9.5, 1.0, 10.0, 5.0 ] }
							}
						},
						{
							"name": "Cube14",
							"from": [ -7.8, 1.1, 1.1 ], 
							"to": [ -0.8, 2.9, 2.9 ], 
							"rotationOrigin": [ -7.8, 1.1, 1.1 ],
							"faces": {
								"north": { "texture": "#bone-yellow", "uv": [ 5.0, 5.5, 12.0, 7.0 ] },
								"east": { "texture": "#bone-yellow", "uv": [ 0.5, 0.0, 2.0, 1.5 ] },
								"south": { "texture": "#bone-yellow", "uv": [ 2.0, 1.0, 9.0, 2.5 ] },
								"west": { "texture": "#bone-yellow", "uv": [ 12.0, 6.5, 13.5, 8.0 ] },
								"up": { "texture": "#bone-yellow", "uv": [ 6.0, 4.5, 13.0, 6.0 ] },
								"down": { "texture": "#bone-yellow", "uv": [ 5.5, 2.5, 12.5, 4.0 ] }
							}
						},
						{
							"name": "Cube15",
							"from": [ -8.6, 0.5, 0.5 ], 
							"to": [ -7.8, 3.5, 3.5 ], 
							"rotationOrigin": [ -8.6, 0.5, 0.5 ],
							"faces": {
								"north": { "texture": "#handle", "uv": [ 3.5, 2.5, 4.0, 5.5 ] },
								"east": { "texture": "#handle", "uv": [ 1.5, 12.5, 4.5, 15.5 ] },
								"south": { "texture": "#handle", "uv": [ 13.0, 7.5, 13.5, 10.5 ] },
								"west": { "texture": "#handle", "uv": [ 2.5, 6.0, 5.5, 9.0 ] },
								"up": { "texture": "#handle", "uv": [ 6.0, 7.0, 6.5, 10.0 ] },
								"down": { "texture": "#handle", "uv": [ 2.0, 4.5, 2.5, 7.5 ] }
							}
						},
						{
							"name": "Cube16",
							"from": [ -9.6, 0.2, 0.2 ], 
							"to": [ -8.4, 3.8, 3.8 ], 
							"rotationOrigin": [ -9.6, 0.2, 0.2 ],
							"faces": {
								"north": { "texture": "#handle", "uv": [ 3.5, 10.0, 4.5, 13.5 ] },
								"east": { "texture": "#handle", "uv": [ 0.5, 1.5, 4.0, 5.0 ] },
								"south": { "texture": "#handle", "uv": [ 3.5, 4.0, 4.5, 7.5 ] },
								"west": { "texture": "#handle", "uv": [ 10.5, 8.0, 14.0, 11.5 ] },
								"up": { "texture": "#handle", "uv": [ 4.0, 6.0, 5.0, 9.5 ] },
								"down": { "texture": "#handle", "uv": [ 3.5, 9.0, 4.5, 12.5 ] }
							}
						},
						{
							"name": "Cube17",
							"from": [ -10.1, 0.5, 0.5 ], 
							"to": [ -9.3, 3.5, 3.5 ], 
							"rotationOrigin": [ -10.1, 0.5, 0.5 ],
							"faces": {
								"north": { "texture": "#handle", "uv": [ 3.5, 6.0, 4.0, 9.0 ] },
								"east": { "texture": "#handle", "uv": [ 2.0, 4.5, 5.0, 7.5 ] },
								"south": { "texture": "#handle", "uv": [ 4.5, 7.5, 5.0, 10.5 ] },
								"west": { "texture": "#handle", "uv": [ 7.0, 2.5, 10.0, 5.5 ] },
								"up": { "texture": "#handle", "uv": [ 14.5, 12.5, 15.0, 15.5 ] },
								"down": { "texture": "#handle", "uv": [ 14.0, 4.0, 14.5, 7.0 ] }
							}
						},
						{
							"name": "Cube19",
							"from": [ -0.2, 0.2, 0.2 ], 
							"to": [ 0.0, 3.8, 3.8 ], 
							"rotationOrigin": [ -0.2, 0.2, 0.2 ],
							"faces": {
								"north": { "texture": "#blade", "uv": [ 11.5, 8.0, 12.0, 11.5 ] },
								"east": { "texture": "#blade", "uv": [ 12.0, 9.0, 15.5, 12.5 ] },
								"south": { "texture": "#blade", "uv": [ 0.0, 11.5, 0.5, 15.0 ] },
								"west": { "texture": "#blade", "uv": [ 4.0, 11.0, 7.5, 14.5 ] },
								"up": { "texture": "#blade", "uv": [ 9.5, 9.0, 10.0, 12.5 ] },
								"down": { "texture": "#blade", "uv": [ 10.5, 10.0, 11.0, 13.5 ] }
							}
						},
						{
							"name": "Cube20",
							"from": [ -8.4, 0.4, 0.4 ], 
							"to": [ -8.2, 3.6, 3.6 ], 
							"rotationOrigin": [ -8.4, 0.4, 0.4 ],
							"faces": {
								"north": { "texture": "#blade", "uv": [ 6.5, 8.0, 7.0, 11.0 ] },
								"east": { "texture": "#blade", "uv": [ 2.5, 5.5, 5.5, 8.5 ] },
								"south": { "texture": "#blade", "uv": [ 11.5, 9.5, 12.0, 12.5 ] },
								"west": { "texture": "#blade", "uv": [ 1.0, 6.5, 4.0, 9.5 ] },
								"up": { "texture": "#blade", "uv": [ 11.5, 4.5, 12.0, 7.5 ] },
								"down": { "texture": "#blade", "uv": [ 5.0, 11.0, 5.5, 14.0 ] }
							}
						},
						{
							"name": "Cube21",
							"from": [ -9.8, 0.4, 0.4 ], 
							"to": [ -9.6, 3.6, 3.6 ], 
							"rotationOrigin": [ -9.8, 0.4, 0.4 ],
							"faces": {
								"north": { "texture": "#blade", "uv": [ 7.5, 0.0, 8.0, 3.0 ] },
								"east": { "texture": "#blade", "uv": [ 12.0, 3.0, 15.0, 6.0 ] },
								"south": { "texture": "#blade", "uv": [ 12.0, 10.0, 12.5, 13.0 ] },
								"west": { "texture": "#blade", "uv": [ 8.5, 9.0, 11.5, 12.0 ] },
								"up": { "texture": "#blade", "uv": [ 2.0, 1.0, 2.5, 4.0 ] },
								"down": { "texture": "#blade", "uv": [ 12.5, 10.0, 13.0, 13.0 ] }
							}
						},
						{
							"name": "Cube30",
							"from": [ -6.3, 1.0, 1.0 ], 
							"to": [ -6.1, 3.0, 3.0 ], 
							"rotationOrigin": [ -6.3, 1.0, 1.0 ],
							"faces": {
								"north": { "texture": "#blade", "uv": [ 15.0, 1.5, 15.5, 3.5 ] },
								"east": { "texture": "#blade", "uv": [ 13.0, 2.5, 15.0, 4.5 ] },
								"south": { "texture": "#blade", "uv": [ 9.0, 6.0, 9.5, 8.0 ] },
								"west": { "texture": "#blade", "uv": [ 2.0, 12.0, 4.0, 14.0 ] },
								"up": { "texture": "#blade", "uv": [ 7.5, 11.5, 8.0, 13.5 ] },
								"down": { "texture": "#blade", "uv": [ 11.5, 8.5, 12.0, 10.5 ] }
							}
						},
						{
							"name": "Cube31",
							"from": [ -4.6, 1.0, 1.0 ], 
							"to": [ -4.4, 3.0, 3.0 ], 
							"rotationOrigin": [ -4.6, 1.0, 1.0 ],
							"faces": {
								"north": { "texture": "#blade", "uv": [ 0.0, 12.0, 0.5, 14.0 ] },
								"east": { "texture": "#blade", "uv": [ 11.0, 2.0, 13.0, 4.0 ] },
								"south": { "texture": "#blade", "uv": [ 4.5, 12.0, 5.0, 14.0 ] },
								"west": { "texture": "#blade", "uv": [ 9.0, 12.5, 11.0, 14.5 ] },
								"up": { "texture": "#blade", "uv": [ 9.0, 11.5, 9.5, 13.5 ] },
								"down": { "texture": "#blade", "uv": [ 11.5, 11.5, 12.0, 13.5 ] }
							}
						},
						{
							"name": "Cube32",
							"from": [ -2.8, 1.0, 1.0 ], 
							"to": [ -2.6, 3.0, 3.0 ], 
							"rotationOrigin": [ -2.8, 1.0, 1.0 ],
							"faces": {
								"north": { "texture": "#blade", "uv": [ 0.0, 3.5, 0.5, 5.5 ] },
								"east": { "texture": "#blade", "uv": [ 11.5, 6.5, 13.5, 8.5 ] },
								"south": { "texture": "#blade", "uv": [ 1.5, 9.5, 2.0, 11.5 ] },
								"west": { "texture": "#blade", "uv": [ 0.5, 8.5, 2.5, 10.5 ] },
								"up": { "texture": "#blade", "uv": [ 4.5, 9.0, 5.0, 11.0 ] },
								"down": { "texture": "#blade", "uv": [ 8.0, 12.0, 8.5, 14.0 ] }
							}
						},
						{
							"name": "Cube33",
							"from": [ -2.0, 1.7, 1.0 ], 
							"to": [ -1.4, 2.3, 3.0 ], 
							"rotationOrigin": [ -2.0, 1.7, 1.0 ],
							"faces": {
								"north": { "texture": "#blade", "uv": [ 0.0, 3.5, 0.5, 4.0 ] },
								"east": { "texture": "#blade", "uv": [ 11.5, 6.5, 13.5, 7.0 ] },
								"south": { "texture": "#blade", "uv": [ 1.5, 9.5, 2.0, 10.0 ] },
								"west": { "texture": "#blade", "uv": [ 0.5, 8.5, 2.5, 9.0 ] },
								"up": { "texture": "#blade", "uv": [ 4.5, 9.0, 5.0, 11.0 ] },
								"down": { "texture": "#blade", "uv": [ 8.0, 12.0, 8.5, 14.0 ] }
							}
						},
						{
							"name": "Cube34",
							"from": [ -2.0, 1.0, 2.3 ], 
							"to": [ -1.4, 1.6, 4.3 ], 
							"rotationOrigin": [ -2.0, 1.0, 2.3 ],
							"rotationX": -90.0,
							"faces": {
								"north": { "texture": "#blade", "uv": [ 0.0, 3.5, 0.5, 4.0 ] },
								"east": { "texture": "#blade", "uv": [ 11.5, 6.5, 13.5, 7.0 ] },
								"south": { "texture": "#blade", "uv": [ 1.5, 9.5, 2.0, 10.0 ] },
								"west": { "texture": "#blade", "uv": [ 0.5, 8.5, 2.5, 9.0 ] },
								"up": { "texture": "#blade", "uv": [ 4.5, 9.0, 5.0, 11.0 ] },
								"down": { "texture": "#blade", "uv": [ 8.0, 12.0, 8.5, 14.0 ] }
							}
						}
					]
				},
				{
					"name": "Eagle",
					"from": [ -14.3, 2.7, -0.15 ], 
					"to": [ -14.3, 2.7, -0.15 ], 
					"rotationOrigin": [ -24.3, 2.7, -0.1 ],
					"rotationZ": 90.0,
					"faces": {
						"north": { "texture": "#blade", "uv": [ 9.0, 10.0, 9.5, 10.5 ] },
						"east": { "texture": "#blade", "uv": [ 8.5, 4.0, 9.0, 4.5 ] },
						"south": { "texture": "#blade", "uv": [ 12.5, 7.0, 13.0, 7.5 ] },
						"west": { "texture": "#blade", "uv": [ 13.0, 14.5, 13.5, 15.0 ] },
						"up": { "texture": "#blade", "uv": [ 3.5, 10.0, 4.0, 10.5 ] },
						"down": { "texture": "#blade", "uv": [ 12.0, 11.0, 12.5, 11.5 ] }
					},
					"children": [
						{
							"name": "Cube24",
							"from": [ -11.4, 1.4, -0.1 ], 
							"to": [ -10.3, 2.4, 0.7 ], 
							"rotationOrigin": [ -11.4, 1.4, -0.1 ],
							"rotationZ": 11.0,
							"faces": {
								"north": { "texture": "#blade", "uv": [ 2.5, 1.0, 3.5, 2.0 ], "autoUv": false },
								"east": { "texture": "#blade", "uv": [ 3.5, 4.0, 4.0, 5.0 ] },
								"south": { "texture": "#blade", "uv": [ 5.5, 12.5, 6.5, 13.5 ] },
								"west": { "texture": "#blade", "uv": [ 7.5, 0.5, 8.0, 1.5 ] },
								"up": { "texture": "#blade", "uv": [ 10.5, 3.5, 11.5, 4.0 ] },
								"down": { "texture": "#blade", "uv": [ 5.5, 11.0, 6.5, 11.5 ] }
							},
							"children": [
								{
									"name": "Cube23",
									"from": [ 0.6823, -1.2862, 0.1 ], 
									"to": [ 1.7823, 0.4138, 0.7 ], 
									"rotationOrigin": [ 0.6823, -1.2862, 0.1 ],
									"rotationZ": 15.0,
									"faces": {
										"north": { "texture": "#blade", "uv": [ 10.5, 5.0, 11.5, 6.5 ] },
										"east": { "texture": "#blade", "uv": [ 6.5, 12.5, 7.0, 14.0 ] },
										"south": { "texture": "#blade", "uv": [ 5.5, 2.5, 6.5, 4.0 ] },
										"west": { "texture": "#blade", "uv": [ 6.5, 12.5, 7.0, 14.0 ] },
										"up": { "texture": "#blade", "uv": [ 6.5, 6.5, 7.5, 7.0 ] },
										"down": { "texture": "#blade", "uv": [ 12.5, 7.5, 13.5, 8.0 ] }
									},
									"children": [
										{
											"name": "Cube25",
											"from": [ -0.97, 1.48, 0.1 ], 
											"to": [ 0.13, 1.98, 0.5 ], 
											"rotationOrigin": [ -0.9714, 1.4772, 0.152 ],
											"rotationY": 2.13443399843527E-7,
											"rotationZ": 3.0,
											"faces": {
												"north": { "texture": "#blade", "uv": [ 13.0, 4.5, 14.0, 5.0 ] },
												"east": { "texture": "#blade", "uv": [ 10.5, 12.5, 11.0, 13.0 ] },
												"south": { "texture": "#blade", "uv": [ 13.5, 9.0, 14.5, 9.5 ] },
												"west": { "texture": "#blade", "uv": [ 4.5, 2.0, 5.0, 2.5 ] },
												"up": { "texture": "#blade", "uv": [ 6.0, 10.0, 7.0, 10.5 ] },
												"down": { "texture": "#blade", "uv": [ 12.5, 1.5, 13.5, 2.0 ] }
											}
										}
									]
								}
							]
						},
						{
							"name": "Cube26",
							"from": [ -8.0, 1.4, 0.7 ], 
							"to": [ -6.9, 2.4, 1.5 ], 
							"rotationOrigin": [ -8.0, 1.4, 0.7 ],
							"rotationY": -180.0,
							"rotationZ": 11.0,
							"faces": {
								"north": { "texture": "#blade", "uv": [ 2.5, 8.0, 3.5, 9.0 ] },
								"east": { "texture": "#blade", "uv": [ 14.0, 7.5, 14.5, 8.5 ] },
								"south": { "texture": "#blade", "uv": [ 6.5, 10.5, 7.5, 11.5 ] },
								"west": { "texture": "#blade", "uv": [ 12.0, 10.5, 12.5, 11.5 ] },
								"up": { "texture": "#blade", "uv": [ 9.0, 2.5, 10.0, 3.0 ] },
								"down": { "texture": "#blade", "uv": [ 11.5, 7.5, 12.5, 8.0 ] }
							},
							"children": [
								{
									"name": "Cube27",
									"from": [ 0.6823, -1.2862, 0.1 ], 
									"to": [ 1.7823, 0.4138, 0.7 ], 
									"rotationOrigin": [ 0.6823, -1.2862, 0.1 ],
									"rotationZ": 15.0,
									"faces": {
										"north": { "texture": "#blade", "uv": [ 2.0, 4.0, 3.0, 5.5 ] },
										"east": { "texture": "#blade", "uv": [ 7.0, 1.5, 7.5, 3.0 ] },
										"south": { "texture": "#blade", "uv": [ 10.0, 5.5, 11.0, 7.0 ] },
										"west": { "texture": "#blade", "uv": [ 8.5, 6.0, 9.0, 7.5 ] },
										"up": { "texture": "#blade", "uv": [ 10.0, 8.5, 11.0, 9.0 ] },
										"down": { "texture": "#blade", "uv": [ 5.5, 13.5, 6.5, 14.0 ] }
									},
									"children": [
										{
											"name": "Cube28",
											"from": [ -0.97, 1.48, 0.1 ], 
											"to": [ 0.13, 1.98, 0.5 ], 
											"rotationOrigin": [ -0.9714, 1.4772, 0.152 ],
											"rotationY": 2.13443399843527E-7,
											"rotationZ": 3.0,
											"faces": {
												"north": { "texture": "#blade", "uv": [ 2.5, 6.5, 3.5, 7.0 ] },
												"east": { "texture": "#blade", "uv": [ 10.0, 4.0, 10.5, 4.5 ] },
												"south": { "texture": "#blade", "uv": [ 6.5, 2.5, 7.5, 3.0 ] },
												"west": { "texture": "#blade", "uv": [ 4.5, 10.0, 5.0, 10.5 ] },
												"up": { "texture": "#blade", "uv": [ 11.5, 0.5, 12.5, 1.0 ] },
												"down": { "texture": "#blade", "uv": [ 11.5, 14.0, 12.5, 14.5 ] }
											}
										}
									]
								}
							]
						},
						{
							"name": "Cube29",
							"from": [ -10.8, 0.3, -0.2 ], 
							"to": [ -8.6, 0.8, 0.8 ], 
							"rotationOrigin": [ -10.8, 0.3, -0.2 ],
							"faces": {
								"north": { "texture": "#blade", "uv": [ 8.0, 0.0, 10.0, 0.5 ] },
								"east": { "texture": "#blade", "uv": [ 1.0, 2.5, 2.0, 3.0 ] },
								"south": { "texture": "#blade", "uv": [ 7.0, 11.5, 9.0, 12.0 ] },
								"west": { "texture": "#blade", "uv": [ 6.5, 4.0, 7.5, 4.5 ] },
								"up": { "texture": "#blade", "uv": [ 1.5, 5.5, 3.5, 6.5 ] },
								"down": { "texture": "#blade", "uv": [ 1.0, 12.5, 3.0, 13.5 ] }
							}
						}
					]
				}
			]
		}
	]}