{
	"editor": {
		"allAngles": false,
		"entityTextureMode": false
	},
	"textureWidth": 16,
	"textureHeight": 16,
	"textureSizes": {
	},
	"textures": {
		"gold": "game:block/metal/ingot/gold",
		"material": "game:block/metal/ingot/steel",
		"leather": "game:block/leather/plain"
	},
	"elements": [
		{
			"name": "Origin",
			"from": [ 0.0, -9.0, 0.0 ], 
			"to": [ 0.0, -9.0, 0.0 ], 
			"rotationOrigin": [ 8.0, 2.0, 9.0 ],
			"rotationZ": 90.0,
			"faces": {
				"north": { "texture": "#material", "uv": [ 12.5, 13.0, 13.0, 13.5 ] },
				"east": { "texture": "#material", "uv": [ 5.0, 12.5, 5.5, 13.0 ] },
				"south": { "texture": "#material", "uv": [ 1.0, 4.5, 1.5, 5.0 ] },
				"west": { "texture": "#material", "uv": [ 7.5, 14.5, 8.0, 15.0 ] },
				"up": { "texture": "#material", "uv": [ 0.0, 5.5, 0.5, 6.0 ] },
				"down": { "texture": "#material", "uv": [ 3.0, 8.5, 3.5, 9.0 ] }
			},
			"children": [
				{
					"name": "Blade",
					"from": [ 7.8, 5.0, 7.8 ], 
					"to": [ 8.2, 5.0, 8.0 ], 
					"rotationOrigin": [ 7.8, 5.0, 7.8 ],
					"faces": {
						"north": { "texture": "#material", "uv": [ 8.0, 10.5, 8.5, 11.0 ] },
						"east": { "texture": "#material", "uv": [ 10.0, 11.5, 10.5, 12.0 ] },
						"south": { "texture": "#material", "uv": [ 1.0, 5.5, 1.5, 6.0 ] },
						"west": { "texture": "#material", "uv": [ 15.0, 13.0, 15.5, 13.5 ] },
						"up": { "texture": "#material", "uv": [ 1.0, 10.5, 1.5, 11.0 ] },
						"down": { "texture": "#material", "uv": [ 5.0, 9.0, 5.5, 9.5 ] }
					},
					"children": [
						{
							"name": "Cube1",
							"from": [ -1.5, 0.0, 0.0 ], 
							"to": [ 2.1, 10.0, 0.2 ], 
							"rotationOrigin": [ -1.5, 0.0, 0.0 ],
							"faces": {
								"north": { "texture": "#material", "uv": [ 0.0, 4.5, 3.5, 14.5 ] },
								"east": { "texture": "#material", "uv": [ 13.0, 5.5, 13.5, 15.5 ] },
								"south": { "texture": "#material", "uv": [ 7.5, 0.0, 11.0, 10.0 ] },
								"west": { "texture": "#material", "uv": [ 7.0, 4.5, 7.5, 14.5 ] },
								"up": { "texture": "#material", "uv": [ 3.5, 1.5, 7.0, 2.0 ] },
								"down": { "texture": "#material", "uv": [ 6.0, 7.0, 9.5, 7.5 ] }
							}
						},
						{
							"name": "Cube3",
							"from": [ -1.4, 10.0, 0.0 ], 
							"to": [ 2.0, 20.0, 0.2 ], 
							"rotationOrigin": [ -1.4, 10.0, 0.0 ],
							"faces": {
								"north": { "texture": "#material", "uv": [ 7.5, 1.5, 10.5, 11.5 ] },
								"east": { "texture": "#material", "uv": [ 6.5, 2.5, 7.0, 12.5 ] },
								"south": { "texture": "#material", "uv": [ 0.5, 5.5, 3.5, 15.5 ] },
								"west": { "texture": "#material", "uv": [ 8.5, 3.0, 9.0, 13.0 ] },
								"up": { "texture": "#material", "uv": [ 6.5, 2.5, 9.5, 3.0 ] },
								"down": { "texture": "#material", "uv": [ 12.5, 10.0, 15.5, 10.5 ] }
							}
						},
						{
							"name": "Cube4",
							"from": [ -1.3, 20.0, 0.0 ], 
							"to": [ 1.9, 26.0, 0.2 ], 
							"rotationOrigin": [ -1.3, 20.0, 0.0 ],
							"faces": {
								"north": { "texture": "#material", "uv": [ 8.5, 6.0, 11.5, 12.0 ] },
								"east": { "texture": "#material", "uv": [ 15.0, 3.0, 15.5, 9.0 ] },
								"south": { "texture": "#material", "uv": [ 9.5, 0.0, 12.5, 6.0 ] },
								"west": { "texture": "#material", "uv": [ 0.5, 9.0, 1.0, 15.0 ] },
								"up": { "texture": "#material", "uv": [ 3.5, 7.5, 6.5, 8.0 ] },
								"down": { "texture": "#material", "uv": [ 11.0, 10.5, 14.0, 11.0 ] }
							}
						},
						{
							"name": "Cube5",
							"from": [ -1.2, 26.0, 0.0 ], 
							"to": [ 1.8, 29.0, 0.2 ], 
							"rotationOrigin": [ -1.2, 26.0, 0.0 ],
							"faces": {
								"north": { "texture": "#material", "uv": [ 7.0, 6.5, 10.0, 9.5 ] },
								"east": { "texture": "#material", "uv": [ 14.0, 4.5, 14.5, 7.5 ] },
								"south": { "texture": "#material", "uv": [ 10.5, 0.0, 13.5, 3.0 ] },
								"west": { "texture": "#material", "uv": [ 1.5, 2.5, 2.0, 5.5 ] },
								"up": { "texture": "#material", "uv": [ 4.0, 3.0, 7.0, 3.5 ] },
								"down": { "texture": "#material", "uv": [ 6.5, 4.0, 9.5, 4.5 ] }
							}
						},
						{
							"name": "Cube6",
							"from": [ -1.1, 29.0, 0.0 ], 
							"to": [ 1.7, 30.5, 0.2 ], 
							"rotationOrigin": [ -1.1, 29.0, 0.0 ],
							"faces": {
								"north": { "texture": "#material", "uv": [ 10.5, 1.0, 13.0, 2.5 ] },
								"east": { "texture": "#material", "uv": [ 13.5, 4.0, 14.0, 5.5 ] },
								"south": { "texture": "#material", "uv": [ 8.0, 6.0, 10.5, 7.5 ] },
								"west": { "texture": "#material", "uv": [ 7.5, 8.5, 8.0, 10.0 ] },
								"up": { "texture": "#material", "uv": [ 10.0, 6.5, 12.5, 7.0 ] },
								"down": { "texture": "#material", "uv": [ 9.5, 15.0, 12.0, 15.5 ] }
							}
						},
						{
							"name": "Cube7",
							"from": [ -0.9, 30.5, 0.0 ], 
							"to": [ 1.5, 31.0, 0.2 ], 
							"rotationOrigin": [ -0.9, 30.5, 0.0 ],
							"faces": {
								"north": { "texture": "#material", "uv": [ 12.5, 8.5, 14.5, 9.0 ] },
								"east": { "texture": "#material", "uv": [ 8.5, 3.5, 9.0, 4.0 ] },
								"south": { "texture": "#material", "uv": [ 13.5, 3.0, 15.5, 3.5 ] },
								"west": { "texture": "#material", "uv": [ 13.0, 13.5, 13.5, 14.0 ] },
								"up": { "texture": "#material", "uv": [ 3.5, 4.0, 5.5, 4.5 ] },
								"down": { "texture": "#material", "uv": [ 6.5, 7.0, 8.5, 7.5 ] }
							}
						},
						{
							"name": "Cube8",
							"from": [ -1.1, 0.0, -0.1 ], 
							"to": [ 1.7, 10.0, 0.3 ], 
							"rotationOrigin": [ -1.1, 0.0, -0.1 ],
							"faces": {
								"north": { "texture": "#material", "uv": [ 10.0, 1.5, 12.5, 11.5 ] },
								"east": { "texture": "#material", "uv": [ 6.5, 2.5, 7.0, 12.5 ] },
								"south": { "texture": "#material", "uv": [ 11.0, 1.0, 13.5, 11.0 ] },
								"west": { "texture": "#material", "uv": [ 1.5, 0.5, 2.0, 10.5 ] },
								"up": { "texture": "#material", "uv": [ 12.0, 12.0, 14.5, 12.5 ] },
								"down": { "texture": "#material", "uv": [ 5.5, 13.5, 8.0, 14.0 ] }
							}
						},
						{
							"name": "Cube9",
							"from": [ -1.0, 10.0, -0.1 ], 
							"to": [ 1.6, 20.0, 0.3 ], 
							"rotationOrigin": [ -1.0, 10.0, -0.1 ],
							"faces": {
								"north": { "texture": "#material", "uv": [ 1.5, 4.0, 4.0, 14.0 ] },
								"east": { "texture": "#material", "uv": [ 4.0, 4.0, 4.5, 14.0 ] },
								"south": { "texture": "#material", "uv": [ 11.0, 3.0, 13.5, 13.0 ] },
								"west": { "texture": "#material", "uv": [ 15.0, 4.5, 15.5, 14.5 ] },
								"up": { "texture": "#material", "uv": [ 8.5, 5.0, 11.0, 5.5 ] },
								"down": { "texture": "#material", "uv": [ 1.5, 10.0, 4.0, 10.5 ] }
							}
						},
						{
							"name": "Cube10",
							"from": [ -0.9, 20.0, -0.1 ], 
							"to": [ 1.5, 26.0, 0.3 ], 
							"rotationOrigin": [ -0.9, 20.0, -0.1 ],
							"faces": {
								"north": { "texture": "#material", "uv": [ 3.0, 6.0, 5.0, 12.0 ] },
								"east": { "texture": "#material", "uv": [ 8.5, 2.0, 9.0, 8.0 ] },
								"south": { "texture": "#material", "uv": [ 11.5, 0.5, 13.5, 6.5 ] },
								"west": { "texture": "#material", "uv": [ 15.0, 6.0, 15.5, 12.0 ] },
								"up": { "texture": "#material", "uv": [ 12.0, 8.5, 14.0, 9.0 ] },
								"down": { "texture": "#material", "uv": [ 10.5, 12.0, 12.5, 12.5 ] }
							}
						},
						{
							"name": "Cube11",
							"from": [ -0.8, 26.0, -0.1 ], 
							"to": [ 1.4, 29.0, 0.3 ], 
							"rotationOrigin": [ -0.8, 26.0, -0.1 ],
							"faces": {
								"north": { "texture": "#material", "uv": [ 1.0, 6.0, 3.0, 9.0 ] },
								"east": { "texture": "#material", "uv": [ 0.0, 12.0, 0.5, 15.0 ] },
								"south": { "texture": "#material", "uv": [ 5.5, 4.0, 7.5, 7.0 ] },
								"west": { "texture": "#material", "uv": [ 7.5, 8.0, 8.0, 11.0 ] },
								"up": { "texture": "#material", "uv": [ 5.5, 6.0, 7.5, 6.5 ] },
								"down": { "texture": "#material", "uv": [ 10.0, 9.0, 12.0, 9.5 ] }
							}
						},
						{
							"name": "Cube12",
							"from": [ -0.7, 29.0, -0.1 ], 
							"to": [ 1.3, 30.5, 0.3 ], 
							"rotationOrigin": [ -0.7, 29.0, -0.1 ],
							"faces": {
								"north": { "texture": "#material", "uv": [ 6.0, 12.5, 8.0, 14.0 ] },
								"east": { "texture": "#material", "uv": [ 10.0, 8.0, 10.5, 9.5 ] },
								"south": { "texture": "#material", "uv": [ 9.0, 11.5, 11.0, 13.0 ] },
								"west": { "texture": "#material", "uv": [ 7.5, 8.5, 8.0, 10.0 ] },
								"up": { "texture": "#material", "uv": [ 9.5, 0.5, 11.5, 1.0 ] },
								"down": { "texture": "#material", "uv": [ 10.0, 10.5, 12.0, 11.0 ] }
							}
						},
						{
							"name": "Cube13",
							"from": [ -0.5, 30.5, -0.1 ], 
							"to": [ 1.1, 30.7, 0.3 ], 
							"rotationOrigin": [ -0.5, 30.5, -0.1 ],
							"faces": {
								"north": { "texture": "#material", "uv": [ 11.5, 14.0, 13.0, 14.5 ] },
								"east": { "texture": "#material", "uv": [ 0.0, 12.5, 0.5, 13.0 ] },
								"south": { "texture": "#material", "uv": [ 10.0, 9.0, 11.5, 9.5 ] },
								"west": { "texture": "#material", "uv": [ 10.0, 10.0, 10.5, 10.5 ] },
								"up": { "texture": "#material", "uv": [ 3.0, 10.5, 4.5, 11.0 ] },
								"down": { "texture": "#material", "uv": [ 4.5, 4.0, 6.0, 4.5 ] }
							}
						},
						{
							"name": "Cube14",
							"from": [ -0.6, 31.0, 0.0 ], 
							"to": [ 1.2, 31.2, 0.2 ], 
							"rotationOrigin": [ -0.6, 31.0, 0.0 ],
							"faces": {
								"north": { "texture": "#material", "uv": [ 13.0, 12.5, 14.5, 13.0 ] },
								"east": { "texture": "#material", "uv": [ 5.0, 5.0, 5.5, 5.5 ] },
								"south": { "texture": "#material", "uv": [ 7.0, 10.0, 8.5, 10.5 ] },
								"west": { "texture": "#material", "uv": [ 2.0, 6.0, 2.5, 6.5 ] },
								"up": { "texture": "#material", "uv": [ 5.0, 3.5, 6.5, 4.0 ] },
								"down": { "texture": "#material", "uv": [ 3.0, 9.0, 4.5, 9.5 ] }
							}
						},
						{
							"name": "Cube16",
							"from": [ -0.3, -6.0, 0.0 ], 
							"to": [ 0.7, 0.0, 0.2 ], 
							"rotationOrigin": [ -0.3, -6.0, 0.0 ],
							"faces": {
								"north": { "texture": "#material", "uv": [ 14.5, 7.0, 15.5, 13.0 ] },
								"east": { "texture": "#material", "uv": [ 11.0, 1.0, 11.5, 7.0 ] },
								"south": { "texture": "#material", "uv": [ 0.0, 8.5, 1.0, 14.5 ] },
								"west": { "texture": "#material", "uv": [ 14.5, 5.5, 15.0, 11.5 ] },
								"up": { "texture": "#material", "uv": [ 14.0, 15.0, 15.0, 15.5 ] },
								"down": { "texture": "#material", "uv": [ 9.0, 6.0, 10.0, 6.5 ] }
							}
						}
					]
				},
				{
					"name": "Gard",
					"from": [ 9.1, 4.4, 7.6 ], 
					"to": [ 9.5, 4.8, 8.0 ], 
					"rotationOrigin": [ 9.1, 4.4, 7.6 ],
					"faces": {
						"north": { "texture": "#material", "uv": [ 14.0, 12.5, 14.5, 13.0 ] },
						"east": { "texture": "#material", "uv": [ 9.5, 9.5, 10.0, 10.0 ] },
						"south": { "texture": "#material", "uv": [ 10.0, 12.5, 10.5, 13.0 ] },
						"west": { "texture": "#material", "uv": [ 8.5, 10.5, 9.0, 11.0 ] },
						"up": { "texture": "#material", "uv": [ 9.5, 0.0, 10.0, 0.5 ] },
						"down": { "texture": "#material", "uv": [ 1.0, 3.5, 1.5, 4.0 ] }
					},
					"children": [
						{
							"name": "Cube17",
							"from": [ 0.6, 0.0, 0.0 ], 
							"to": [ 1.7, 0.6, 0.6 ], 
							"rotationOrigin": [ 0.6, 0.0, 0.0 ],
							"faces": {
								"north": { "texture": "#material", "uv": [ 13.5, 13.0, 14.5, 13.5 ] },
								"east": { "texture": "#material", "uv": [ 1.0, 10.0, 1.5, 10.5 ] },
								"south": { "texture": "#material", "uv": [ 2.0, 10.0, 3.0, 10.5 ] },
								"west": { "texture": "#material", "uv": [ 13.0, 10.0, 13.5, 10.5 ] },
								"up": { "texture": "#material", "uv": [ 3.5, 12.5, 4.5, 13.0 ] },
								"down": { "texture": "#material", "uv": [ 4.0, 5.5, 5.0, 6.0 ] }
							},
							"children": [
								{
									"name": "Cube18",
									"from": [ 1.1, 0.01, 0.0 ], 
									"to": [ 2.6, 0.59, 0.58 ], 
									"rotationOrigin": [ 1.1, 0.0, 0.0 ],
									"rotationY": -40.0,
									"faces": {
										"north": { "texture": "#material", "uv": [ 12.5, 8.5, 14.0, 9.0 ] },
										"east": { "texture": "#material", "uv": [ 1.0, 4.5, 1.5, 5.0 ] },
										"south": { "texture": "#material", "uv": [ 3.0, 12.5, 4.5, 13.0 ] },
										"west": { "texture": "#material", "uv": [ 11.0, 9.5, 11.5, 10.0 ] },
										"up": { "texture": "#material", "uv": [ 11.0, 9.0, 12.5, 9.5 ] },
										"down": { "texture": "#material", "uv": [ 11.5, 0.5, 13.0, 1.0 ] }
									},
									"children": [
										{
											"name": "Cube19",
											"from": [ 1.5, 0.01, 0.0 ], 
											"to": [ 2.8, 0.57, 0.56 ], 
											"rotationOrigin": [ 1.5, -0.01, 0.0 ],
											"rotationY": -50.0,
											"faces": {
												"north": { "texture": "#material", "uv": [ 0.0, 3.5, 1.0, 4.0 ] },
												"east": { "texture": "#material", "uv": [ 13.5, 10.5, 14.0, 11.0 ] },
												"south": { "texture": "#material", "uv": [ 2.0, 1.5, 3.0, 2.0 ] },
												"west": { "texture": "#material", "uv": [ 0.0, 6.0, 0.5, 6.5 ] },
												"up": { "texture": "#material", "uv": [ 1.5, 7.0, 2.5, 7.5 ] },
												"down": { "texture": "#material", "uv": [ 7.0, 3.0, 8.0, 3.5 ] }
											},
											"children": [
												{
													"name": "Cube20",
													"from": [ 1.3, 0.01, 0.0 ], 
													"to": [ 2.5, 0.55, 0.54 ], 
													"rotationOrigin": [ 1.3, -0.02, 0.0 ],
													"rotationY": -30.0,
													"faces": {
														"north": { "texture": "#material", "uv": [ 14.0, 11.5, 15.0, 12.0 ] },
														"east": { "texture": "#material", "uv": [ 7.0, 14.0, 7.5, 14.5 ] },
														"south": { "texture": "#material", "uv": [ 1.5, 11.5, 2.5, 12.0 ] },
														"west": { "texture": "#material", "uv": [ 10.0, 13.5, 10.5, 14.0 ] },
														"up": { "texture": "#material", "uv": [ 6.5, 10.5, 7.5, 11.0 ] },
														"down": { "texture": "#material", "uv": [ 2.5, 9.5, 3.5, 10.0 ] }
													},
													"children": [
														{
															"name": "Cube21",
															"from": [ 1.2, 0.01, 0.0 ], 
															"to": [ 2.4, 0.53, 0.52 ], 
															"rotationOrigin": [ 1.2, -0.03, 0.0 ],
															"rotationY": -43.0,
															"faces": {
																"north": { "texture": "#material", "uv": [ 11.0, 10.0, 12.0, 10.5 ] },
																"east": { "texture": "#material", "uv": [ 9.5, 14.5, 10.0, 15.0 ] },
																"south": { "texture": "#material", "uv": [ 12.0, 14.5, 13.0, 15.0 ] },
																"west": { "texture": "#material", "uv": [ 11.5, 6.5, 12.0, 7.0 ] },
																"up": { "texture": "#material", "uv": [ 14.0, 6.5, 15.0, 7.0 ] },
																"down": { "texture": "#material", "uv": [ 1.0, 15.0, 2.0, 15.5 ] }
															},
															"children": [
																{
																	"name": "Cube22",
																	"from": [ 1.2, 0.01, 0.0 ], 
																	"to": [ 3.4, 0.51, 0.5 ], 
																	"rotationOrigin": [ 1.2, -0.04, 0.0 ],
																	"rotationY": -13.0,
																	"faces": {
																		"north": { "texture": "#material", "uv": [ 3.0, 14.5, 5.0, 15.0 ] },
																		"east": { "texture": "#material", "uv": [ 11.0, 10.5, 11.5, 11.0 ] },
																		"south": { "texture": "#material", "uv": [ 13.5, 5.5, 15.5, 6.0 ] },
																		"west": { "texture": "#material", "uv": [ 5.5, 0.5, 6.0, 1.0 ] },
																		"up": { "texture": "#material", "uv": [ 11.5, 15.0, 13.5, 15.5 ] },
																		"down": { "texture": "#material", "uv": [ 5.0, 0.0, 7.0, 0.5 ] }
																	},
																	"children": [
																		{
																			"name": "Cube23",
																			"from": [ 2.2, 0.01, 0.0 ], 
																			"to": [ 4.6, 0.49, 0.48 ], 
																			"rotationOrigin": [ 2.2, -0.05, 0.0 ],
																			"rotationY": -8.0,
																			"faces": {
																				"north": { "texture": "#material", "uv": [ 6.0, 2.5, 8.0, 3.0 ] },
																				"east": { "texture": "#material", "uv": [ 3.5, 9.0, 4.0, 9.5 ] },
																				"south": { "texture": "#material", "uv": [ 5.5, 14.0, 7.5, 14.5 ] },
																				"west": { "texture": "#material", "uv": [ 7.5, 15.0, 8.0, 15.5 ] },
																				"up": { "texture": "#material", "uv": [ 12.0, 1.0, 14.0, 1.5 ] },
																				"down": { "texture": "#material", "uv": [ 7.0, 5.0, 9.0, 5.5 ] }
																			},
																			"children": [
																				{
																					"name": "Cube24",
																					"from": [ 2.4, 0.01, 0.0 ], 
																					"to": [ 3.7, 0.47, 0.46 ], 
																					"rotationOrigin": [ 2.4, -0.06, 0.0 ],
																					"rotationY": -35.0,
																					"faces": {
																						"north": { "texture": "#material", "uv": [ 10.5, 14.0, 11.5, 14.5 ] },
																						"east": { "texture": "#material", "uv": [ 13.0, 1.0, 13.5, 1.5 ] },
																						"south": { "texture": "#material", "uv": [ 2.0, 9.5, 3.0, 10.0 ] },
																						"west": { "texture": "#material", "uv": [ 4.0, 0.0, 4.5, 0.5 ] },
																						"up": { "texture": "#material", "uv": [ 12.0, 1.5, 13.0, 2.0 ] },
																						"down": { "texture": "#material", "uv": [ 12.0, 14.0, 13.0, 14.5 ] }
																					},
																					"children": [
																						{
																							"name": "Cube25",
																							"from": [ 1.3, 0.01, 0.0 ], 
																							"to": [ 2.1, 0.45, 0.44 ], 
																							"rotationOrigin": [ 1.3, -0.07, 0.0 ],
																							"rotationY": -40.0,
																							"faces": {
																								"north": { "texture": "#material", "uv": [ 9.5, 8.5, 10.0, 9.0 ] },
																								"east": { "texture": "#material", "uv": [ 6.5, 1.5, 7.0, 2.0 ] },
																								"south": { "texture": "#material", "uv": [ 6.5, 2.5, 7.0, 3.0 ] },
																								"west": { "texture": "#material", "uv": [ 14.5, 2.5, 15.0, 3.0 ] },
																								"up": { "texture": "#material", "uv": [ 12.5, 11.5, 13.0, 12.0 ] },
																								"down": { "texture": "#material", "uv": [ 6.0, 3.5, 6.5, 4.0 ] }
																							},
																							"children": [
																								{
																									"name": "Cube26",
																									"from": [ 0.8, -0.2, -0.2 ], 
																									"to": [ 1.3, 0.64, 0.64 ], 
																									"rotationOrigin": [ 0.8, -0.38, -0.3 ],
																									"rotationY": 8.537735993741112E-6,
																									"faces": {
																										"north": { "texture": "#material", "uv": [ 9.5, 1.0, 10.0, 1.5 ] },
																										"east": { "texture": "#material", "uv": [ 5.5, 4.5, 6.0, 5.0 ] },
																										"south": { "texture": "#material", "uv": [ 3.5, 13.5, 4.0, 14.0 ] },
																										"west": { "texture": "#material", "uv": [ 12.5, 9.0, 13.0, 9.5 ] },
																										"up": { "texture": "#material", "uv": [ 1.0, 5.0, 1.5, 5.5 ] },
																										"down": { "texture": "#material", "uv": [ 5.0, 3.0, 5.5, 3.5 ] }
																									},
																									"children": [
																										{
																											"name": "Cube27",
																											"from": [ 0.5, 0.1, 0.1 ], 
																											"to": [ 0.7, 0.74, 0.74 ], 
																											"rotationOrigin": [ 0.5, -0.08, 0.0 ],
																											"rotationY": 5.122640782022701E-6,
																											"faces": {
																												"north": { "texture": "#material", "uv": [ 12.5, 4.5, 13.0, 5.0 ] },
																												"east": { "texture": "#material", "uv": [ 0.5, 7.5, 1.0, 8.0 ] },
																												"south": { "texture": "#material", "uv": [ 7.0, 10.5, 7.5, 11.0 ] },
																												"west": { "texture": "#material", "uv": [ 5.5, 11.0, 6.0, 11.5 ] },
																												"up": { "texture": "#material", "uv": [ 12.5, 9.5, 13.0, 10.0 ] },
																												"down": { "texture": "#material", "uv": [ 3.0, 9.5, 3.5, 10.0 ] }
																											}
																										}
																									]
																								}
																							]
																						}
																					]
																				}
																			]
																		}
																	]
																}
															]
														}
													]
												}
											]
										}
									]
								}
							]
						},
						{
							"name": "Cube39",
							"from": [ -2.6, -0.1, -1.3 ], 
							"to": [ 0.6, 0.7, 1.9 ], 
							"rotationOrigin": [ -1.0, -0.1, 0.3 ],
							"rotationY": 45.0,
							"faces": {
								"north": { "texture": "#material", "uv": [ 0.0, 9.5, 3.0, 10.0 ] },
								"east": { "texture": "#material", "uv": [ 11.0, 6.5, 14.0, 7.0 ] },
								"south": { "texture": "#material", "uv": [ 4.0, 7.5, 7.0, 8.0 ] },
								"west": { "texture": "#material", "uv": [ 1.5, 13.5, 4.5, 14.0 ] },
								"up": { "texture": "#material", "uv": [ 10.5, 10.5, 13.5, 13.5 ] },
								"down": { "texture": "#material", "uv": [ 0.5, 7.0, 3.5, 10.0 ] }
							}
						},
						{
							"name": "Cube40",
							"from": [ -2.9, 0.7, 0.05 ], 
							"to": [ 0.9, 1.5, 0.55 ], 
							"rotationOrigin": [ -2.9, 0.7, 0.1 ],
							"faces": {
								"north": { "texture": "#material", "uv": [ 0.5, 3.5, 4.0, 4.0 ] },
								"east": { "texture": "#material", "uv": [ 10.5, 14.0, 11.0, 14.5 ] },
								"south": { "texture": "#material", "uv": [ 7.0, 4.5, 10.5, 5.0 ] },
								"west": { "texture": "#material", "uv": [ 0.0, 14.5, 0.5, 15.0 ] },
								"up": { "texture": "#material", "uv": [ 11.5, 8.5, 15.0, 9.0 ] },
								"down": { "texture": "#material", "uv": [ 2.5, 2.0, 6.0, 2.5 ] }
							}
						},
						{
							"name": "Cube54",
							"from": [ -2.6, 0.0, 0.6 ], 
							"to": [ -1.5, 0.6, 1.2 ], 
							"rotationOrigin": [ -2.6, 0.0, 0.6 ],
							"rotationY": -180.0,
							"faces": {
								"north": { "texture": "#material", "uv": [ 12.0, 7.0, 13.0, 7.5 ] },
								"east": { "texture": "#material", "uv": [ 12.0, 11.0, 12.5, 11.5 ] },
								"south": { "texture": "#material", "uv": [ 5.0, 5.5, 6.0, 6.0 ] },
								"west": { "texture": "#material", "uv": [ 15.0, 5.5, 15.5, 6.0 ] },
								"up": { "texture": "#material", "uv": [ 13.5, 5.0, 14.5, 5.5 ] },
								"down": { "texture": "#material", "uv": [ 4.5, 12.0, 5.5, 12.5 ] }
							},
							"children": [
								{
									"name": "Cube54",
									"from": [ 1.1, 0.01, 0.0 ], 
									"to": [ 2.6, 0.59, 0.58 ], 
									"rotationOrigin": [ 1.1, 0.0, 0.0 ],
									"rotationY": -40.0,
									"faces": {
										"north": { "texture": "#material", "uv": [ 1.5, 3.5, 3.0, 4.0 ] },
										"east": { "texture": "#material", "uv": [ 14.0, 2.0, 14.5, 2.5 ] },
										"south": { "texture": "#material", "uv": [ 7.5, 9.5, 9.0, 10.0 ] },
										"west": { "texture": "#material", "uv": [ 3.0, 14.5, 3.5, 15.0 ] },
										"up": { "texture": "#material", "uv": [ 3.5, 14.0, 5.0, 14.5 ] },
										"down": { "texture": "#material", "uv": [ 4.0, 0.5, 5.5, 1.0 ] }
									},
									"children": [
										{
											"name": "Cube54",
											"from": [ 1.5, 0.01, 0.0 ], 
											"to": [ 2.8, 0.57, 0.56 ], 
											"rotationOrigin": [ 1.5, -0.01, 0.0 ],
											"rotationY": -50.0,
											"faces": {
												"north": { "texture": "#material", "uv": [ 0.0, 2.0, 1.0, 2.5 ] },
												"east": { "texture": "#material", "uv": [ 15.0, 6.5, 15.5, 7.0 ] },
												"south": { "texture": "#material", "uv": [ 14.5, 6.0, 15.5, 6.5 ] },
												"west": { "texture": "#material", "uv": [ 5.5, 6.5, 6.0, 7.0 ] },
												"up": { "texture": "#material", "uv": [ 8.5, 3.0, 9.5, 3.5 ] },
												"down": { "texture": "#material", "uv": [ 13.5, 4.0, 14.5, 4.5 ] }
											},
											"children": [
												{
													"name": "Cube54",
													"from": [ 1.3, 0.01, 0.0 ], 
													"to": [ 2.5, 0.55, 0.54 ], 
													"rotationOrigin": [ 1.3, -0.02, 0.0 ],
													"rotationY": -30.0,
													"faces": {
														"north": { "texture": "#material", "uv": [ 12.5, 2.0, 13.5, 2.5 ] },
														"east": { "texture": "#material", "uv": [ 10.5, 9.5, 11.0, 10.0 ] },
														"south": { "texture": "#material", "uv": [ 2.0, 5.5, 3.0, 6.0 ] },
														"west": { "texture": "#material", "uv": [ 10.5, 13.5, 11.0, 14.0 ] },
														"up": { "texture": "#material", "uv": [ 0.5, 12.5, 1.5, 13.0 ] },
														"down": { "texture": "#material", "uv": [ 14.5, 10.0, 15.5, 10.5 ] }
													},
													"children": [
														{
															"name": "Cube54",
															"from": [ 1.2, 0.01, 0.0 ], 
															"to": [ 2.4, 0.53, 0.52 ], 
															"rotationOrigin": [ 1.2, -0.03, 0.0 ],
															"rotationY": -43.0,
															"faces": {
																"north": { "texture": "#material", "uv": [ 11.0, 1.5, 12.0, 2.0 ] },
																"east": { "texture": "#material", "uv": [ 14.0, 0.0, 14.5, 0.5 ] },
																"south": { "texture": "#material", "uv": [ 12.0, 0.5, 13.0, 1.0 ] },
																"west": { "texture": "#material", "uv": [ 4.5, 14.0, 5.0, 14.5 ] },
																"up": { "texture": "#material", "uv": [ 11.0, 12.0, 12.0, 12.5 ] },
																"down": { "texture": "#material", "uv": [ 7.5, 4.5, 8.5, 5.0 ] }
															},
															"children": [
																{
																	"name": "Cube54",
																	"from": [ 1.2, 0.01, 0.0 ], 
																	"to": [ 3.4, 0.51, 0.5 ], 
																	"rotationOrigin": [ 1.2, -0.04, 0.0 ],
																	"rotationY": -13.0,
																	"faces": {
																		"north": { "texture": "#material", "uv": [ 12.0, 11.5, 14.0, 12.0 ] },
																		"east": { "texture": "#material", "uv": [ 7.5, 12.5, 8.0, 13.0 ] },
																		"south": { "texture": "#material", "uv": [ 7.0, 2.5, 9.0, 3.0 ] },
																		"west": { "texture": "#material", "uv": [ 13.5, 7.5, 14.0, 8.0 ] },
																		"up": { "texture": "#material", "uv": [ 2.0, 11.0, 4.0, 11.5 ] },
																		"down": { "texture": "#material", "uv": [ 0.5, 14.0, 2.5, 14.5 ] }
																	},
																	"children": [
																		{
																			"name": "Cube54",
																			"from": [ 2.2, 0.01, 0.0 ], 
																			"to": [ 4.6, 0.49, 0.48 ], 
																			"rotationOrigin": [ 2.2, -0.05, 0.0 ],
																			"rotationY": -8.0,
																			"faces": {
																				"north": { "texture": "#material", "uv": [ 12.0, 14.5, 14.0, 15.0 ] },
																				"east": { "texture": "#material", "uv": [ 7.5, 1.0, 8.0, 1.5 ] },
																				"south": { "texture": "#material", "uv": [ 0.5, 15.0, 2.5, 15.5 ] },
																				"west": { "texture": "#material", "uv": [ 0.0, 15.0, 0.5, 15.5 ] },
																				"up": { "texture": "#material", "uv": [ 11.0, 2.5, 13.0, 3.0 ] },
																				"down": { "texture": "#material", "uv": [ 9.0, 2.5, 11.0, 3.0 ] }
																			},
																			"children": [
																				{
																					"name": "Cube54",
																					"from": [ 2.4, 0.01, 0.0 ], 
																					"to": [ 3.7, 0.47, 0.46 ], 
																					"rotationOrigin": [ 2.4, -0.06, 0.0 ],
																					"rotationY": -35.0,
																					"faces": {
																						"north": { "texture": "#material", "uv": [ 3.5, 11.0, 4.5, 11.5 ] },
																						"east": { "texture": "#material", "uv": [ 1.0, 14.0, 1.5, 14.5 ] },
																						"south": { "texture": "#material", "uv": [ 14.0, 1.0, 15.0, 1.5 ] },
																						"west": { "texture": "#material", "uv": [ 1.5, 6.5, 2.0, 7.0 ] },
																						"up": { "texture": "#material", "uv": [ 11.5, 7.0, 12.5, 7.5 ] },
																						"down": { "texture": "#material", "uv": [ 0.0, 10.0, 1.0, 10.5 ] }
																					},
																					"children": [
																						{
																							"name": "Cube54",
																							"from": [ 1.3, 0.01, 0.0 ], 
																							"to": [ 2.1, 0.45, 0.44 ], 
																							"rotationOrigin": [ 1.3, -0.07, 0.0 ],
																							"rotationY": -40.0,
																							"faces": {
																								"north": { "texture": "#material", "uv": [ 11.5, 9.5, 12.0, 10.0 ] },
																								"east": { "texture": "#material", "uv": [ 10.5, 0.0, 11.0, 0.5 ] },
																								"south": { "texture": "#material", "uv": [ 8.5, 5.0, 9.0, 5.5 ] },
																								"west": { "texture": "#material", "uv": [ 13.5, 9.5, 14.0, 10.0 ] },
																								"up": { "texture": "#material", "uv": [ 11.0, 6.0, 11.5, 6.5 ] },
																								"down": { "texture": "#material", "uv": [ 11.5, 4.5, 12.0, 5.0 ] }
																							},
																							"children": [
																								{
																									"name": "Cube54",
																									"from": [ 0.8, -0.2, -0.2 ], 
																									"to": [ 1.3, 0.64, 0.64 ], 
																									"rotationOrigin": [ 0.8, -0.38, -0.3 ],
																									"rotationY": 8.537735993741112E-6,
																									"faces": {
																										"north": { "texture": "#material", "uv": [ 12.0, 13.0, 12.5, 13.5 ] },
																										"east": { "texture": "#material", "uv": [ 12.5, 13.0, 13.0, 13.5 ] },
																										"south": { "texture": "#material", "uv": [ 0.0, 1.0, 0.5, 1.5 ] },
																										"west": { "texture": "#material", "uv": [ 5.5, 4.0, 6.0, 4.5 ] },
																										"up": { "texture": "#material", "uv": [ 14.5, 4.0, 15.0, 4.5 ] },
																										"down": { "texture": "#material", "uv": [ 0.5, 7.5, 1.0, 8.0 ] }
																									},
																									"children": [
																										{
																											"name": "Cube54",
																											"from": [ 0.5, 0.1, 0.1 ], 
																											"to": [ 0.7, 0.74, 0.74 ], 
																											"rotationOrigin": [ 0.5, -0.08, 0.0 ],
																											"rotationY": 5.122640782022701E-6,
																											"faces": {
																												"north": { "texture": "#material", "uv": [ 5.0, 1.0, 5.5, 1.5 ] },
																												"east": { "texture": "#material", "uv": [ 2.0, 2.5, 2.5, 3.0 ] },
																												"south": { "texture": "#material", "uv": [ 10.0, 2.5, 10.5, 3.0 ] },
																												"west": { "texture": "#material", "uv": [ 10.0, 10.0, 10.5, 10.5 ] },
																												"up": { "texture": "#material", "uv": [ 8.5, 13.5, 9.0, 14.0 ] },
																												"down": { "texture": "#material", "uv": [ 6.5, 13.5, 7.0, 14.0 ] }
																											}
																										}
																									]
																								}
																							]
																						}
																					]
																				}
																			]
																		}
																	]
																}
															]
														}
													]
												}
											]
										}
									]
								}
							]
						}
					]
				},
				{
					"name": "Handle",
					"from": [ 8.0, -4.0, 7.8 ], 
					"to": [ 8.0, -4.0, 7.8 ], 
					"rotationOrigin": [ 8.0, -4.0, 7.8 ],
					"faces": {
						"north": { "texture": "#material", "uv": [ 11.0, 9.5, 11.5, 10.0 ] },
						"east": { "texture": "#material", "uv": [ 11.5, 0.5, 12.0, 1.0 ] },
						"south": { "texture": "#material", "uv": [ 12.5, 12.0, 13.0, 12.5 ] },
						"west": { "texture": "#material", "uv": [ 2.0, 8.5, 2.5, 9.0 ] },
						"up": { "texture": "#material", "uv": [ 13.0, 14.0, 13.5, 14.5 ] },
						"down": { "texture": "#material", "uv": [ 14.5, 13.5, 15.0, 14.0 ] }
					},
					"children": [
						{
							"name": "Cube43",
							"from": [ -0.9, 4.8, -0.9 ], 
							"to": [ 1.1, 8.3, 1.1 ], 
							"rotationOrigin": [ -0.9, 4.8, -0.9 ],
							"faces": {
								"north": { "texture": "#leather", "uv": [ 8.5, 3.0, 10.5, 6.5 ] },
								"east": { "texture": "#leather", "uv": [ 1.5, 6.0, 3.5, 9.5 ] },
								"south": { "texture": "#leather", "uv": [ 9.5, 5.0, 11.5, 8.5 ] },
								"west": { "texture": "#leather", "uv": [ 12.0, 7.5, 14.0, 11.0 ] },
								"up": { "texture": "#leather", "uv": [ 10.5, 6.5, 12.5, 8.5 ] },
								"down": { "texture": "#leather", "uv": [ 1.0, 11.0, 3.0, 13.0 ] }
							}
						},
						{
							"name": "Cube44",
							"from": [ -0.7, 1.3, -0.7 ], 
							"to": [ 0.9, 4.8, 0.9 ], 
							"rotationOrigin": [ -0.7, 1.3, -0.7 ],
							"faces": {
								"north": { "texture": "#leather", "uv": [ 6.0, 11.0, 7.5, 14.5 ] },
								"east": { "texture": "#leather", "uv": [ 4.5, 2.5, 6.0, 6.0 ] },
								"south": { "texture": "#leather", "uv": [ 0.0, 0.5, 1.5, 4.0 ] },
								"west": { "texture": "#leather", "uv": [ 0.5, 2.5, 2.0, 6.0 ] },
								"up": { "texture": "#leather", "uv": [ 10.5, 10.5, 12.0, 12.0 ] },
								"down": { "texture": "#leather", "uv": [ 12.0, 9.5, 13.5, 11.0 ] }
							}
						},
						{
							"name": "Cube45",
							"from": [ -0.8, 4.6, -0.8 ], 
							"to": [ 1.0, 4.8, 1.0 ], 
							"rotationOrigin": [ -0.8, 4.6, -0.8 ],
							"faces": {
								"north": { "texture": "#material", "uv": [ 1.0, 6.5, 2.5, 7.0 ] },
								"east": { "texture": "#material", "uv": [ 2.5, 8.0, 4.0, 8.5 ] },
								"south": { "texture": "#material", "uv": [ 2.0, 12.5, 3.5, 13.0 ] },
								"west": { "texture": "#material", "uv": [ 1.0, 10.0, 2.5, 10.5 ] },
								"up": { "texture": "#material", "uv": [ 8.5, 5.5, 10.0, 7.0 ] },
								"down": { "texture": "#material", "uv": [ 13.5, 4.0, 15.0, 5.5 ] }
							}
						},
						{
							"name": "Cube46",
							"from": [ -0.8, 1.2, -0.8 ], 
							"to": [ 1.0, 1.4, 1.0 ], 
							"rotationOrigin": [ -0.8, 1.2, -0.8 ],
							"faces": {
								"north": { "texture": "#material", "uv": [ 3.5, 13.5, 5.0, 14.0 ] },
								"east": { "texture": "#material", "uv": [ 13.5, 2.0, 15.0, 2.5 ] },
								"south": { "texture": "#material", "uv": [ 1.0, 3.5, 2.5, 4.0 ] },
								"west": { "texture": "#material", "uv": [ 3.5, 4.0, 5.0, 4.5 ] },
								"up": { "texture": "#material", "uv": [ 10.0, 9.5, 11.5, 11.0 ] },
								"down": { "texture": "#material", "uv": [ 7.0, 2.0, 8.5, 3.5 ] }
							}
						},
						{
							"name": "Cube47",
							"from": [ -1.0, 8.1, -1.0 ], 
							"to": [ 1.2, 8.3, 1.2 ], 
							"rotationOrigin": [ -1.0, 8.1, -1.0 ],
							"faces": {
								"north": { "texture": "#material", "uv": [ 3.5, 8.5, 5.5, 9.0 ] },
								"east": { "texture": "#material", "uv": [ 13.5, 14.0, 15.5, 14.5 ] },
								"south": { "texture": "#material", "uv": [ 9.0, 2.0, 11.0, 2.5 ] },
								"west": { "texture": "#material", "uv": [ 12.5, 14.5, 14.5, 15.0 ] },
								"up": { "texture": "#material", "uv": [ 12.5, 2.5, 14.5, 4.5 ] },
								"down": { "texture": "#material", "uv": [ 13.5, 7.0, 15.5, 9.0 ] }
							}
						},
						{
							"name": "Cube48",
							"from": [ -1.0, 6.3, -1.0 ], 
							"to": [ 1.2, 6.5, 1.2 ], 
							"rotationOrigin": [ -1.0, 6.3, -1.0 ],
							"faces": {
								"north": { "texture": "#material", "uv": [ 3.5, 8.5, 5.5, 9.0 ] },
								"east": { "texture": "#material", "uv": [ 2.5, 2.0, 4.5, 2.5 ] },
								"south": { "texture": "#material", "uv": [ 3.5, 2.0, 5.5, 2.5 ] },
								"west": { "texture": "#material", "uv": [ 8.0, 12.5, 10.0, 13.0 ] },
								"up": { "texture": "#material", "uv": [ 2.0, 1.5, 4.0, 3.5 ] },
								"down": { "texture": "#material", "uv": [ 3.5, 7.5, 5.5, 9.5 ] }
							}
						},
						{
							"name": "Cube49",
							"from": [ -0.8, 2.8, -0.8 ], 
							"to": [ 1.0, 3.0, 1.0 ], 
							"rotationOrigin": [ -0.8, 2.8, -0.8 ],
							"faces": {
								"north": { "texture": "#material", "uv": [ 13.0, 11.5, 14.5, 12.0 ] },
								"east": { "texture": "#material", "uv": [ 1.5, 5.5, 3.0, 6.0 ] },
								"south": { "texture": "#material", "uv": [ 7.0, 12.5, 8.5, 13.0 ] },
								"west": { "texture": "#material", "uv": [ 2.5, 3.0, 4.0, 3.5 ] },
								"up": { "texture": "#material", "uv": [ 11.0, 0.0, 12.5, 1.5 ] },
								"down": { "texture": "#material", "uv": [ 3.0, 7.0, 4.5, 8.5 ] }
							}
						},
						{
							"name": "Cube50",
							"from": [ -1.0, 0.0, -1.0 ], 
							"to": [ 1.2, 1.2, 1.2 ], 
							"rotationOrigin": [ -1.0, 0.0, -1.0 ],
							"faces": {
								"north": { "texture": "#material", "uv": [ 0.0, 10.5, 2.0, 11.5 ] },
								"east": { "texture": "#material", "uv": [ 7.0, 11.5, 9.0, 12.5 ] },
								"south": { "texture": "#material", "uv": [ 3.0, 10.0, 5.0, 11.0 ] },
								"west": { "texture": "#material", "uv": [ 11.5, 3.5, 13.5, 4.5 ] },
								"up": { "texture": "#material", "uv": [ 7.5, 6.5, 9.5, 8.5 ] },
								"down": { "texture": "#material", "uv": [ 10.0, 9.0, 12.0, 11.0 ] }
							}
						},
						{
							"name": "Cube51",
							"from": [ -1.2, -0.6, -1.2 ], 
							"to": [ 1.4, 0.0, 1.4 ], 
							"rotationOrigin": [ -1.2, -0.6, -1.2 ],
							"faces": {
								"north": { "texture": "#material", "uv": [ 3.5, 0.0, 6.0, 0.5 ] },
								"east": { "texture": "#material", "uv": [ 12.0, 3.5, 14.5, 4.0 ] },
								"south": { "texture": "#material", "uv": [ 2.5, 5.0, 5.0, 5.5 ] },
								"west": { "texture": "#material", "uv": [ 11.5, 4.0, 14.0, 4.5 ] },
								"up": { "texture": "#material", "uv": [ 0.0, 10.0, 2.5, 12.5 ] },
								"down": { "texture": "#material", "uv": [ 0.0, 3.5, 2.5, 6.0 ] }
							}
						},
						{
							"name": "Cube52",
							"from": [ -1.4, -1.8, -1.4 ], 
							"to": [ 1.6, -0.6, 1.6 ], 
							"rotationOrigin": [ -1.4, -1.8, -1.4 ],
							"faces": {
								"north": { "texture": "#material", "uv": [ 5.0, 8.0, 8.0, 9.0 ] },
								"east": { "texture": "#material", "uv": [ 6.0, 2.0, 9.0, 3.0 ] },
								"south": { "texture": "#material", "uv": [ 12.5, 4.0, 15.5, 5.0 ] },
								"west": { "texture": "#material", "uv": [ 3.0, 7.0, 6.0, 8.0 ] },
								"up": { "texture": "#material", "uv": [ 2.5, 7.0, 5.5, 10.0 ] },
								"down": { "texture": "#material", "uv": [ 9.5, 0.5, 12.5, 3.5 ] }
							}
						},
						{
							"name": "gerb",
							"from": [ 0.0, -0.95, 0.0 ], 
							"to": [ 0.0, -0.95, 0.0 ], 
							"rotationOrigin": [ 0.0, -0.9, 0.0 ],
							"faces": {
								"north": { "texture": "#gold", "uv": [ 13.0, 13.5, 13.5, 14.0 ] },
								"east": { "texture": "#gold", "uv": [ 12.0, 4.5, 12.5, 5.0 ] },
								"south": { "texture": "#gold", "uv": [ 0.5, 15.0, 1.0, 15.5 ] },
								"west": { "texture": "#gold", "uv": [ 12.5, 4.5, 13.0, 5.0 ] },
								"up": { "texture": "#gold", "uv": [ 4.0, 4.0, 4.5, 4.5 ] },
								"down": { "texture": "#gold", "uv": [ 2.5, 14.5, 3.0, 15.0 ] }
							},
							"children": [
								{
									"name": "Cube55",
									"from": [ 0.9, -0.9, -0.2 ], 
									"to": [ 1.1, -0.8, 0.4 ], 
									"rotationOrigin": [ 0.1, -0.8, 0.1 ],
									"faces": {
										"north": { "texture": "#gold", "uv": [ 13.5, 0.0, 14.0, 0.5 ] },
										"east": { "texture": "#gold", "uv": [ 12.5, 6.0, 13.0, 6.5 ] },
										"south": { "texture": "#gold", "uv": [ 7.5, 8.5, 8.0, 9.0 ] },
										"west": { "texture": "#gold", "uv": [ 6.0, 6.5, 6.5, 7.0 ] },
										"up": { "texture": "#gold", "uv": [ 14.0, 6.0, 14.5, 6.5 ] },
										"down": { "texture": "#gold", "uv": [ 12.0, 10.0, 12.5, 10.5 ] }
									}
								},
								{
									"name": "Cube56",
									"from": [ 0.9, -0.9, -0.2 ], 
									"to": [ 1.1, -0.8, 0.4 ], 
									"rotationOrigin": [ 0.1, -0.8, 0.1 ],
									"rotationY": -45.0,
									"faces": {
										"north": { "texture": "#gold", "uv": [ 7.0, 13.0, 7.5, 13.5 ] },
										"east": { "texture": "#gold", "uv": [ 0.0, 3.0, 0.5, 3.5 ] },
										"south": { "texture": "#gold", "uv": [ 7.5, 5.5, 8.0, 6.0 ] },
										"west": { "texture": "#gold", "uv": [ 7.0, 1.5, 7.5, 2.0 ] },
										"up": { "texture": "#gold", "uv": [ 2.5, 4.0, 3.0, 4.5 ] },
										"down": { "texture": "#gold", "uv": [ 7.0, 2.5, 7.5, 3.0 ] }
									}
								},
								{
									"name": "Cube57",
									"from": [ 0.9, -0.9, -0.2 ], 
									"to": [ 1.1, -0.8, 0.4 ], 
									"rotationOrigin": [ 0.1, -0.8, 0.1 ],
									"rotationY": -90.0,
									"faces": {
										"north": { "texture": "#gold", "uv": [ 3.5, 7.0, 4.0, 7.5 ] },
										"east": { "texture": "#gold", "uv": [ 5.5, 6.5, 6.0, 7.0 ] },
										"south": { "texture": "#gold", "uv": [ 7.0, 10.5, 7.5, 11.0 ] },
										"west": { "texture": "#gold", "uv": [ 1.0, 0.5, 1.5, 1.0 ] },
										"up": { "texture": "#gold", "uv": [ 4.5, 14.0, 5.0, 14.5 ] },
										"down": { "texture": "#gold", "uv": [ 2.5, 0.5, 3.0, 1.0 ] }
									}
								},
								{
									"name": "Cube58",
									"from": [ 0.9, -0.9, -0.2 ], 
									"to": [ 1.1, -0.8, 0.4 ], 
									"rotationOrigin": [ 0.1, -0.8, 0.1 ],
									"rotationY": -135.0,
									"faces": {
										"north": { "texture": "#gold", "uv": [ 1.5, 11.0, 2.0, 11.5 ] },
										"east": { "texture": "#gold", "uv": [ 12.0, 5.0, 12.5, 5.5 ] },
										"south": { "texture": "#gold", "uv": [ 9.5, 8.0, 10.0, 8.5 ] },
										"west": { "texture": "#gold", "uv": [ 3.5, 4.0, 4.0, 4.5 ] },
										"up": { "texture": "#gold", "uv": [ 15.0, 14.5, 15.5, 15.0 ] },
										"down": { "texture": "#gold", "uv": [ 15.0, 4.0, 15.5, 4.5 ] }
									}
								},
								{
									"name": "Cube59",
									"from": [ 0.9, -0.9, -0.2 ], 
									"to": [ 1.1, -0.8, 0.4 ], 
									"rotationOrigin": [ 0.1, -0.8, 0.1 ],
									"rotationY": -180.0,
									"faces": {
										"north": { "texture": "#gold", "uv": [ 3.5, 10.5, 4.0, 11.0 ] },
										"east": { "texture": "#gold", "uv": [ 10.5, 7.0, 11.0, 7.5 ] },
										"south": { "texture": "#gold", "uv": [ 15.0, 11.5, 15.5, 12.0 ] },
										"west": { "texture": "#gold", "uv": [ 0.0, 14.0, 0.5, 14.5 ] },
										"up": { "texture": "#gold", "uv": [ 1.0, 3.0, 1.5, 3.5 ] },
										"down": { "texture": "#gold", "uv": [ 11.0, 13.5, 11.5, 14.0 ] }
									}
								},
								{
									"name": "Cube60",
									"from": [ 0.9, -0.9, -0.2 ], 
									"to": [ 1.1, -0.8, 0.4 ], 
									"rotationOrigin": [ 0.1, -0.8, 0.1 ],
									"rotationY": 45.0,
									"faces": {
										"north": { "texture": "#gold", "uv": [ 8.5, 14.5, 9.0, 15.0 ] },
										"east": { "texture": "#gold", "uv": [ 14.5, 13.5, 15.0, 14.0 ] },
										"south": { "texture": "#gold", "uv": [ 1.5, 6.5, 2.0, 7.0 ] },
										"west": { "texture": "#gold", "uv": [ 10.5, 14.5, 11.0, 15.0 ] },
										"up": { "texture": "#gold", "uv": [ 7.5, 3.0, 8.0, 3.5 ] },
										"down": { "texture": "#gold", "uv": [ 8.5, 4.0, 9.0, 4.5 ] }
									}
								},
								{
									"name": "Cube61",
									"from": [ 0.9, -0.9, -0.2 ], 
									"to": [ 1.1, -0.8, 0.4 ], 
									"rotationOrigin": [ 0.1, -0.8, 0.1 ],
									"rotationY": 90.0,
									"faces": {
										"north": { "texture": "#gold", "uv": [ 7.5, 2.5, 8.0, 3.0 ] },
										"east": { "texture": "#gold", "uv": [ 0.5, 7.0, 1.0, 7.5 ] },
										"south": { "texture": "#gold", "uv": [ 10.5, 9.0, 11.0, 9.5 ] },
										"west": { "texture": "#gold", "uv": [ 14.0, 4.5, 14.5, 5.0 ] },
										"up": { "texture": "#gold", "uv": [ 5.0, 5.0, 5.5, 5.5 ] },
										"down": { "texture": "#gold", "uv": [ 3.0, 14.0, 3.5, 14.5 ] }
									}
								},
								{
									"name": "Cube62",
									"from": [ 0.9, -0.9, -0.2 ], 
									"to": [ 1.1, -0.8, 0.4 ], 
									"rotationOrigin": [ 0.1, -0.8, 0.1 ],
									"rotationY": 135.0,
									"faces": {
										"north": { "texture": "#gold", "uv": [ 11.0, 13.0, 11.5, 13.5 ] },
										"east": { "texture": "#gold", "uv": [ 1.0, 1.5, 1.5, 2.0 ] },
										"south": { "texture": "#gold", "uv": [ 5.0, 12.0, 5.5, 12.5 ] },
										"west": { "texture": "#gold", "uv": [ 6.5, 2.0, 7.0, 2.5 ] },
										"up": { "texture": "#gold", "uv": [ 9.0, 9.5, 9.5, 10.0 ] },
										"down": { "texture": "#gold", "uv": [ 2.5, 2.5, 3.0, 3.0 ] }
									}
								},
								{
									"name": "Cube63",
									"from": [ 0.0, -0.9, -0.4 ], 
									"to": [ 0.2, -0.8, 0.6 ], 
									"rotationOrigin": [ 0.0, -0.9, -0.4 ],
									"faces": {
										"north": { "texture": "#gold", "uv": [ 7.0, 6.5, 7.5, 7.0 ] },
										"east": { "texture": "#gold", "uv": [ 10.5, 0.0, 11.5, 0.5 ] },
										"south": { "texture": "#gold", "uv": [ 8.0, 1.5, 8.5, 2.0 ] },
										"west": { "texture": "#gold", "uv": [ 4.5, 0.0, 5.5, 0.5 ] },
										"up": { "texture": "#gold", "uv": [ 1.5, 11.5, 2.0, 12.5 ] },
										"down": { "texture": "#gold", "uv": [ 11.5, 10.5, 12.0, 11.5 ] }
									}
								},
								{
									"name": "Cube64",
									"from": [ 0.0, -0.9, -0.4 ], 
									"to": [ 0.2, -0.8, 0.6 ], 
									"rotationOrigin": [ 0.1, -0.9, 0.1 ],
									"rotationY": -90.0,
									"faces": {
										"north": { "texture": "#gold", "uv": [ 12.0, 4.0, 12.5, 4.5 ] },
										"east": { "texture": "#gold", "uv": [ 8.5, 3.5, 9.5, 4.0 ] },
										"south": { "texture": "#gold", "uv": [ 0.5, 8.5, 1.0, 9.0 ] },
										"west": { "texture": "#gold", "uv": [ 7.5, 8.0, 8.5, 8.5 ] },
										"up": { "texture": "#gold", "uv": [ 12.5, 4.5, 13.0, 5.5 ] },
										"down": { "texture": "#gold", "uv": [ 0.0, 6.0, 0.5, 7.0 ] }
									}
								},
								{
									"name": "Cube65",
									"from": [ 0.6, -0.9, -0.1 ], 
									"to": [ 0.7, -0.8, 0.3 ], 
									"rotationOrigin": [ 0.1, -0.8, 0.1 ],
									"faces": {
										"north": { "texture": "#gold", "uv": [ 12.0, 7.5, 12.5, 8.0 ] },
										"east": { "texture": "#gold", "uv": [ 12.5, 5.0, 13.0, 5.5 ] },
										"south": { "texture": "#gold", "uv": [ 10.0, 3.0, 10.5, 3.5 ] },
										"west": { "texture": "#gold", "uv": [ 14.5, 3.5, 15.0, 4.0 ] },
										"up": { "texture": "#gold", "uv": [ 3.0, 1.0, 3.5, 1.5 ] },
										"down": { "texture": "#gold", "uv": [ 6.5, 4.0, 7.0, 4.5 ] }
									}
								},
								{
									"name": "Cube66",
									"from": [ 0.6, -0.9, -0.1 ], 
									"to": [ 0.7, -0.8, 0.3 ], 
									"rotationOrigin": [ 0.1, -0.8, 0.1 ],
									"rotationY": -90.0,
									"faces": {
										"north": { "texture": "#gold", "uv": [ 11.5, 7.5, 12.0, 8.0 ] },
										"east": { "texture": "#gold", "uv": [ 15.0, 1.5, 15.5, 2.0 ] },
										"south": { "texture": "#gold", "uv": [ 12.5, 8.0, 13.0, 8.5 ] },
										"west": { "texture": "#gold", "uv": [ 5.0, 5.0, 5.5, 5.5 ] },
										"up": { "texture": "#gold", "uv": [ 9.5, 5.0, 10.0, 5.5 ] },
										"down": { "texture": "#gold", "uv": [ 2.5, 11.5, 3.0, 12.0 ] }
									}
								},
								{
									"name": "Cube67",
									"from": [ 0.6, -0.9, -0.1 ], 
									"to": [ 0.7, -0.8, 0.3 ], 
									"rotationOrigin": [ 0.1, -0.8, 0.1 ],
									"rotationY": -180.0,
									"faces": {
										"north": { "texture": "#gold", "uv": [ 11.0, 3.5, 11.5, 4.0 ] },
										"east": { "texture": "#gold", "uv": [ 3.0, 15.0, 3.5, 15.5 ] },
										"south": { "texture": "#gold", "uv": [ 14.0, 0.0, 14.5, 0.5 ] },
										"west": { "texture": "#gold", "uv": [ 14.5, 0.0, 15.0, 0.5 ] },
										"up": { "texture": "#gold", "uv": [ 2.5, 0.0, 3.0, 0.5 ] },
										"down": { "texture": "#gold", "uv": [ 2.5, 8.5, 3.0, 9.0 ] }
									}
								},
								{
									"name": "Cube68",
									"from": [ 0.6, -0.9, -0.1 ], 
									"to": [ 0.7, -0.8, 0.3 ], 
									"rotationOrigin": [ 0.1, -0.8, 0.1 ],
									"rotationY": 90.0,
									"faces": {
										"north": { "texture": "#gold", "uv": [ 1.0, 1.0, 1.5, 1.5 ] },
										"east": { "texture": "#gold", "uv": [ 9.5, 11.5, 10.0, 12.0 ] },
										"south": { "texture": "#gold", "uv": [ 2.0, 1.0, 2.5, 1.5 ] },
										"west": { "texture": "#gold", "uv": [ 2.5, 8.0, 3.0, 8.5 ] },
										"up": { "texture": "#gold", "uv": [ 0.0, 4.5, 0.5, 5.0 ] },
										"down": { "texture": "#gold", "uv": [ 7.5, 12.5, 8.0, 13.0 ] }
									}
								}
							]
						},
						{
							"name": "Cube69",
							"from": [ 1.6, -1.8, -0.7 ], 
							"to": [ 2.6, -0.3, 0.9 ], 
							"rotationOrigin": [ 1.6, -1.8, -0.7 ],
							"rotationZ": 31.0,
							"faces": {
								"north": { "texture": "#material", "uv": [ 5.0, 8.0, 6.0, 9.5 ] },
								"east": { "texture": "#material", "uv": [ 6.0, 2.0, 7.5, 3.5 ] },
								"south": { "texture": "#material", "uv": [ 12.5, 4.0, 13.5, 5.5 ] },
								"west": { "texture": "#material", "uv": [ 3.0, 7.0, 4.5, 8.5 ] },
								"up": { "texture": "#material", "uv": [ 2.5, 7.0, 3.5, 8.5 ] },
								"down": { "texture": "#material", "uv": [ 9.5, 0.5, 10.5, 2.0 ] }
							},
							"children": [
								{
									"name": "Cube70",
									"from": [ 0.0, 1.5, 0.2 ], 
									"to": [ 1.0, 2.5, 1.4 ], 
									"rotationOrigin": [ 0.0, 1.5, 0.2 ],
									"faces": {
										"north": { "texture": "#material", "uv": [ 5.0, 8.0, 6.0, 9.0 ] },
										"east": { "texture": "#material", "uv": [ 6.0, 2.0, 7.0, 3.0 ] },
										"south": { "texture": "#material", "uv": [ 12.5, 4.0, 13.5, 5.0 ] },
										"west": { "texture": "#material", "uv": [ 3.0, 7.0, 4.0, 8.0 ] },
										"up": { "texture": "#material", "uv": [ 2.5, 7.0, 3.5, 8.0 ] },
										"down": { "texture": "#material", "uv": [ 9.5, 0.5, 10.5, 1.5 ] }
									}
								}
							]
						},
						{
							"name": "Cube71",
							"from": [ -2.4, -1.8, -0.7 ], 
							"to": [ -1.4, -0.3, 0.9 ], 
							"rotationOrigin": [ -1.4, -1.8, -0.7 ],
							"rotationZ": -31.0,
							"faces": {
								"north": { "texture": "#material", "uv": [ 5.0, 8.0, 6.0, 9.5 ] },
								"east": { "texture": "#material", "uv": [ 6.0, 2.0, 7.5, 3.5 ] },
								"south": { "texture": "#material", "uv": [ 12.5, 4.0, 13.5, 5.5 ] },
								"west": { "texture": "#material", "uv": [ 3.0, 7.0, 4.5, 8.5 ] },
								"up": { "texture": "#material", "uv": [ 2.5, 7.0, 3.5, 8.5 ] },
								"down": { "texture": "#material", "uv": [ 9.5, 0.5, 10.5, 2.0 ] }
							},
							"children": [
								{
									"name": "Cube71",
									"from": [ 0.0, 1.5, 0.2 ], 
									"to": [ 1.0, 2.5, 1.4 ], 
									"rotationOrigin": [ 0.0, 1.5, 0.2 ],
									"faces": {
										"north": { "texture": "#material", "uv": [ 5.0, 8.0, 6.0, 9.0 ] },
										"east": { "texture": "#material", "uv": [ 6.0, 2.0, 7.0, 3.0 ] },
										"south": { "texture": "#material", "uv": [ 12.5, 4.0, 13.5, 5.0 ] },
										"west": { "texture": "#material", "uv": [ 3.0, 7.0, 4.0, 8.0 ] },
										"up": { "texture": "#material", "uv": [ 2.5, 7.0, 3.5, 8.0 ] },
										"down": { "texture": "#material", "uv": [ 9.5, 0.5, 10.5, 1.5 ] }
									}
								}
							]
						}
					]
				}
			]
		}
	]}