{
	"editor": {
		"allAngles": false,
		"entityTextureMode": false
	},
	"textureWidth": 16,
	"textureHeight": 16,
	"textureSizes": {
	},
	"textures": {
		"meteoriciron": "game:block/metal/ingot/meteoriciron",
		"wood": "game:item/tool/material/wood",
		"leather": "game:block/leather/plain"
	},
	"elements": [
		{
			"name": "Handle",
			"from": [ -5.0, 0.0, 8.0 ], 
			"to": [ 11.0, 2.0, 10.0 ], 
			"rotationOrigin": [ -5.0, 0.0, 8.0 ],
			"faces": {
				"north": { "texture": "#wood", "uv": [ 0.0, 10.5, 16.0, 12.5 ] },
				"east": { "texture": "#wood", "uv": [ 13.0, 1.5, 15.0, 3.5 ] },
				"south": { "texture": "#wood", "uv": [ 0.0, 9.5, 16.0, 11.5 ] },
				"west": { "texture": "#wood", "uv": [ 2.25, 7.0, 4.25, 9.0 ] },
				"up": { "texture": "#wood", "uv": [ 0.0, 0.0, 16.0, 2.0 ] },
				"down": { "texture": "#wood", "uv": [ 0.0, 0.5, 16.0, 2.5 ] }
			},
			"children": [
				{
					"name": "Handle24",
					"from": [ 16.0, -0.1, -0.1 ], 
					"to": [ 20.0, 2.1, 2.1 ], 
					"rotationOrigin": [ 16.0, -0.1, -0.1 ],
					"faces": {
						"north": { "texture": "#leather", "uv": [ 4.0, 9.0, 8.0, 11.0 ] },
						"east": { "texture": "#leather", "uv": [ 9.5, 9.5, 11.5, 11.5 ] },
						"south": { "texture": "#leather", "uv": [ 7.0, 1.5, 11.0, 3.5 ] },
						"west": { "texture": "#leather", "uv": [ 11.0, 3.5, 13.0, 5.5 ] },
						"up": { "texture": "#leather", "uv": [ 8.0, 6.0, 12.0, 8.0 ] },
						"down": { "texture": "#leather", "uv": [ 7.0, 12.0, 11.0, 14.0 ] }
					}
				},
				{
					"name": "Handle25",
					"from": [ 0.4, -0.1, -0.1 ], 
					"to": [ 1.4, 2.1, 2.1 ], 
					"rotationOrigin": [ 0.4, -0.1, -0.1 ],
					"faces": {
						"north": { "texture": "#meteoriciron", "uv": [ 4.5, 9.0, 5.5, 11.0 ] },
						"east": { "texture": "#meteoriciron", "uv": [ 4.5, 8.0, 6.5, 10.0 ] },
						"south": { "texture": "#meteoriciron", "uv": [ 0.0, 5.0, 1.0, 7.0 ] },
						"west": { "texture": "#meteoriciron", "uv": [ 12.5, 12.5, 14.5, 14.5 ] },
						"up": { "texture": "#meteoriciron", "uv": [ 5.0, 1.5, 6.0, 3.5 ] },
						"down": { "texture": "#meteoriciron", "uv": [ 11.0, 1.0, 12.0, 3.0 ] }
					}
				},
				{
					"name": "Handle26",
					"from": [ 5.4, -0.1, -0.1 ], 
					"to": [ 6.4, 2.1, 2.1 ], 
					"rotationOrigin": [ 5.4, -0.1, -0.1 ],
					"faces": {
						"north": { "texture": "#meteoriciron", "uv": [ 0.5, 2.0, 1.5, 4.0 ] },
						"east": { "texture": "#meteoriciron", "uv": [ 9.0, 4.5, 11.0, 6.5 ] },
						"south": { "texture": "#meteoriciron", "uv": [ 13.5, 13.5, 14.5, 15.5 ] },
						"west": { "texture": "#meteoriciron", "uv": [ 8.5, 10.5, 10.5, 12.5 ] },
						"up": { "texture": "#meteoriciron", "uv": [ 3.0, 9.0, 4.0, 11.0 ] },
						"down": { "texture": "#meteoriciron", "uv": [ 12.5, 5.5, 13.5, 7.5 ] }
					}
				}
			]
		},
		{
			"name": "Head",
			"from": [ 16.0, -1.0, 8.2 ], 
			"to": [ 22.0, 3.0, 9.85 ], 
			"rotationOrigin": [ 16.0, 1.0, 9.025 ],
			"faces": {
				"north": { "texture": "#meteoriciron", "uv": [ 8.5, 5.0, 14.5, 9.0 ] },
				"east": { "texture": "#meteoriciron", "uv": [ 13.0, 6.5, 14.5, 10.5 ] },
				"south": { "texture": "#meteoriciron", "uv": [ 6.5, 0.0, 12.5, 4.0 ] },
				"west": { "texture": "#meteoriciron", "uv": [ 1.5, 1.0, 3.0, 5.0 ] },
				"up": { "texture": "#meteoriciron", "uv": [ 2.0, 3.0, 8.0, 4.5 ] },
				"down": { "texture": "#meteoriciron", "uv": [ 9.0, 3.5, 15.0, 5.0 ] }
			},
			"children": [
				{
					"name": "Cube1",
					"from": [ -1.4, 0.8, -0.4 ], 
					"to": [ 6.3, 3.2, 2.0 ], 
					"rotationOrigin": [ -1.4, 0.8, -0.4 ],
					"faces": {
						"north": { "texture": "#meteoriciron", "uv": [ 6.0, 10.0, 13.5, 12.0 ] },
						"east": { "texture": "#meteoriciron", "uv": [ 4.5, 13.5, 6.5, 15.5 ] },
						"south": { "texture": "#meteoriciron", "uv": [ 6.0, 8.5, 13.5, 10.5 ] },
						"west": { "texture": "#meteoriciron", "uv": [ 1.5, 13.5, 3.5, 15.5 ] },
						"up": { "texture": "#meteoriciron", "uv": [ 8.0, 12.5, 15.5, 14.5 ] },
						"down": { "texture": "#meteoriciron", "uv": [ 3.5, 12.0, 11.0, 14.0 ] }
					}
				},
				{
					"name": "Cube4",
					"from": [ 4.6, 3.15, 0.3 ], 
					"to": [ 5.6, 4.15, 1.3 ], 
					"rotationOrigin": [ 5.1, 3.6, 0.8 ],
					"rotationX": -90.0,
					"rotationY": 45.0,
					"rotationZ": 45.0,
					"faces": {
						"north": { "texture": "#meteoriciron", "uv": [ 8.0, 0.5, 9.0, 1.5 ] },
						"east": { "texture": "#meteoriciron", "uv": [ 0.5, 1.0, 1.5, 2.0 ] },
						"south": { "texture": "#meteoriciron", "uv": [ 10.5, 10.0, 11.5, 11.0 ] },
						"west": { "texture": "#meteoriciron", "uv": [ 0.0, 9.5, 1.0, 10.5 ] },
						"up": { "texture": "#meteoriciron", "uv": [ 12.5, 5.0, 13.5, 6.0 ] },
						"down": { "texture": "#meteoriciron", "uv": [ 7.5, 7.0, 8.5, 8.0 ] }
					}
				},
				{
					"name": "Cube5",
					"from": [ 4.6, -0.05, 0.3 ], 
					"to": [ 5.6, 0.95, 1.3 ], 
					"rotationOrigin": [ 5.1, 0.4, 0.8 ],
					"rotationX": 90.0,
					"rotationY": 45.0,
					"rotationZ": 45.0,
					"faces": {
						"north": { "texture": "#meteoriciron", "uv": [ 5.0, 7.0, 6.0, 8.0 ] },
						"east": { "texture": "#meteoriciron", "uv": [ 12.5, 11.0, 13.5, 12.0 ] },
						"south": { "texture": "#meteoriciron", "uv": [ 5.5, 12.0, 6.5, 13.0 ] },
						"west": { "texture": "#meteoriciron", "uv": [ 7.5, 14.0, 8.5, 15.0 ] },
						"up": { "texture": "#meteoriciron", "uv": [ 5.5, 11.5, 6.5, 12.5 ] },
						"down": { "texture": "#meteoriciron", "uv": [ 4.0, 1.0, 5.0, 2.0 ] }
					}
				},
				{
					"name": "Cube6",
					"from": [ 1.6, 3.15, 0.3 ], 
					"to": [ 2.6, 4.15, 1.3 ], 
					"rotationOrigin": [ 2.1, 3.6, 0.8 ],
					"rotationX": -90.0,
					"rotationY": 45.0,
					"rotationZ": 45.0,
					"faces": {
						"north": { "texture": "#meteoriciron", "uv": [ 13.0, 4.5, 14.0, 5.5 ] },
						"east": { "texture": "#meteoriciron", "uv": [ 5.0, 5.0, 6.0, 6.0 ] },
						"south": { "texture": "#meteoriciron", "uv": [ 14.0, 4.0, 15.0, 5.0 ] },
						"west": { "texture": "#meteoriciron", "uv": [ 11.0, 10.5, 12.0, 11.5 ] },
						"up": { "texture": "#meteoriciron", "uv": [ 12.5, 14.5, 13.5, 15.5 ] },
						"down": { "texture": "#meteoriciron", "uv": [ 12.5, 13.5, 13.5, 14.5 ] }
					}
				},
				{
					"name": "Cube7",
					"from": [ 1.6, -0.05, 0.3 ], 
					"to": [ 2.6, 0.95, 1.3 ], 
					"rotationOrigin": [ 2.1, 0.4, 0.8 ],
					"rotationX": 90.0,
					"rotationY": 45.0,
					"rotationZ": 45.0,
					"faces": {
						"north": { "texture": "#meteoriciron", "uv": [ 9.5, 11.0, 10.5, 12.0 ] },
						"east": { "texture": "#meteoriciron", "uv": [ 14.0, 13.0, 15.0, 14.0 ] },
						"south": { "texture": "#meteoriciron", "uv": [ 2.5, 13.5, 3.5, 14.5 ] },
						"west": { "texture": "#meteoriciron", "uv": [ 4.0, 11.5, 5.0, 12.5 ] },
						"up": { "texture": "#meteoriciron", "uv": [ 5.5, 7.0, 6.5, 8.0 ] },
						"down": { "texture": "#meteoriciron", "uv": [ 4.5, 14.5, 5.5, 15.5 ] }
					}
				}
			]
		},
		{
			"name": "Head8",
			"from": [ 16.0, -1.0, 8.2 ], 
			"to": [ 22.0, 3.0, 9.85 ], 
			"rotationOrigin": [ 16.0, 1.0, 9.025 ],
			"rotationX": -45.0,
			"faces": {
				"north": { "texture": "#meteoriciron", "uv": [ 5.0, 2.0, 11.0, 6.0 ] },
				"east": { "texture": "#meteoriciron", "uv": [ 1.5, 2.5, 3.0, 6.5 ] },
				"south": { "texture": "#meteoriciron", "uv": [ 0.0, 7.5, 6.0, 11.5 ] },
				"west": { "texture": "#meteoriciron", "uv": [ 11.5, 2.5, 13.0, 6.5 ] },
				"up": { "texture": "#meteoriciron", "uv": [ 5.0, 4.0, 11.0, 5.5 ] },
				"down": { "texture": "#meteoriciron", "uv": [ 2.5, 9.5, 8.5, 11.0 ] }
			},
			"children": [
				{
					"name": "Cube9",
					"from": [ 2.6, 0.8, -0.4 ], 
					"to": [ 6.2, 3.2, 2.0 ], 
					"rotationOrigin": [ 2.6, 0.8, -0.4 ],
					"faces": {
						"north": { "texture": "#meteoriciron", "uv": [ 10.5, 4.0, 14.0, 6.0 ] },
						"east": { "texture": "#meteoriciron", "uv": [ 7.5, 5.0, 9.5, 7.0 ] },
						"south": { "texture": "#meteoriciron", "uv": [ 8.5, 0.0, 12.0, 2.0 ] },
						"west": { "texture": "#meteoriciron", "uv": [ 5.5, 12.0, 7.5, 14.0 ] },
						"up": { "texture": "#meteoriciron", "uv": [ 0.5, 9.5, 4.0, 11.5 ] },
						"down": { "texture": "#meteoriciron", "uv": [ 5.0, 8.0, 8.5, 10.0 ] }
					}
				},
				{
					"name": "Cube10",
					"from": [ 4.6, 3.15, 0.3 ], 
					"to": [ 5.6, 4.15, 1.3 ], 
					"rotationOrigin": [ 5.1, 3.6, 0.8 ],
					"rotationX": -90.0,
					"rotationY": 45.0,
					"rotationZ": 45.0,
					"faces": {
						"north": { "texture": "#meteoriciron", "uv": [ 12.0, 12.5, 13.0, 13.5 ] },
						"east": { "texture": "#meteoriciron", "uv": [ 10.5, 3.0, 11.5, 4.0 ] },
						"south": { "texture": "#meteoriciron", "uv": [ 14.0, 4.5, 15.0, 5.5 ] },
						"west": { "texture": "#meteoriciron", "uv": [ 11.0, 14.5, 12.0, 15.5 ] },
						"up": { "texture": "#meteoriciron", "uv": [ 12.0, 3.5, 13.0, 4.5 ] },
						"down": { "texture": "#meteoriciron", "uv": [ 10.0, 3.0, 11.0, 4.0 ] }
					}
				},
				{
					"name": "Cube11",
					"from": [ 4.6, -0.05, 0.3 ], 
					"to": [ 5.6, 0.95, 1.3 ], 
					"rotationOrigin": [ 5.1, 0.4, 0.8 ],
					"rotationX": 90.0,
					"rotationY": 45.0,
					"rotationZ": 45.0,
					"faces": {
						"north": { "texture": "#meteoriciron", "uv": [ 11.0, 4.5, 12.0, 5.5 ] },
						"east": { "texture": "#meteoriciron", "uv": [ 12.0, 6.5, 13.0, 7.5 ] },
						"south": { "texture": "#meteoriciron", "uv": [ 9.0, 4.5, 10.0, 5.5 ] },
						"west": { "texture": "#meteoriciron", "uv": [ 2.5, 1.0, 3.5, 2.0 ] },
						"up": { "texture": "#meteoriciron", "uv": [ 10.5, 0.0, 11.5, 1.0 ] },
						"down": { "texture": "#meteoriciron", "uv": [ 7.0, 12.0, 8.0, 13.0 ] }
					}
				},
				{
					"name": "Cube12",
					"from": [ 1.6, 3.15, 0.3 ], 
					"to": [ 2.6, 4.15, 1.3 ], 
					"rotationOrigin": [ 2.1, 3.6, 0.8 ],
					"rotationX": -90.0,
					"rotationY": 45.0,
					"rotationZ": 45.0,
					"faces": {
						"north": { "texture": "#meteoriciron", "uv": [ 12.5, 11.0, 13.5, 12.0 ] },
						"east": { "texture": "#meteoriciron", "uv": [ 4.5, 10.0, 5.5, 11.0 ] },
						"south": { "texture": "#meteoriciron", "uv": [ 7.0, 10.5, 8.0, 11.5 ] },
						"west": { "texture": "#meteoriciron", "uv": [ 7.5, 9.0, 8.5, 10.0 ] },
						"up": { "texture": "#meteoriciron", "uv": [ 0.5, 8.0, 1.5, 9.0 ] },
						"down": { "texture": "#meteoriciron", "uv": [ 7.5, 10.5, 8.5, 11.5 ] }
					}
				},
				{
					"name": "Cube13",
					"from": [ 1.6, -0.05, 0.3 ], 
					"to": [ 2.6, 0.95, 1.3 ], 
					"rotationOrigin": [ 2.1, 0.4, 0.8 ],
					"rotationX": 90.0,
					"rotationY": 45.0,
					"rotationZ": 45.0,
					"faces": {
						"north": { "texture": "#meteoriciron", "uv": [ 2.5, 5.5, 3.5, 6.5 ] },
						"east": { "texture": "#meteoriciron", "uv": [ 2.5, 9.0, 3.5, 10.0 ] },
						"south": { "texture": "#meteoriciron", "uv": [ 4.0, 14.0, 5.0, 15.0 ] },
						"west": { "texture": "#meteoriciron", "uv": [ 10.5, 3.0, 11.5, 4.0 ] },
						"up": { "texture": "#meteoriciron", "uv": [ 4.0, 6.5, 5.0, 7.5 ] },
						"down": { "texture": "#meteoriciron", "uv": [ 2.5, 4.5, 3.5, 5.5 ] }
					}
				}
			]
		},
		{
			"name": "Head14",
			"from": [ 16.0, -1.0, 8.2 ], 
			"to": [ 22.0, 3.0, 9.85 ], 
			"rotationOrigin": [ 16.0, 1.0, 9.025 ],
			"rotationX": -90.0,
			"faces": {
				"north": { "texture": "#meteoriciron", "uv": [ 3.5, 2.5, 9.5, 6.5 ] },
				"east": { "texture": "#meteoriciron", "uv": [ 10.0, 0.0, 11.5, 4.0 ] },
				"south": { "texture": "#meteoriciron", "uv": [ 1.5, 6.0, 7.5, 10.0 ] },
				"west": { "texture": "#meteoriciron", "uv": [ 4.0, 3.5, 5.5, 7.5 ] },
				"up": { "texture": "#meteoriciron", "uv": [ 1.0, 3.5, 7.0, 5.0 ] },
				"down": { "texture": "#meteoriciron", "uv": [ 2.0, 8.5, 8.0, 10.0 ] }
			},
			"children": [
				{
					"name": "Cube16",
					"from": [ 4.6, 3.15, 0.3 ], 
					"to": [ 5.6, 4.15, 1.3 ], 
					"rotationOrigin": [ 5.1, 3.6, 0.8 ],
					"rotationX": -90.0,
					"rotationY": 45.0,
					"rotationZ": 45.0,
					"faces": {
						"north": { "texture": "#meteoriciron", "uv": [ 9.5, 3.0, 10.5, 4.0 ] },
						"east": { "texture": "#meteoriciron", "uv": [ 4.0, 13.0, 5.0, 14.0 ] },
						"south": { "texture": "#meteoriciron", "uv": [ 8.0, 7.0, 9.0, 8.0 ] },
						"west": { "texture": "#meteoriciron", "uv": [ 10.0, 8.0, 11.0, 9.0 ] },
						"up": { "texture": "#meteoriciron", "uv": [ 12.5, 5.5, 13.5, 6.5 ] },
						"down": { "texture": "#meteoriciron", "uv": [ 0.0, 6.0, 1.0, 7.0 ] }
					}
				},
				{
					"name": "Cube17",
					"from": [ 4.6, -0.05, 0.3 ], 
					"to": [ 5.6, 0.95, 1.3 ], 
					"rotationOrigin": [ 5.1, 0.4, 0.8 ],
					"rotationX": 90.0,
					"rotationY": 45.0,
					"rotationZ": 45.0,
					"faces": {
						"north": { "texture": "#meteoriciron", "uv": [ 7.0, 9.0, 8.0, 10.0 ] },
						"east": { "texture": "#meteoriciron", "uv": [ 0.5, 11.5, 1.5, 12.5 ] },
						"south": { "texture": "#meteoriciron", "uv": [ 4.5, 12.5, 5.5, 13.5 ] },
						"west": { "texture": "#meteoriciron", "uv": [ 10.5, 10.0, 11.5, 11.0 ] },
						"up": { "texture": "#meteoriciron", "uv": [ 3.5, 10.5, 4.5, 11.5 ] },
						"down": { "texture": "#meteoriciron", "uv": [ 3.5, 6.0, 4.5, 7.0 ] }
					}
				},
				{
					"name": "Cube18",
					"from": [ 1.6, 3.15, 0.3 ], 
					"to": [ 2.6, 4.15, 1.3 ], 
					"rotationOrigin": [ 2.1, 3.6, 0.8 ],
					"rotationX": -90.0,
					"rotationY": 45.0,
					"rotationZ": 45.0,
					"faces": {
						"north": { "texture": "#meteoriciron", "uv": [ 1.5, 1.0, 2.5, 2.0 ] },
						"east": { "texture": "#meteoriciron", "uv": [ 5.5, 3.0, 6.5, 4.0 ] },
						"south": { "texture": "#meteoriciron", "uv": [ 6.5, 6.0, 7.5, 7.0 ] },
						"west": { "texture": "#meteoriciron", "uv": [ 4.0, 11.5, 5.0, 12.5 ] },
						"up": { "texture": "#meteoriciron", "uv": [ 7.0, 1.0, 8.0, 2.0 ] },
						"down": { "texture": "#meteoriciron", "uv": [ 12.5, 5.5, 13.5, 6.5 ] }
					}
				},
				{
					"name": "Cube19",
					"from": [ 1.6, -0.05, 0.3 ], 
					"to": [ 2.6, 0.95, 1.3 ], 
					"rotationOrigin": [ 2.1, 0.4, 0.8 ],
					"rotationX": 90.0,
					"rotationY": 45.0,
					"rotationZ": 45.0,
					"faces": {
						"north": { "texture": "#meteoriciron", "uv": [ 6.5, 12.5, 7.5, 13.5 ] },
						"east": { "texture": "#meteoriciron", "uv": [ 12.5, 10.0, 13.5, 11.0 ] },
						"south": { "texture": "#meteoriciron", "uv": [ 14.0, 11.5, 15.0, 12.5 ] },
						"west": { "texture": "#meteoriciron", "uv": [ 2.5, 4.0, 3.5, 5.0 ] },
						"up": { "texture": "#meteoriciron", "uv": [ 9.0, 6.0, 10.0, 7.0 ] },
						"down": { "texture": "#meteoriciron", "uv": [ 9.5, 9.0, 10.5, 10.0 ] }
					}
				}
			]
		},
		{
			"name": "Head20",
			"from": [ 16.0, -1.0, 8.2 ], 
			"to": [ 22.0, 3.0, 9.85 ], 
			"rotationOrigin": [ 16.0, 1.0, 9.025 ],
			"rotationX": -135.0,
			"faces": {
				"north": { "texture": "#meteoriciron", "uv": [ 2.5, 5.0, 8.5, 9.0 ] },
				"east": { "texture": "#meteoriciron", "uv": [ 12.0, 2.0, 13.5, 6.0 ] },
				"south": { "texture": "#meteoriciron", "uv": [ 4.0, 7.5, 10.0, 11.5 ] },
				"west": { "texture": "#meteoriciron", "uv": [ 6.5, 7.5, 8.0, 11.5 ] },
				"up": { "texture": "#meteoriciron", "uv": [ 7.5, 8.5, 13.5, 10.0 ] },
				"down": { "texture": "#meteoriciron", "uv": [ 8.5, 11.0, 14.5, 12.5 ] }
			},
			"children": [
				{
					"name": "Cube22",
					"from": [ 4.6, 3.15, 0.3 ], 
					"to": [ 5.6, 4.15, 1.3 ], 
					"rotationOrigin": [ 5.1, 3.6, 0.8 ],
					"rotationX": -90.0,
					"rotationY": 45.0,
					"rotationZ": 45.0,
					"faces": {
						"north": { "texture": "#meteoriciron", "uv": [ 13.5, 3.0, 14.5, 4.0 ] },
						"east": { "texture": "#meteoriciron", "uv": [ 11.5, 8.5, 12.5, 9.5 ] },
						"south": { "texture": "#meteoriciron", "uv": [ 1.0, 9.0, 2.0, 10.0 ] },
						"west": { "texture": "#meteoriciron", "uv": [ 13.0, 4.5, 14.0, 5.5 ] },
						"up": { "texture": "#meteoriciron", "uv": [ 8.0, 4.0, 9.0, 5.0 ] },
						"down": { "texture": "#meteoriciron", "uv": [ 4.0, 14.0, 5.0, 15.0 ] }
					}
				},
				{
					"name": "Cube23",
					"from": [ 4.6, -0.05, 0.3 ], 
					"to": [ 5.6, 0.95, 1.3 ], 
					"rotationOrigin": [ 5.1, 0.4, 0.8 ],
					"rotationX": 90.0,
					"rotationY": 45.0,
					"rotationZ": 45.0,
					"faces": {
						"north": { "texture": "#meteoriciron", "uv": [ 7.5, 3.5, 8.5, 4.5 ] },
						"east": { "texture": "#meteoriciron", "uv": [ 7.0, 13.5, 8.0, 14.5 ] },
						"south": { "texture": "#meteoriciron", "uv": [ 4.5, 6.5, 5.5, 7.5 ] },
						"west": { "texture": "#meteoriciron", "uv": [ 8.0, 0.0, 9.0, 1.0 ] },
						"up": { "texture": "#meteoriciron", "uv": [ 4.0, 1.0, 5.0, 2.0 ] },
						"down": { "texture": "#meteoriciron", "uv": [ 12.5, 13.0, 13.5, 14.0 ] }
					}
				},
				{
					"name": "Cube24",
					"from": [ 1.6, 3.15, 0.3 ], 
					"to": [ 2.6, 4.15, 1.3 ], 
					"rotationOrigin": [ 2.1, 3.6, 0.8 ],
					"rotationX": -90.0,
					"rotationY": 45.0,
					"rotationZ": 45.0,
					"faces": {
						"north": { "texture": "#meteoriciron", "uv": [ 9.0, 10.5, 10.0, 11.5 ] },
						"east": { "texture": "#meteoriciron", "uv": [ 12.5, 11.0, 13.5, 12.0 ] },
						"south": { "texture": "#meteoriciron", "uv": [ 4.0, 6.5, 5.0, 7.5 ] },
						"west": { "texture": "#meteoriciron", "uv": [ 8.0, 4.0, 9.0, 5.0 ] },
						"up": { "texture": "#meteoriciron", "uv": [ 13.5, 1.0, 14.5, 2.0 ] },
						"down": { "texture": "#meteoriciron", "uv": [ 4.5, 6.0, 5.5, 7.0 ] }
					}
				},
				{
					"name": "Cube25",
					"from": [ 1.6, -0.05, 0.3 ], 
					"to": [ 2.6, 0.95, 1.3 ], 
					"rotationOrigin": [ 2.1, 0.4, 0.8 ],
					"rotationX": 90.0,
					"rotationY": 45.0,
					"rotationZ": 45.0,
					"faces": {
						"north": { "texture": "#meteoriciron", "uv": [ 11.0, 8.5, 12.0, 9.5 ] },
						"east": { "texture": "#meteoriciron", "uv": [ 8.5, 2.5, 9.5, 3.5 ] },
						"south": { "texture": "#meteoriciron", "uv": [ 7.5, 0.5, 8.5, 1.5 ] },
						"west": { "texture": "#meteoriciron", "uv": [ 4.0, 6.5, 5.0, 7.5 ] },
						"up": { "texture": "#meteoriciron", "uv": [ 11.5, 2.5, 12.5, 3.5 ] },
						"down": { "texture": "#meteoriciron", "uv": [ 0.5, 3.0, 1.5, 4.0 ] }
					}
				}
			]
		}
	]}