{
	"editor": {
		"allAngles": false,
		"entityTextureMode": false
	},
	"textureWidth": 16,
	"textureHeight": 16,
	"textureSizes": {
	},
	"textures": {
		"bismuthbronze": "game:block/metal/ingot/bismuthbronze",
		"string": "game:block/cloth/burlap/string",
		"wood": "game:item/tool/material/wood"
	},
	"elements": [
		{
			"name": "Handle",
			"from": [ 0.0, 0.0, 8.0 ], 
			"to": [ 16.0, 2.0, 10.0 ], 
			"rotationOrigin": [ 0.0, 0.0, 8.0 ],
			"faces": {
				"north": { "texture": "#wood", "uv": [ 0.0, 4.0, 16.0, 6.0 ] },
				"east": { "texture": "#wood", "uv": [ 5.5, 11.5, 7.5, 13.5 ] },
				"south": { "texture": "#wood", "uv": [ 0.0, 9.0, 16.0, 11.0 ] },
				"west": { "texture": "#wood", "uv": [ 5.75, 2.0, 7.75, 4.0 ] },
				"up": { "texture": "#wood", "uv": [ 0.0, 9.5, 16.0, 11.5 ] },
				"down": { "texture": "#wood", "uv": [ 0.0, 5.0, 16.0, 7.0 ] }
			},
			"children": [
				{
					"name": "Handle11",
					"from": [ 0.1, -0.2, -0.2 ], 
					"to": [ 1.1, 2.2, 2.2 ], 
					"rotationOrigin": [ 0.1, -0.2, -0.2 ],
					"faces": {
						"north": { "texture": "#bismuthbronze", "uv": [ 11.5, 12.5, 12.5, 14.5 ] },
						"east": { "texture": "#bismuthbronze", "uv": [ 9.5, 6.5, 11.75, 8.5 ] },
						"south": { "texture": "#bismuthbronze", "uv": [ 14.0, 10.0, 15.0, 12.0 ] },
						"west": { "texture": "#bismuthbronze", "uv": [ 10.5, 11.0, 12.75, 13.0 ] },
						"up": { "texture": "#bismuthbronze", "uv": [ 6.5, 11.0, 7.5, 13.0 ] },
						"down": { "texture": "#bismuthbronze", "uv": [ 2.0, 5.5, 3.0, 7.5 ] }
					}
				},
				{
					"name": "Handle12",
					"from": [ 5.6, -0.2, -0.2 ], 
					"to": [ 6.6, 2.2, 2.2 ], 
					"rotationOrigin": [ 5.6, -0.2, -0.2 ],
					"faces": {
						"north": { "texture": "#bismuthbronze", "uv": [ 7.5, 0.5, 8.5, 2.5 ] },
						"east": { "texture": "#bismuthbronze", "uv": [ 8.0, 4.5, 10.25, 6.5 ] },
						"south": { "texture": "#bismuthbronze", "uv": [ 4.5, 2.5, 5.5, 4.5 ] },
						"west": { "texture": "#bismuthbronze", "uv": [ 12.5, 4.5, 14.75, 6.5 ] },
						"up": { "texture": "#bismuthbronze", "uv": [ 5.0, 0.0, 6.0, 2.0 ] },
						"down": { "texture": "#bismuthbronze", "uv": [ 5.5, 7.0, 6.5, 9.0 ] }
					}
				},
				{
					"name": "Ver",
					"from": [ 4.6, -0.05, -0.1 ], 
					"to": [ 4.8, 2.15, 2.1 ], 
					"rotationOrigin": [ 4.6, -0.1, -0.1 ],
					"rotationZ": -13.0,
					"faces": {
						"north": { "texture": "#string", "uv": [ 6.5, 1.0, 6.75, 3.0 ] },
						"east": { "texture": "#string", "uv": [ 1.0, 6.0, 3.0, 8.0 ] },
						"south": { "texture": "#string", "uv": [ 9.5, 9.0, 9.75, 11.0 ] },
						"west": { "texture": "#string", "uv": [ 1.0, 5.5, 3.0, 7.5 ] },
						"up": { "texture": "#string", "uv": [ 6.5, 8.5, 6.75, 10.5 ] },
						"down": { "texture": "#string", "uv": [ 15.0, 9.0, 15.25, 11.0 ] }
					}
				},
				{
					"name": "Ver14",
					"from": [ 4.6, -0.05, -0.1 ], 
					"to": [ 4.8, 2.15, 2.1 ], 
					"rotationOrigin": [ 4.6, -0.1, -0.1 ],
					"rotationZ": 17.0,
					"faces": {
						"north": { "texture": "#string", "uv": [ 14.0, 8.5, 14.25, 10.5 ] },
						"east": { "texture": "#string", "uv": [ 9.0, 11.5, 11.0, 13.5 ] },
						"south": { "texture": "#string", "uv": [ 3.0, 6.0, 3.25, 8.0 ] },
						"west": { "texture": "#string", "uv": [ 13.0, 1.5, 15.0, 3.5 ] },
						"up": { "texture": "#string", "uv": [ 2.0, 0.0, 2.25, 2.0 ] },
						"down": { "texture": "#string", "uv": [ 15.5, 1.0, 15.75, 3.0 ] }
					}
				},
				{
					"name": "Ver15",
					"from": [ 3.9, -0.1, -0.05 ], 
					"to": [ 4.1, 2.1, 2.15 ], 
					"rotationOrigin": [ 3.9, -0.2, -0.1 ],
					"rotationY": -18.0,
					"faces": {
						"north": { "texture": "#string", "uv": [ 6.0, 8.5, 6.25, 10.5 ] },
						"east": { "texture": "#string", "uv": [ 8.0, 12.0, 10.0, 14.0 ] },
						"south": { "texture": "#string", "uv": [ 13.5, 8.0, 13.75, 10.0 ] },
						"west": { "texture": "#string", "uv": [ 0.0, 10.0, 2.0, 12.0 ] },
						"up": { "texture": "#string", "uv": [ 3.0, 12.5, 3.25, 14.5 ] },
						"down": { "texture": "#string", "uv": [ 7.0, 7.0, 7.25, 9.0 ] }
					}
				},
				{
					"name": "Ver16",
					"from": [ 2.3, -0.1, -0.05 ], 
					"to": [ 2.5, 2.1, 2.15 ], 
					"rotationOrigin": [ 2.3, -0.2, -0.1 ],
					"rotationY": 18.0,
					"rotationZ": -6.0,
					"faces": {
						"north": { "texture": "#string", "uv": [ 13.0, 8.5, 13.25, 10.5 ] },
						"east": { "texture": "#string", "uv": [ 2.5, 11.0, 4.5, 13.0 ] },
						"south": { "texture": "#string", "uv": [ 6.5, 9.5, 6.75, 11.5 ] },
						"west": { "texture": "#string", "uv": [ 8.5, 5.0, 10.5, 7.0 ] },
						"up": { "texture": "#string", "uv": [ 1.0, 2.0, 1.25, 4.0 ] },
						"down": { "texture": "#string", "uv": [ 2.5, 2.0, 2.75, 4.0 ] }
					}
				},
				{
					"name": "Ver17",
					"from": [ 2.4, -0.1, 0.0 ], 
					"to": [ 2.6, 2.1, 2.2 ], 
					"rotationOrigin": [ 2.4, -0.2, 0.0 ],
					"rotationY": -16.0,
					"rotationZ": 6.0,
					"faces": {
						"north": { "texture": "#string", "uv": [ 5.0, 0.0, 5.25, 2.0 ] },
						"east": { "texture": "#string", "uv": [ 10.0, 11.0, 12.0, 13.0 ] },
						"south": { "texture": "#string", "uv": [ 1.0, 2.0, 1.25, 4.0 ] },
						"west": { "texture": "#string", "uv": [ 6.0, 1.0, 8.0, 3.0 ] },
						"up": { "texture": "#string", "uv": [ 5.5, 8.5, 5.75, 10.5 ] },
						"down": { "texture": "#string", "uv": [ 10.0, 0.0, 10.25, 2.0 ] }
					}
				},
				{
					"name": "Ver18",
					"from": [ 1.0, -0.05, 0.0 ], 
					"to": [ 1.2, 2.15, 2.3 ], 
					"rotationOrigin": [ 1.0, -0.2, 0.0 ],
					"rotationY": 20.0,
					"rotationZ": -11.0,
					"faces": {
						"north": { "texture": "#string", "uv": [ 2.0, 3.5, 2.5, 5.5 ] },
						"east": { "texture": "#string", "uv": [ 6.0, 12.5, 8.0, 14.5 ] },
						"south": { "texture": "#string", "uv": [ 14.0, 6.0, 14.5, 8.0 ] },
						"west": { "texture": "#string", "uv": [ 0.5, 6.0, 2.5, 8.0 ] },
						"up": { "texture": "#string", "uv": [ 14.5, 6.5, 15.0, 8.5 ] },
						"down": { "texture": "#string", "uv": [ 11.5, 12.0, 12.0, 14.0 ] }
					}
				}
			]
		},
		{
			"name": "Head",
			"from": [ 16.0, -0.7, 7.3 ], 
			"to": [ 22.0, 2.7, 10.7 ], 
			"rotationOrigin": [ 16.0, -0.7, 7.3 ],
			"faces": {
				"north": { "texture": "#bismuthbronze", "uv": [ 9.0, 4.0, 15.0, 7.0 ] },
				"east": { "texture": "#bismuthbronze", "uv": [ 11.5, 12.5, 14.5, 15.5 ] },
				"south": { "texture": "#bismuthbronze", "uv": [ 1.0, 8.5, 7.0, 11.5 ] },
				"west": { "texture": "#bismuthbronze", "uv": [ 3.0, 0.5, 6.0, 3.5 ] },
				"up": { "texture": "#bismuthbronze", "uv": [ 7.0, 7.0, 13.0, 10.0 ] },
				"down": { "texture": "#bismuthbronze", "uv": [ 9.5, 5.0, 15.5, 8.0 ] }
			}
		},
		{
			"name": "Head5",
			"from": [ 15.0, -0.2, 7.8 ], 
			"to": [ 16.0, 2.2, 10.2 ], 
			"rotationOrigin": [ 15.0, -0.2, 7.8 ],
			"faces": {
				"north": { "texture": "#bismuthbronze", "uv": [ 12.5, 11.0, 13.5, 13.0 ] },
				"east": { "texture": "#bismuthbronze", "uv": [ 1.0, 0.5, 3.0, 2.5 ] },
				"south": { "texture": "#bismuthbronze", "uv": [ 6.5, 2.5, 7.5, 4.5 ] },
				"west": { "texture": "#bismuthbronze", "uv": [ 2.5, 0.5, 4.5, 2.5 ] },
				"up": { "texture": "#bismuthbronze", "uv": [ 8.0, 4.5, 9.0, 6.5 ] },
				"down": { "texture": "#bismuthbronze", "uv": [ 3.0, 9.5, 4.0, 11.5 ] }
			},
			"children": [
				{
					"name": "Cube1",
					"from": [ 5.6, -0.8, 0.7 ], 
					"to": [ 6.4, 3.2, 1.5 ], 
					"rotationOrigin": [ 6.0, -0.8, 1.1 ],
					"rotationY": -45.0,
					"faces": {
						"north": { "texture": "#bismuthbronze", "uv": [ 5.5, 4.0, 6.0, 8.0 ] },
						"east": { "texture": "#bismuthbronze", "uv": [ 10.0, 9.0, 10.5, 13.0 ] },
						"south": { "texture": "#bismuthbronze", "uv": [ 6.5, 2.0, 7.0, 6.0 ] },
						"west": { "texture": "#bismuthbronze", "uv": [ 9.5, 9.0, 10.0, 13.0 ] },
						"up": { "texture": "#bismuthbronze", "uv": [ 1.5, 12.5, 2.0, 13.0 ] },
						"down": { "texture": "#bismuthbronze", "uv": [ 10.5, 0.5, 11.0, 1.0 ] }
					}
				},
				{
					"name": "Cube6",
					"from": [ 3.9, -0.8, 0.7 ], 
					"to": [ 4.7, 3.2, 1.5 ], 
					"rotationOrigin": [ 4.3, -0.8, 1.1 ],
					"rotationY": -45.0,
					"faces": {
						"north": { "texture": "#bismuthbronze", "uv": [ 8.0, 3.0, 8.5, 7.0 ] },
						"east": { "texture": "#bismuthbronze", "uv": [ 1.5, 5.5, 2.0, 9.5 ] },
						"south": { "texture": "#bismuthbronze", "uv": [ 9.0, 5.0, 9.5, 9.0 ] },
						"west": { "texture": "#bismuthbronze", "uv": [ 11.0, 1.0, 11.5, 5.0 ] },
						"up": { "texture": "#bismuthbronze", "uv": [ 10.0, 12.5, 10.5, 13.0 ] },
						"down": { "texture": "#bismuthbronze", "uv": [ 14.0, 4.0, 14.5, 4.5 ] }
					}
				},
				{
					"name": "Cube7",
					"from": [ 2.1, -0.8, 0.7 ], 
					"to": [ 2.9, 3.2, 1.5 ], 
					"rotationOrigin": [ 2.5, -0.8, 1.1 ],
					"rotationY": -45.0,
					"faces": {
						"north": { "texture": "#bismuthbronze", "uv": [ 8.5, 1.0, 9.0, 5.0 ] },
						"east": { "texture": "#bismuthbronze", "uv": [ 3.0, 2.0, 3.5, 6.0 ] },
						"south": { "texture": "#bismuthbronze", "uv": [ 7.5, 6.0, 8.0, 10.0 ] },
						"west": { "texture": "#bismuthbronze", "uv": [ 4.5, 3.0, 5.0, 7.0 ] },
						"up": { "texture": "#bismuthbronze", "uv": [ 5.0, 8.5, 5.5, 9.0 ] },
						"down": { "texture": "#bismuthbronze", "uv": [ 12.5, 12.0, 13.0, 12.5 ] }
					}
				},
				{
					"name": "Cube8",
					"from": [ 5.6, 1.2, 2.8 ], 
					"to": [ 6.4, 5.2, 3.6 ], 
					"rotationOrigin": [ 6.0, 1.2, 3.2 ],
					"rotationX": -90.0,
					"rotationY": -45.0,
					"faces": {
						"north": { "texture": "#bismuthbronze", "uv": [ 9.5, 9.5, 10.0, 13.5 ] },
						"east": { "texture": "#bismuthbronze", "uv": [ 3.5, 11.5, 4.0, 15.5 ] },
						"south": { "texture": "#bismuthbronze", "uv": [ 6.0, 0.0, 6.5, 4.0 ] },
						"west": { "texture": "#bismuthbronze", "uv": [ 4.0, 9.0, 4.5, 13.0 ] },
						"up": { "texture": "#bismuthbronze", "uv": [ 14.5, 14.5, 15.0, 15.0 ] },
						"down": { "texture": "#bismuthbronze", "uv": [ 13.5, 11.5, 14.0, 12.0 ] }
					}
				},
				{
					"name": "Cube9",
					"from": [ 3.9, 1.2, 2.8 ], 
					"to": [ 4.7, 5.2, 3.6 ], 
					"rotationOrigin": [ 4.3, 1.2, 3.2 ],
					"rotationX": -90.0,
					"rotationY": -45.0,
					"faces": {
						"north": { "texture": "#bismuthbronze", "uv": [ 2.5, 8.0, 3.0, 12.0 ] },
						"east": { "texture": "#bismuthbronze", "uv": [ 9.0, 10.5, 9.5, 14.5 ] },
						"south": { "texture": "#bismuthbronze", "uv": [ 11.5, 6.0, 12.0, 10.0 ] },
						"west": { "texture": "#bismuthbronze", "uv": [ 3.0, 3.5, 3.5, 7.5 ] },
						"up": { "texture": "#bismuthbronze", "uv": [ 6.5, 14.0, 7.0, 14.5 ] },
						"down": { "texture": "#bismuthbronze", "uv": [ 3.0, 11.0, 3.5, 11.5 ] }
					}
				},
				{
					"name": "Cube10",
					"from": [ 2.1, 1.2, 2.8 ], 
					"to": [ 2.9, 5.2, 3.6 ], 
					"rotationOrigin": [ 2.5, 1.2, 3.2 ],
					"rotationX": -90.0,
					"rotationY": -45.0,
					"faces": {
						"north": { "texture": "#bismuthbronze", "uv": [ 6.5, 2.5, 7.0, 6.5 ] },
						"east": { "texture": "#bismuthbronze", "uv": [ 10.5, 8.0, 11.0, 12.0 ] },
						"south": { "texture": "#bismuthbronze", "uv": [ 6.5, 10.0, 7.0, 14.0 ] },
						"west": { "texture": "#bismuthbronze", "uv": [ 9.5, 9.0, 10.0, 13.0 ] },
						"up": { "texture": "#bismuthbronze", "uv": [ 13.0, 9.5, 13.5, 10.0 ] },
						"down": { "texture": "#bismuthbronze", "uv": [ 3.0, 0.5, 3.5, 1.0 ] }
					}
				}
			]
		},
		{
			"name": "Head10",
			"from": [ 22.0, -0.2, 7.8 ], 
			"to": [ 22.5, 2.2, 10.2 ], 
			"rotationOrigin": [ 22.0, -0.2, 7.8 ],
			"faces": {
				"north": { "texture": "#bismuthbronze", "uv": [ 4.5, 6.0, 5.0, 8.0 ] },
				"east": { "texture": "#bismuthbronze", "uv": [ 7.0, 7.5, 9.0, 9.5 ] },
				"south": { "texture": "#bismuthbronze", "uv": [ 11.5, 2.5, 12.0, 4.5 ] },
				"west": { "texture": "#bismuthbronze", "uv": [ 3.5, 6.0, 5.5, 8.0 ] },
				"up": { "texture": "#bismuthbronze", "uv": [ 15.0, 13.0, 15.5, 15.0 ] },
				"down": { "texture": "#bismuthbronze", "uv": [ 7.5, 10.0, 8.0, 12.0 ] }
			}
		}
	]}