{
	"editor": {
		"allAngles": false,
		"entityTextureMode": false
	},
	"textureWidth": 16,
	"textureHeight": 16,
	"textureSizes": {
	},
	"textures": {
		"gray": "game:block/cloth/linen/gray",
		"material": "game:block/metal/ingot/tinbronze",
		"wood-generic": "game:block/wood-generic"
	},
	"elements": [
		{
			"name": "Origin",
			"from": [ 8.0, -2.0, 9.0 ], 
			"to": [ 8.0, -2.0, 9.0 ], 
			"rotationOrigin": [ 8.0, -2.0, 9.0 ],
			"rotationY": -180.0,
			"faces": {
				"north": { "texture": "#material", "uv": [ 2.5, 6.5, 3.0, 7.0 ] },
				"east": { "texture": "#material", "uv": [ 9.0, 5.5, 9.5, 6.0 ] },
				"south": { "texture": "#material", "uv": [ 9.0, 9.5, 9.5, 10.0 ] },
				"west": { "texture": "#material", "uv": [ 2.0, 5.0, 2.5, 5.5 ] },
				"up": { "texture": "#material", "uv": [ 15.0, 6.5, 15.5, 7.0 ] },
				"down": { "texture": "#material", "uv": [ 5.0, 1.0, 5.5, 1.5 ] }
			},
			"children": [
				{
					"name": "blade",
					"from": [ 0.0, 1.9, 0.0 ], 
					"to": [ 0.0, 1.9, 0.0 ], 
					"rotationOrigin": [ 0.0, 1.9, 0.0 ],
					"faces": {
						"north": { "texture": "#material", "uv": [ 0.5, 3.5, 1.0, 4.0 ] },
						"east": { "texture": "#material", "uv": [ 11.0, 14.0, 11.5, 14.5 ] },
						"south": { "texture": "#material", "uv": [ 2.0, 6.5, 2.5, 7.0 ] },
						"west": { "texture": "#material", "uv": [ 8.5, 10.0, 9.0, 10.5 ] },
						"up": { "texture": "#material", "uv": [ 11.5, 4.0, 12.0, 4.5 ] },
						"down": { "texture": "#material", "uv": [ 2.0, 3.5, 2.5, 4.0 ] }
					},
					"children": [
						{
							"name": "Cube6",
							"from": [ -3.0, 0.1, 0.1 ], 
							"to": [ -2.0, 1.9, 1.9 ], 
							"rotationOrigin": [ -3.0, 0.1, 0.1 ],
							"faces": {
								"north": { "texture": "#material", "uv": [ 11.5, 14.0, 12.5, 15.5 ] },
								"east": { "texture": "#material", "uv": [ 6.5, 11.0, 8.0, 12.5 ] },
								"south": { "texture": "#material", "uv": [ 12.5, 11.0, 13.5, 12.5 ] },
								"west": { "texture": "#material", "uv": [ 1.0, 1.5, 2.5, 3.0 ] },
								"up": { "texture": "#material", "uv": [ 14.0, 1.5, 15.0, 3.0 ] },
								"down": { "texture": "#material", "uv": [ 9.0, 11.0, 10.0, 12.5 ] }
							}
						},
						{
							"name": "Cube7",
							"from": [ -2.0, 0.1, 0.8 ], 
							"to": [ -0.1, 1.9, 1.2 ], 
							"rotationOrigin": [ -2.0, 0.1, 0.8 ],
							"faces": {
								"north": { "texture": "#material", "uv": [ 4.0, 4.5, 5.5, 6.0 ] },
								"east": { "texture": "#material", "uv": [ 12.5, 1.5, 13.0, 3.0 ] },
								"south": { "texture": "#material", "uv": [ 0.0, 9.0, 1.5, 10.5 ] },
								"west": { "texture": "#material", "uv": [ 14.0, 6.0, 14.5, 7.5 ] },
								"up": { "texture": "#material", "uv": [ 9.0, 10.0, 10.5, 10.5 ] },
								"down": { "texture": "#material", "uv": [ 4.0, 12.0, 5.5, 12.5 ] }
							}
						},
						{
							"name": "Cube8",
							"from": [ -0.1, -0.1, 0.8 ], 
							"to": [ 1.9, 2.1, 1.2 ], 
							"rotationOrigin": [ -0.1, -0.1, 0.8 ],
							"faces": {
								"north": { "texture": "#material", "uv": [ 5.5, 1.0, 7.5, 3.0 ] },
								"east": { "texture": "#material", "uv": [ 11.0, 3.0, 11.5, 5.0 ] },
								"south": { "texture": "#material", "uv": [ 11.5, 10.0, 13.5, 12.0 ] },
								"west": { "texture": "#material", "uv": [ 7.5, 0.0, 8.0, 2.0 ] },
								"up": { "texture": "#material", "uv": [ 9.0, 8.0, 11.0, 8.5 ] },
								"down": { "texture": "#material", "uv": [ 4.5, 6.0, 6.5, 6.5 ] }
							}
						},
						{
							"name": "Cube11",
							"from": [ -4.0, 0.3, 0.3 ], 
							"to": [ -3.0, 1.7, 1.7 ], 
							"rotationOrigin": [ -4.0, 0.3, 0.3 ],
							"faces": {
								"north": { "texture": "#material", "uv": [ 4.0, 6.5, 5.0, 7.5 ] },
								"east": { "texture": "#material", "uv": [ 11.5, 6.5, 12.5, 7.5 ] },
								"south": { "texture": "#material", "uv": [ 13.0, 1.5, 14.0, 2.5 ] },
								"west": { "texture": "#material", "uv": [ 1.0, 5.0, 2.0, 6.0 ] },
								"up": { "texture": "#material", "uv": [ 6.0, 12.5, 7.0, 13.5 ] },
								"down": { "texture": "#material", "uv": [ 5.0, 1.5, 6.0, 2.5 ] }
							}
						},
						{
							"name": "Cube12",
							"from": [ -22.0, 0.8, 0.8 ], 
							"to": [ -12.0, 1.2, 1.2 ], 
							"rotationOrigin": [ -22.0, 0.8, 0.8 ],
							"faces": {
								"north": { "texture": "#material", "uv": [ 4.5, 9.0, 14.5, 9.5 ] },
								"east": { "texture": "#material", "uv": [ 1.5, 3.0, 2.0, 3.5 ] },
								"south": { "texture": "#material", "uv": [ 0.0, 13.5, 10.0, 14.0 ] },
								"west": { "texture": "#material", "uv": [ 5.0, 4.5, 5.5, 5.0 ] },
								"up": { "texture": "#material", "uv": [ 0.5, 1.0, 10.5, 1.5 ] },
								"down": { "texture": "#material", "uv": [ 5.5, 3.5, 15.5, 4.0 ] }
							}
						},
						{
							"name": "tip",
							"from": [ -22.6, 0.1, 0.0 ], 
							"to": [ -22.6, 0.1, 0.0 ], 
							"rotationOrigin": [ -22.1, 1.1, 1.0 ],
							"rotationZ": 45.0,
							"faces": {
								"north": { "texture": "#material", "uv": [ 6.5, 1.5, 7.0, 2.0 ] },
								"east": { "texture": "#material", "uv": [ 4.5, 11.0, 5.0, 11.5 ] },
								"south": { "texture": "#material", "uv": [ 11.0, 3.0, 11.5, 3.5 ] },
								"west": { "texture": "#material", "uv": [ 0.0, 13.5, 0.5, 14.0 ] },
								"up": { "texture": "#material", "uv": [ 14.5, 10.0, 15.0, 10.5 ] },
								"down": { "texture": "#material", "uv": [ 14.0, 3.0, 14.5, 3.5 ] }
							},
							"children": [
								{
									"name": "Cube14",
									"from": [ 0.0, 0.6, 0.6 ], 
									"to": [ 0.8, 1.4, 1.4 ], 
									"rotationOrigin": [ 0.4, 1.0, 0.6 ],
									"faces": {
										"north": { "texture": "#material", "uv": [ 4.5, 1.5, 5.0, 2.0 ] },
										"east": { "texture": "#material", "uv": [ 7.0, 10.0, 7.5, 10.5 ] },
										"south": { "texture": "#material", "uv": [ 2.0, 10.0, 2.5, 10.5 ] },
										"west": { "texture": "#material", "uv": [ 2.0, 15.0, 2.5, 15.5 ] },
										"up": { "texture": "#material", "uv": [ 4.5, 12.5, 5.0, 13.0 ] },
										"down": { "texture": "#material", "uv": [ 13.0, 5.5, 13.5, 6.0 ] }
									}
								},
								{
									"name": "Cube15",
									"from": [ -0.3, 1.0, 0.7 ], 
									"to": [ 0.4, 1.7, 1.3 ], 
									"rotationOrigin": [ 0.2, 1.5, 0.7 ],
									"faces": {
										"north": { "texture": "#material", "uv": [ 9.0, 1.0, 9.5, 1.5 ] },
										"east": { "texture": "#material", "uv": [ 13.5, 6.5, 14.0, 7.0 ] },
										"south": { "texture": "#material", "uv": [ 7.0, 10.5, 7.5, 11.0 ] },
										"west": { "texture": "#material", "uv": [ 7.5, 3.5, 8.0, 4.0 ] },
										"up": { "texture": "#material", "uv": [ 6.5, 15.0, 7.0, 15.5 ] },
										"down": { "texture": "#material", "uv": [ 8.5, 9.0, 9.0, 9.5 ] }
									}
								},
								{
									"name": "Cube16",
									"from": [ -0.6, 1.5, 0.8 ], 
									"to": [ -0.1, 2.0, 1.2 ], 
									"rotationOrigin": [ -0.1, 2.0, 0.8 ],
									"faces": {
										"north": { "texture": "#material", "uv": [ 13.5, 11.5, 14.0, 12.0 ] },
										"east": { "texture": "#material", "uv": [ 8.5, 1.0, 9.0, 1.5 ] },
										"south": { "texture": "#material", "uv": [ 0.5, 2.5, 1.0, 3.0 ] },
										"west": { "texture": "#material", "uv": [ 5.5, 4.5, 6.0, 5.0 ] },
										"up": { "texture": "#material", "uv": [ 15.0, 6.0, 15.5, 6.5 ] },
										"down": { "texture": "#material", "uv": [ 4.5, 14.5, 5.0, 15.0 ] }
									}
								},
								{
									"name": "Cube17",
									"from": [ -0.9, 1.9, 0.9 ], 
									"to": [ -0.5, 2.3, 1.1 ], 
									"rotationOrigin": [ -0.4, 2.4, 0.9 ],
									"faces": {
										"north": { "texture": "#material", "uv": [ 6.0, 13.5, 6.5, 14.0 ] },
										"east": { "texture": "#material", "uv": [ 13.5, 13.0, 14.0, 13.5 ] },
										"south": { "texture": "#material", "uv": [ 4.5, 1.5, 5.0, 2.0 ] },
										"west": { "texture": "#material", "uv": [ 15.0, 5.0, 15.5, 5.5 ] },
										"up": { "texture": "#material", "uv": [ 11.5, 2.5, 12.0, 3.0 ] },
										"down": { "texture": "#material", "uv": [ 9.5, 3.5, 10.0, 4.0 ] }
									}
								}
							]
						},
						{
							"name": "Cube26",
							"from": [ -12.0, 0.8, 0.8 ], 
							"to": [ -4.0, 1.2, 1.2 ], 
							"rotationOrigin": [ -12.0, 0.8, 0.8 ],
							"faces": {
								"north": { "texture": "#material", "uv": [ 4.0, 4.0, 12.0, 4.5 ] },
								"east": { "texture": "#material", "uv": [ 5.0, 8.5, 5.5, 9.0 ] },
								"south": { "texture": "#material", "uv": [ 1.5, 4.0, 9.5, 4.5 ] },
								"west": { "texture": "#material", "uv": [ 1.0, 5.0, 1.5, 5.5 ] },
								"up": { "texture": "#material", "uv": [ 5.5, 13.5, 13.5, 14.0 ] },
								"down": { "texture": "#material", "uv": [ 0.0, 10.5, 8.0, 11.0 ] }
							}
						}
					]
				},
				{
					"name": "handle",
					"from": [ 0.0, 0.0, 0.0 ], 
					"to": [ 0.0, 0.0, 0.0 ], 
					"faces": {
						"north": { "texture": "#wood-generic", "uv": [ 0.5, 9.5, 1.0, 10.0 ] },
						"east": { "texture": "#wood-generic", "uv": [ 14.0, 11.5, 14.5, 12.0 ] },
						"south": { "texture": "#wood-generic", "uv": [ 0.5, 2.0, 1.0, 2.5 ] },
						"west": { "texture": "#wood-generic", "uv": [ 3.0, 0.0, 3.5, 0.5 ] },
						"up": { "texture": "#wood-generic", "uv": [ 10.0, 5.0, 10.5, 5.5 ] },
						"down": { "texture": "#wood-generic", "uv": [ 9.5, 4.5, 10.0, 5.0 ] }
					},
					"children": [
						{
							"name": "Cube1",
							"from": [ 0.0, 1.9, 0.0 ], 
							"to": [ 2.0, 3.9, 2.0 ], 
							"rotationOrigin": [ 0.0, 1.9, 0.0 ],
							"faces": {
								"north": { "texture": "#wood-generic", "uv": [ 0.0, 7.0, 2.0, 9.0 ] },
								"east": { "texture": "#wood-generic", "uv": [ 7.5, 12.5, 9.5, 14.5 ] },
								"south": { "texture": "#wood-generic", "uv": [ 7.0, 4.5, 9.0, 6.5 ] },
								"west": { "texture": "#wood-generic", "uv": [ 0.0, 9.5, 2.0, 11.5 ] },
								"up": { "texture": "#wood-generic", "uv": [ 5.0, 13.0, 7.0, 15.0 ] },
								"down": { "texture": "#wood-generic", "uv": [ 11.5, 12.0, 13.5, 14.0 ] }
							}
						},
						{
							"name": "Cube5",
							"from": [ -2.0, 2.1, 0.2 ], 
							"to": [ 0.0, 3.7, 1.8 ], 
							"rotationOrigin": [ -2.0, 2.1, 0.2 ],
							"faces": {
								"north": { "texture": "#wood-generic", "uv": [ 9.5, 10.0, 11.5, 11.5 ] },
								"east": { "texture": "#wood-generic", "uv": [ 12.5, 10.0, 14.0, 11.5 ] },
								"south": { "texture": "#wood-generic", "uv": [ 13.5, 12.0, 15.5, 13.5 ] },
								"west": { "texture": "#wood-generic", "uv": [ 4.0, 7.5, 5.5, 9.0 ] },
								"up": { "texture": "#wood-generic", "uv": [ 11.5, 13.5, 13.5, 15.0 ] },
								"down": { "texture": "#wood-generic", "uv": [ 7.5, 3.5, 9.5, 5.0 ] }
							}
						},
						{
							"name": "Cube9",
							"from": [ -1.3, 2.6, 0.1 ], 
							"to": [ -0.7, 3.2, 1.9 ], 
							"rotationOrigin": [ -1.3, 2.6, 0.1 ],
							"faces": {
								"north": { "texture": "#material", "uv": [ 5.5, 8.5, 6.0, 9.0 ] },
								"east": { "texture": "#material", "uv": [ 7.5, 6.0, 9.0, 6.5 ] },
								"south": { "texture": "#material", "uv": [ 14.0, 14.5, 14.5, 15.0 ] },
								"west": { "texture": "#material", "uv": [ 11.0, 3.5, 12.5, 4.0 ] },
								"up": { "texture": "#material", "uv": [ 2.0, 5.0, 2.5, 6.5 ] },
								"down": { "texture": "#material", "uv": [ 5.5, 12.0, 6.0, 13.5 ] }
							}
						},
						{
							"name": "Cube10",
							"from": [ 0.7, 2.6, -0.1 ], 
							"to": [ 1.3, 3.2, 2.1 ], 
							"rotationOrigin": [ 0.7, 2.6, -0.1 ],
							"faces": {
								"north": { "texture": "#material", "uv": [ 15.0, 14.0, 15.5, 14.5 ] },
								"east": { "texture": "#material", "uv": [ 11.5, 12.0, 13.5, 12.5 ] },
								"south": { "texture": "#material", "uv": [ 6.0, 10.0, 6.5, 10.5 ] },
								"west": { "texture": "#material", "uv": [ 2.0, 2.0, 4.0, 2.5 ] },
								"up": { "texture": "#material", "uv": [ 14.5, 13.0, 15.0, 15.0 ] },
								"down": { "texture": "#material", "uv": [ 13.0, 9.5, 13.5, 11.5 ] }
							}
						},
						{
							"name": "Cube22",
							"from": [ 2.0, 2.3, 0.4 ], 
							"to": [ 16.0, 3.5, 1.6 ], 
							"rotationOrigin": [ 2.0, 2.3, 0.4 ],
							"faces": {
								"north": { "texture": "#wood-generic", "uv": [ 1.0, 8.0, 15.0, 9.0 ] },
								"east": { "texture": "#wood-generic", "uv": [ 2.0, 14.0, 3.0, 15.0 ] },
								"south": { "texture": "#wood-generic", "uv": [ 0.5, 0.0, 14.5, 1.0 ] },
								"west": { "texture": "#wood-generic", "uv": [ 9.5, 14.0, 10.5, 15.0 ] },
								"up": { "texture": "#wood-generic", "uv": [ 1.0, 0.5, 15.0, 1.5 ] },
								"down": { "texture": "#wood-generic", "uv": [ 1.5, 10.0, 15.5, 11.0 ] }
							}
						},
						{
							"name": "Cube23",
							"from": [ 16.0, 2.3, 0.4 ], 
							"to": [ 30.0, 3.5, 1.6 ], 
							"rotationOrigin": [ 16.0, 2.3, 0.4 ],
							"faces": {
								"north": { "texture": "#wood-generic", "uv": [ 1.0, 1.0, 15.0, 2.0 ] },
								"east": { "texture": "#wood-generic", "uv": [ 3.5, 12.0, 4.5, 13.0 ] },
								"south": { "texture": "#wood-generic", "uv": [ 0.5, 1.0, 14.5, 2.0 ] },
								"west": { "texture": "#wood-generic", "uv": [ 14.5, 4.5, 15.5, 5.5 ] },
								"up": { "texture": "#wood-generic", "uv": [ 1.5, 4.0, 15.5, 5.0 ] },
								"down": { "texture": "#wood-generic", "uv": [ 0.0, 8.5, 14.0, 9.5 ] }
							}
						},
						{
							"name": "Cube24",
							"from": [ 30.0, 2.2, 0.3 ], 
							"to": [ 31.0, 3.6, 1.7 ], 
							"rotationOrigin": [ 30.0, 2.2, 0.3 ],
							"faces": {
								"north": { "texture": "#material", "uv": [ 7.5, 14.5, 8.5, 15.5 ] },
								"east": { "texture": "#material", "uv": [ 10.0, 1.5, 11.0, 2.5 ] },
								"south": { "texture": "#material", "uv": [ 8.5, 11.0, 9.5, 12.0 ] },
								"west": { "texture": "#material", "uv": [ 3.5, 5.5, 4.5, 6.5 ] },
								"up": { "texture": "#material", "uv": [ 7.0, 10.5, 8.0, 11.5 ] },
								"down": { "texture": "#material", "uv": [ 9.0, 12.5, 10.0, 13.5 ] }
							}
						},
						{
							"name": "Cube25",
							"from": [ 2.0, 2.2, 0.3 ], 
							"to": [ 7.0, 3.6, 1.7 ], 
							"rotationOrigin": [ 2.0, 2.2, 0.3 ],
							"faces": {
								"north": { "texture": "#gray", "uv": [ 10.0, 13.0, 15.0, 14.0 ] },
								"east": { "texture": "#gray", "uv": [ 7.5, 9.0, 8.5, 10.0 ] },
								"south": { "texture": "#gray", "uv": [ 8.5, 11.5, 13.5, 12.5 ] },
								"west": { "texture": "#gray", "uv": [ 10.5, 8.5, 11.5, 9.5 ] },
								"up": { "texture": "#gray", "uv": [ 10.5, 3.0, 15.5, 4.0 ] },
								"down": { "texture": "#gray", "uv": [ 9.5, 0.5, 14.5, 1.5 ] }
							}
						}
					]
				}
			]
		}
	]}