{
	"editor": {
		"allAngles": false,
		"entityTextureMode": false
	},
	"textureWidth": 16,
	"textureHeight": 16,
	"textureSizes": {
	},
	"textures": {
		"handle": "game:block/wood-generic",
		"blade": "game:block/metal/ingot/iron"
	},
	"elements": [
		{
			"name": "Origin",
			"from": [ 16.0, 0.0, 9.0 ], 
			"to": [ 16.0, 0.0, 9.0 ], 
			"rotationOrigin": [ 16.0, 0.0, 9.0 ],
			"faces": {
				"north": { "texture": "#blade", "uv": [ 12.0, 0.5, 12.5, 1.0 ] },
				"east": { "texture": "#blade", "uv": [ 7.5, 12.5, 8.0, 13.0 ] },
				"south": { "texture": "#blade", "uv": [ 1.0, 7.0, 1.5, 7.5 ] },
				"west": { "texture": "#blade", "uv": [ 4.5, 1.5, 5.0, 2.0 ] },
				"up": { "texture": "#blade", "uv": [ 12.5, 2.0, 13.0, 2.5 ] },
				"down": { "texture": "#blade", "uv": [ 13.0, 5.5, 13.5, 6.0 ] }
			},
			"children": [
				{
					"name": "Blade",
					"from": [ 0.0, 0.0, 0.0 ], 
					"to": [ 0.0, 0.0, 0.0 ], 
					"faces": {
						"north": { "texture": "#blade", "uv": [ 1.0, 1.5, 1.5, 2.0 ] },
						"east": { "texture": "#blade", "uv": [ 5.0, 3.5, 5.5, 4.0 ] },
						"south": { "texture": "#blade", "uv": [ 8.5, 7.5, 9.0, 8.0 ] },
						"west": { "texture": "#blade", "uv": [ 6.0, 12.0, 6.5, 12.5 ] },
						"up": { "texture": "#blade", "uv": [ 2.5, 1.5, 3.0, 2.0 ] },
						"down": { "texture": "#blade", "uv": [ 14.0, 9.5, 14.5, 10.0 ] }
					},
					"children": [
						{
							"name": "Cube1",
							"from": [ -7.0, 2.0, 0.0 ], 
							"to": [ -1.0, 3.4, 0.6 ], 
							"rotationOrigin": [ -7.0, 2.0, 0.0 ],
							"faces": {
								"north": { "texture": "#blade", "uv": [ 8.0, 3.5, 14.0, 4.5 ] },
								"east": { "texture": "#blade", "uv": [ 8.0, 2.0, 8.5, 3.0 ] },
								"south": { "texture": "#blade", "uv": [ 0.0, 9.5, 6.0, 10.5 ] },
								"west": { "texture": "#blade", "uv": [ 2.5, 12.0, 3.0, 13.0 ] },
								"up": { "texture": "#blade", "uv": [ 4.5, 13.5, 10.5, 14.0 ] },
								"down": { "texture": "#blade", "uv": [ 7.5, 1.0, 13.5, 1.5 ] }
							},
							"children": [
								{
									"name": "Cube5",
									"from": [ 6.0, 0.0, 0.01 ], 
									"to": [ 12.0, 1.4, 0.59 ], 
									"rotationOrigin": [ 6.0, 0.0, 0.0 ],
									"rotationZ": 2.0,
									"faces": {
										"north": { "texture": "#blade", "uv": [ 5.5, 6.0, 11.5, 7.0 ] },
										"east": { "texture": "#blade", "uv": [ 7.0, 0.5, 7.5, 1.5 ] },
										"south": { "texture": "#blade", "uv": [ 8.0, 3.0, 14.0, 4.0 ] },
										"west": { "texture": "#blade", "uv": [ 2.0, 11.5, 2.5, 12.5 ] },
										"up": { "texture": "#blade", "uv": [ 8.5, 2.5, 14.5, 3.0 ] },
										"down": { "texture": "#blade", "uv": [ 1.5, 6.5, 7.5, 7.0 ] }
									},
									"children": [
										{
											"name": "Cube6",
											"from": [ 6.0, 0.1, 0.01 ], 
											"to": [ 12.0, 1.4, 0.57 ], 
											"rotationOrigin": [ 6.0, 0.1, -0.01 ],
											"rotationZ": 2.0,
											"faces": {
												"north": { "texture": "#blade", "uv": [ 7.0, 8.5, 13.0, 9.5 ] },
												"east": { "texture": "#blade", "uv": [ 8.5, 1.5, 9.0, 2.5 ] },
												"south": { "texture": "#blade", "uv": [ 9.5, 12.5, 15.5, 13.5 ] },
												"west": { "texture": "#blade", "uv": [ 6.5, 13.0, 7.0, 14.0 ] },
												"up": { "texture": "#blade", "uv": [ 4.0, 15.0, 10.0, 15.5 ] },
												"down": { "texture": "#blade", "uv": [ 8.0, 2.0, 14.0, 2.5 ] }
											},
											"children": [
												{
													"name": "Cube7",
													"from": [ 6.0, 0.1, 0.01 ], 
													"to": [ 12.0, 1.3, 0.55 ], 
													"rotationOrigin": [ 6.0, 0.1, -0.02 ],
													"rotationX": 2.13443399843527E-7,
													"rotationZ": 3.0,
													"faces": {
														"north": { "texture": "#blade", "uv": [ 6.0, 0.5, 12.0, 1.5 ] },
														"east": { "texture": "#blade", "uv": [ 7.5, 1.0, 8.0, 2.0 ] },
														"south": { "texture": "#blade", "uv": [ 8.5, 5.0, 14.5, 6.0 ] },
														"west": { "texture": "#blade", "uv": [ 12.0, 12.0, 12.5, 13.0 ] },
														"up": { "texture": "#blade", "uv": [ 5.5, 3.5, 11.5, 4.0 ] },
														"down": { "texture": "#blade", "uv": [ 5.5, 4.5, 11.5, 5.0 ] }
													},
													"children": [
														{
															"name": "Cube8",
															"from": [ 6.0, 0.1, 0.01 ], 
															"to": [ 12.0, 1.2, 0.53 ], 
															"rotationOrigin": [ 6.0, 0.1, -0.03 ],
															"rotationX": 6.596187621115562E-32,
															"rotationY": 1.1921630991505398E-15,
															"rotationZ": 3.0,
															"faces": {
																"north": { "texture": "#blade", "uv": [ 2.5, 3.5, 8.5, 4.5 ] },
																"east": { "texture": "#blade", "uv": [ 5.5, 10.0, 6.0, 11.0 ] },
																"south": { "texture": "#blade", "uv": [ 7.5, 8.5, 13.5, 9.5 ] },
																"west": { "texture": "#blade", "uv": [ 7.0, 13.0, 7.5, 14.0 ] },
																"up": { "texture": "#blade", "uv": [ 9.5, 8.0, 15.5, 8.5 ] },
																"down": { "texture": "#blade", "uv": [ 9.5, 14.5, 15.5, 15.0 ] }
															},
															"children": [
																{
																	"name": "Cube9",
																	"from": [ 6.0, 0.1, 0.0 ], 
																	"to": [ 12.0, 1.0, 0.52 ], 
																	"rotationOrigin": [ 6.0, 0.1, -0.04 ],
																	"rotationX": -1.067216999217635E-6,
																	"rotationY": 1.2083235848480528E-15,
																	"rotationZ": 3.0,
																	"faces": {
																		"north": { "texture": "#blade", "uv": [ 3.5, 10.5, 9.5, 11.0 ] },
																		"east": { "texture": "#blade", "uv": [ 15.0, 7.0, 15.5, 7.5 ] },
																		"south": { "texture": "#blade", "uv": [ 7.0, 7.0, 13.0, 7.5 ] },
																		"west": { "texture": "#blade", "uv": [ 7.5, 3.0, 8.0, 3.5 ] },
																		"up": { "texture": "#blade", "uv": [ 8.5, 1.0, 14.5, 1.5 ] },
																		"down": { "texture": "#blade", "uv": [ 8.0, 14.5, 14.0, 15.0 ] }
																	}
																}
															]
														}
													]
												}
											]
										}
									]
								}
							]
						},
						{
							"name": "Cube10",
							"from": [ -7.0, 0.6, 0.1 ], 
							"to": [ -1.0, 2.0, 0.5 ], 
							"rotationOrigin": [ -7.0, 0.6, 0.1 ],
							"faces": {
								"north": { "texture": "#blade", "uv": [ 1.5, 8.5, 7.5, 9.5 ] },
								"east": { "texture": "#blade", "uv": [ 10.0, 14.5, 10.5, 15.5 ] },
								"south": { "texture": "#blade", "uv": [ 1.0, 1.0, 7.0, 2.0 ] },
								"west": { "texture": "#blade", "uv": [ 14.0, 6.5, 14.5, 7.5 ] },
								"up": { "texture": "#blade", "uv": [ 3.5, 6.5, 9.5, 7.0 ] },
								"down": { "texture": "#blade", "uv": [ 9.5, 6.0, 15.5, 6.5 ] }
							},
							"children": [
								{
									"name": "Cube11",
									"from": [ 6.0, 0.0, 0.01 ], 
									"to": [ 12.1, 1.4, 0.39 ], 
									"rotationOrigin": [ 6.0, 0.0, 0.0 ],
									"rotationZ": 2.0,
									"faces": {
										"north": { "texture": "#blade", "uv": [ 4.5, 8.0, 10.5, 9.0 ] },
										"east": { "texture": "#blade", "uv": [ 13.5, 6.0, 14.0, 7.0 ] },
										"south": { "texture": "#blade", "uv": [ 0.0, 9.5, 6.0, 10.5 ] },
										"west": { "texture": "#blade", "uv": [ 13.5, 5.0, 14.0, 6.0 ] },
										"up": { "texture": "#blade", "uv": [ 1.5, 13.0, 7.5, 13.5 ] },
										"down": { "texture": "#blade", "uv": [ 9.0, 9.5, 15.0, 10.0 ] }
									},
									"children": [
										{
											"name": "Cube12",
											"from": [ 6.0, 0.0, 0.01 ], 
											"to": [ 12.1, 1.5, 0.37 ], 
											"rotationOrigin": [ 6.0, 0.0, 0.0 ],
											"rotationZ": 2.0,
											"faces": {
												"north": { "texture": "#blade", "uv": [ 9.0, 5.0, 15.0, 6.5 ] },
												"east": { "texture": "#blade", "uv": [ 10.0, 2.5, 10.5, 4.0 ] },
												"south": { "texture": "#blade", "uv": [ 8.5, 4.0, 14.5, 5.5 ] },
												"west": { "texture": "#blade", "uv": [ 14.5, 14.0, 15.0, 15.5 ] },
												"up": { "texture": "#blade", "uv": [ 0.5, 14.5, 6.5, 15.0 ] },
												"down": { "texture": "#blade", "uv": [ 6.5, 7.0, 12.5, 7.5 ] }
											},
											"children": [
												{
													"name": "Cube13",
													"from": [ 6.1, 0.0, 0.01 ], 
													"to": [ 12.2, 1.6, 0.35 ], 
													"rotationOrigin": [ 6.1, 0.0, 0.0 ],
													"rotationX": 2.13443399843527E-7,
													"rotationZ": 3.0,
													"faces": {
														"north": { "texture": "#blade", "uv": [ 9.0, 3.0, 15.0, 4.5 ] },
														"east": { "texture": "#blade", "uv": [ 13.5, 11.0, 14.0, 12.5 ] },
														"south": { "texture": "#blade", "uv": [ 9.5, 2.5, 15.5, 4.0 ] },
														"west": { "texture": "#blade", "uv": [ 2.5, 6.5, 3.0, 8.0 ] },
														"up": { "texture": "#blade", "uv": [ 7.0, 10.5, 13.0, 11.0 ] },
														"down": { "texture": "#blade", "uv": [ 8.5, 8.5, 14.5, 9.0 ] }
													},
													"children": [
														{
															"name": "Cube14",
															"from": [ 6.1, 0.0, 0.01 ], 
															"to": [ 12.2, 1.7, 0.33 ], 
															"rotationOrigin": [ 6.1, 0.0, -0.01 ],
															"rotationX": 6.596187621115562E-32,
															"rotationY": 1.1921630991505398E-15,
															"rotationZ": 3.0,
															"faces": {
																"north": { "texture": "#blade", "uv": [ 2.0, 8.0, 8.0, 9.5 ] },
																"east": { "texture": "#blade", "uv": [ 1.0, 10.0, 1.5, 11.5 ] },
																"south": { "texture": "#blade", "uv": [ 4.5, 8.5, 10.5, 10.0 ] },
																"west": { "texture": "#blade", "uv": [ 10.5, 9.5, 11.0, 11.0 ] },
																"up": { "texture": "#blade", "uv": [ 4.5, 5.0, 10.5, 5.5 ] },
																"down": { "texture": "#blade", "uv": [ 5.0, 12.5, 11.0, 13.0 ] }
															},
															"children": [
																{
																	"name": "Cube15",
																	"from": [ 6.1, 0.0, 0.01 ], 
																	"to": [ 12.2, 1.8, 0.31 ], 
																	"rotationOrigin": [ 6.1, 0.0, -0.01 ],
																	"rotationX": -1.067216999217635E-6,
																	"rotationY": 1.2083235848480528E-15,
																	"rotationZ": 3.0,
																	"faces": {
																		"north": { "texture": "#blade", "uv": [ 5.5, 6.0, 11.5, 7.5 ] },
																		"east": { "texture": "#blade", "uv": [ 9.5, 1.5, 10.0, 3.0 ] },
																		"south": { "texture": "#blade", "uv": [ 3.5, 3.5, 9.5, 5.0 ] },
																		"west": { "texture": "#blade", "uv": [ 8.5, 12.5, 9.0, 14.0 ] },
																		"up": { "texture": "#blade", "uv": [ 7.0, 7.5, 13.0, 8.0 ] },
																		"down": { "texture": "#blade", "uv": [ 0.0, 5.0, 6.0, 5.5 ] }
																	},
																	"children": [
																		{
																			"name": "Cube16",
																			"from": [ 6.0, 0.0, 0.01 ], 
																			"to": [ 9.7, 1.8, 0.29 ], 
																			"rotationOrigin": [ 6.0, 0.0, -0.02 ],
																			"rotationX": 2.13443399843527E-7,
																			"rotationY": 2.0794153284428794E-14,
																			"rotationZ": 7.0,
																			"faces": {
																				"north": { "texture": "#blade", "uv": [ 11.5, 1.0, 15.0, 2.5 ] },
																				"east": { "texture": "#blade", "uv": [ 3.5, 4.0, 4.0, 5.5 ] },
																				"south": { "texture": "#blade", "uv": [ 12.0, 6.5, 15.5, 8.0 ] },
																				"west": { "texture": "#blade", "uv": [ 13.0, 0.5, 13.5, 2.0 ] },
																				"up": { "texture": "#blade", "uv": [ 3.0, 14.0, 6.5, 14.5 ] },
																				"down": { "texture": "#blade", "uv": [ 8.5, 14.0, 12.0, 14.5 ] }
																			},
																			"children": [
																				{
																					"name": "Cube17",
																					"from": [ 3.7, 0.0, 0.01 ], 
																					"to": [ 6.3, 1.8, 0.27 ], 
																					"rotationOrigin": [ 3.7, 0.0, -0.03 ],
																					"rotationX": 4.26886799687054E-7,
																					"rotationY": -2.843577796718714E-15,
																					"rotationZ": 12.0,
																					"faces": {
																						"north": { "texture": "#blade", "uv": [ 4.5, 4.5, 7.0, 6.0 ] },
																						"east": { "texture": "#blade", "uv": [ 9.0, 9.5, 9.5, 11.0 ] },
																						"south": { "texture": "#blade", "uv": [ 3.0, 5.5, 5.5, 7.0 ] },
																						"west": { "texture": "#blade", "uv": [ 7.0, 0.0, 7.5, 1.5 ] },
																						"up": { "texture": "#blade", "uv": [ 9.0, 8.5, 11.5, 9.0 ] },
																						"down": { "texture": "#blade", "uv": [ 4.0, 15.0, 6.5, 15.5 ] }
																					},
																					"children": [
																						{
																							"name": "Cube18",
																							"from": [ 2.6, 0.0, 0.01 ], 
																							"to": [ 3.9, 1.65, 0.25 ], 
																							"rotationOrigin": [ 2.6, 0.0, -0.03 ],
																							"rotationX": -5.122641596244655E-6,
																							"rotationY": -1.1043681854420052E-14,
																							"rotationZ": 40.0,
																							"faces": {
																								"north": { "texture": "#blade", "uv": [ 2.5, 8.0, 3.5, 9.5 ] },
																								"east": { "texture": "#blade", "uv": [ 7.5, 6.5, 8.0, 8.0 ] },
																								"south": { "texture": "#blade", "uv": [ 12.0, 13.5, 13.0, 15.0 ] },
																								"west": { "texture": "#blade", "uv": [ 0.5, 1.5, 1.0, 3.0 ] },
																								"up": { "texture": "#blade", "uv": [ 2.0, 14.0, 3.0, 14.5 ] },
																								"down": { "texture": "#blade", "uv": [ 4.0, 2.0, 5.0, 2.5 ] }
																							},
																							"children": [
																								{
																									"name": "Cube19",
																									"from": [ -0.1, 1.3, 0.01 ], 
																									"to": [ 1.38, 2.8, 0.23 ], 
																									"rotationOrigin": [ 0.1, 1.2, -0.04 ],
																									"rotationX": -1.7075471987482165E-6,
																									"rotationY": -1.6708994521696363E-13,
																									"rotationZ": 16.0,
																									"faces": {
																										"north": { "texture": "#blade", "uv": [ 9.5, 11.5, 10.5, 13.0 ] },
																										"east": { "texture": "#blade", "uv": [ 5.5, 5.0, 6.0, 6.5 ] },
																										"south": { "texture": "#blade", "uv": [ 2.5, 12.0, 3.5, 13.5 ] },
																										"west": { "texture": "#blade", "uv": [ 9.0, 14.0, 9.5, 15.5 ] },
																										"up": { "texture": "#blade", "uv": [ 12.5, 9.0, 13.5, 9.5 ] },
																										"down": { "texture": "#blade", "uv": [ 5.0, 1.5, 6.0, 2.0 ] }
																									},
																									"children": [
																										{
																											"name": "Cube20",
																											"from": [ -0.36, 1.05, -0.01 ], 
																											"to": [ 1.6, 5.95, 0.23 ], 
																											"rotationOrigin": [ 0.2, 0.9, -0.15 ],
																											"rotationX": 1.9165471480613045E-27,
																											"rotationY": -5.062924847664436E-13,
																											"rotationZ": 19.0,
																											"faces": {
																												"north": { "texture": "#blade", "uv": [ 6.5, 1.0, 8.0, 5.5 ] },
																												"east": { "texture": "#blade", "uv": [ 7.0, 4.5, 7.5, 9.0 ] },
																												"south": { "texture": "#blade", "uv": [ 4.0, 6.0, 5.5, 10.5 ] },
																												"west": { "texture": "#blade", "uv": [ 14.5, 5.5, 15.0, 10.0 ] },
																												"up": { "texture": "#blade", "uv": [ 0.5, 13.5, 2.0, 14.0 ] },
																												"down": { "texture": "#blade", "uv": [ 11.5, 0.5, 13.0, 1.0 ] }
																											},
																											"children": [
																												{
																													"name": "Cube36",
																													"from": [ 0.0, 4.9, 0.01 ], 
																													"to": [ 1.96, 9.2, 0.23 ], 
																													"rotationOrigin": [ 0.56, 4.83, -0.04 ],
																													"rotationX": -5.122641596244655E-6,
																													"rotationY": -3.6321865979981003E-13,
																													"rotationZ": -4.0,
																													"faces": {
																														"north": { "texture": "#blade", "uv": [ 12.5, 8.0, 14.0, 12.0 ] },
																														"east": { "texture": "#blade", "uv": [ 6.5, 10.0, 7.0, 14.0 ] },
																														"south": { "texture": "#blade", "uv": [ 8.5, 2.0, 10.0, 6.0 ] },
																														"west": { "texture": "#blade", "uv": [ 8.0, 8.0, 8.5, 12.0 ] },
																														"up": { "texture": "#blade", "uv": [ 3.5, 12.0, 5.0, 12.5 ] },
																														"down": { "texture": "#blade", "uv": [ 11.0, 15.0, 12.5, 15.5 ] }
																													},
																													"children": [
																														{
																															"name": "Cube37",
																															"from": [ 0.0, 4.1, 0.01 ], 
																															"to": [ 1.96, 7.4, 0.21 ], 
																															"rotationOrigin": [ 0.56, 4.13, -0.05 ],
																															"rotationX": -1.7075471987482165E-6,
																															"rotationY": 1.0157430661295922E-13,
																															"rotationZ": 7.0,
																															"faces": {
																																"north": { "texture": "#blade", "uv": [ 10.0, 6.0, 11.5, 9.0 ] },
																																"east": { "texture": "#blade", "uv": [ 9.0, 8.0, 9.5, 11.0 ] },
																																"south": { "texture": "#blade", "uv": [ 0.5, 12.0, 2.0, 15.0 ] },
																																"west": { "texture": "#blade", "uv": [ 6.5, 12.0, 7.0, 15.0 ] },
																																"up": { "texture": "#blade", "uv": [ 0.5, 5.0, 2.0, 5.5 ] },
																																"down": { "texture": "#blade", "uv": [ 11.0, 7.0, 12.5, 7.5 ] }
																															}
																														}
																													]
																												}
																											]
																										}
																									]
																								}
																							]
																						}
																					]
																				}
																			]
																		}
																	]
																}
															]
														}
													]
												}
											]
										}
									]
								}
							]
						},
						{
							"name": "Cube22",
							"from": [ -14.0, 1.6, 0.1 ], 
							"to": [ -7.0, 2.6, 0.5 ], 
							"rotationOrigin": [ -14.0, 1.6, 0.1 ],
							"faces": {
								"north": { "texture": "#blade", "uv": [ 6.0, 0.0, 13.0, 1.0 ] },
								"east": { "texture": "#blade", "uv": [ 8.0, 6.0, 8.5, 7.0 ] },
								"south": { "texture": "#blade", "uv": [ 5.5, 4.5, 12.5, 5.5 ] },
								"west": { "texture": "#blade", "uv": [ 0.0, 13.0, 0.5, 14.0 ] },
								"up": { "texture": "#blade", "uv": [ 5.5, 7.0, 12.5, 7.5 ] },
								"down": { "texture": "#blade", "uv": [ 4.0, 15.0, 11.0, 15.5 ] }
							}
						}
					]
				},
				{
					"name": "Handle",
					"from": [ 0.0, 0.0, 0.0 ], 
					"to": [ 0.0, 0.0, 0.0 ], 
					"faces": {
						"north": { "texture": "#blade", "uv": [ 14.5, 8.0, 15.0, 8.5 ] },
						"east": { "texture": "#blade", "uv": [ 12.5, 14.0, 13.0, 14.5 ] },
						"south": { "texture": "#blade", "uv": [ 4.0, 3.5, 4.5, 4.0 ] },
						"west": { "texture": "#blade", "uv": [ 11.0, 0.0, 11.5, 0.5 ] },
						"up": { "texture": "#blade", "uv": [ 7.5, 13.0, 8.0, 13.5 ] },
						"down": { "texture": "#blade", "uv": [ 12.0, 5.0, 12.5, 5.5 ] }
					},
					"children": [
						{
							"name": "Cube23",
							"from": [ -8.9, 2.0, -0.6 ], 
							"to": [ -6.5, 4.4, 1.2 ], 
							"rotationOrigin": [ -8.9, 2.0, -0.6 ],
							"rotationZ": -45.0,
							"faces": {
								"north": { "texture": "#blade", "uv": [ 10.5, 0.0, 12.5, 2.0 ] },
								"east": { "texture": "#blade", "uv": [ 4.0, 4.5, 5.5, 6.5 ] },
								"south": { "texture": "#blade", "uv": [ 8.5, 6.5, 10.5, 8.5 ] },
								"west": { "texture": "#blade", "uv": [ 3.0, 0.0, 4.5, 2.0 ] },
								"up": { "texture": "#blade", "uv": [ 5.0, 5.0, 7.0, 6.5 ] },
								"down": { "texture": "#blade", "uv": [ 12.5, 9.5, 14.5, 11.0 ] }
							}
						},
						{
							"name": "Cube24",
							"from": [ -7.7, -2.0, -0.2 ], 
							"to": [ -6.7, 6.0, 0.8 ], 
							"rotationOrigin": [ -7.7, -2.0, -0.2 ],
							"faces": {
								"north": { "texture": "#blade", "uv": [ 2.0, 6.0, 3.0, 14.0 ] },
								"east": { "texture": "#blade", "uv": [ 8.5, 1.0, 9.5, 9.0 ] },
								"south": { "texture": "#blade", "uv": [ 8.5, 3.5, 9.5, 11.5 ] },
								"west": { "texture": "#blade", "uv": [ 11.5, 0.0, 12.5, 8.0 ] },
								"up": { "texture": "#blade", "uv": [ 10.5, 7.0, 11.5, 8.0 ] },
								"down": { "texture": "#blade", "uv": [ 0.5, 3.0, 1.5, 4.0 ] }
							}
						},
						{
							"name": "Cube25",
							"from": [ -7.6, 5.8, -0.1 ], 
							"to": [ -6.8, 7.8, 0.7 ], 
							"rotationOrigin": [ -7.6, 5.8, -0.1 ],
							"rotationZ": 10.0,
							"faces": {
								"north": { "texture": "#blade", "uv": [ 4.0, 11.5, 4.5, 13.5 ] },
								"east": { "texture": "#blade", "uv": [ 14.0, 2.5, 14.5, 4.5 ] },
								"south": { "texture": "#blade", "uv": [ 8.0, 8.5, 8.5, 10.5 ] },
								"west": { "texture": "#blade", "uv": [ 13.0, 13.0, 13.5, 15.0 ] },
								"up": { "texture": "#blade", "uv": [ 9.0, 1.0, 9.5, 1.5 ] },
								"down": { "texture": "#blade", "uv": [ 13.0, 1.5, 13.5, 2.0 ] }
							}
						},
						{
							"name": "Cube26",
							"from": [ -7.6, -4.0, -0.1 ], 
							"to": [ -6.8, -2.0, 0.7 ], 
							"rotationOrigin": [ -7.6, -2.0, -0.1 ],
							"rotationZ": 10.0,
							"faces": {
								"north": { "texture": "#blade", "uv": [ 13.0, 4.0, 13.5, 6.0 ] },
								"east": { "texture": "#blade", "uv": [ 14.0, 8.5, 14.5, 10.5 ] },
								"south": { "texture": "#blade", "uv": [ 8.0, 11.0, 8.5, 13.0 ] },
								"west": { "texture": "#blade", "uv": [ 3.5, 7.5, 4.0, 9.5 ] },
								"up": { "texture": "#blade", "uv": [ 6.5, 15.0, 7.0, 15.5 ] },
								"down": { "texture": "#blade", "uv": [ 14.5, 2.0, 15.0, 2.5 ] }
							}
						},
						{
							"name": "Cube27",
							"from": [ -14.7, 0.9, -0.4 ], 
							"to": [ -7.7, 3.0, 1.0 ], 
							"rotationOrigin": [ -14.7, 0.9, -0.4 ],
							"faces": {
								"north": { "texture": "#handle", "uv": [ 4.5, 0.5, 11.5, 2.5 ] },
								"east": { "texture": "#handle", "uv": [ 11.5, 11.5, 12.5, 13.5 ] },
								"south": { "texture": "#handle", "uv": [ 3.5, 9.0, 10.5, 11.0 ] },
								"west": { "texture": "#handle", "uv": [ 0.0, 12.5, 1.0, 14.5 ] },
								"up": { "texture": "#handle", "uv": [ 2.5, 2.0, 9.5, 3.0 ] },
								"down": { "texture": "#handle", "uv": [ 8.0, 10.5, 15.0, 11.5 ] }
							}
						},
						{
							"name": "Cube29",
							"from": [ -14.6, 3.0, -0.3 ], 
							"to": [ -7.5, 3.3, 0.9 ], 
							"rotationOrigin": [ -14.6, 3.0, -0.3 ],
							"faces": {
								"north": { "texture": "#handle", "uv": [ 8.5, 9.5, 15.5, 10.0 ] },
								"east": { "texture": "#handle", "uv": [ 2.0, 11.5, 3.0, 12.0 ] },
								"south": { "texture": "#handle", "uv": [ 3.5, 7.0, 10.5, 7.5 ] },
								"west": { "texture": "#handle", "uv": [ 8.0, 1.0, 9.0, 1.5 ] },
								"up": { "texture": "#handle", "uv": [ 6.0, 3.0, 13.0, 4.0 ] },
								"down": { "texture": "#handle", "uv": [ 4.0, 14.5, 11.0, 15.5 ] }
							},
							"children": [
								{
									"name": "Cube35",
									"from": [ -2.3, 0.0, 0.1 ], 
									"to": [ 0.2, 0.3, 1.1 ], 
									"rotationOrigin": [ 0.2, 0.0, 0.1 ],
									"rotationZ": 20.0,
									"faces": {
										"north": { "texture": "#handle", "uv": [ 8.5, 10.0, 11.0, 10.5 ] },
										"east": { "texture": "#handle", "uv": [ 12.5, 12.5, 13.5, 13.0 ] },
										"south": { "texture": "#handle", "uv": [ 4.5, 4.0, 7.0, 4.5 ] },
										"west": { "texture": "#handle", "uv": [ 13.0, 5.0, 14.0, 5.5 ] },
										"up": { "texture": "#handle", "uv": [ 3.5, 10.5, 6.0, 11.5 ] },
										"down": { "texture": "#handle", "uv": [ 1.5, 10.0, 4.0, 11.0 ] }
									}
								}
							]
						},
						{
							"name": "Cube33",
							"from": [ -16.4, 0.9, -0.5 ], 
							"to": [ -14.1, 3.06, 1.1 ], 
							"rotationOrigin": [ -14.2, 0.9, -0.5 ],
							"rotationZ": 14.0,
							"faces": {
								"north": { "texture": "#handle", "uv": [ 10.0, 11.0, 12.0, 13.0 ] },
								"east": { "texture": "#handle", "uv": [ 9.0, 1.5, 10.5, 3.5 ] },
								"south": { "texture": "#handle", "uv": [ 5.0, 12.0, 7.0, 14.0 ] },
								"west": { "texture": "#handle", "uv": [ 5.5, 5.0, 7.0, 7.0 ] },
								"up": { "texture": "#handle", "uv": [ 1.0, 6.5, 3.0, 8.0 ] },
								"down": { "texture": "#handle", "uv": [ 6.0, 14.0, 8.0, 15.5 ] }
							},
							"children": [
								{
									"name": "Cube34",
									"from": [ -1.3, -0.21, 0.1 ], 
									"to": [ 0.1, 1.95, 1.5 ], 
									"rotationOrigin": [ -0.3, 1.9, 0.1 ],
									"rotationZ": 25.0,
									"faces": {
										"north": { "texture": "#handle", "uv": [ 9.5, 3.0, 10.5, 5.0 ] },
										"east": { "texture": "#handle", "uv": [ 8.5, 6.5, 9.5, 8.5 ] },
										"south": { "texture": "#handle", "uv": [ 9.5, 4.5, 10.5, 6.5 ] },
										"west": { "texture": "#handle", "uv": [ 13.5, 5.0, 14.5, 7.0 ] },
										"up": { "texture": "#handle", "uv": [ 14.0, 14.5, 15.0, 15.5 ] },
										"down": { "texture": "#handle", "uv": [ 1.0, 8.5, 2.0, 9.5 ] }
									}
								}
							]
						}
					]
				}
			]
		}
	]}