{
	"editor": {
		"allAngles": false,
		"entityTextureMode": false
	},
	"textureWidth": 64,
	"textureHeight": 64,
	"textureSizes": {
		"green": [64,64],
		"red": [64,64],
		"purpleheart": [16,16],
		"meteoriciron": [16,16]
	},
	"textures": {
		"color": "tonwexp:entity/shield/scutum/green",
		"wood": "game:block/wood/debarked/purpleheart",
		"metal": "game:item/tool/shield/metal/meteoriciron"
	},
	"elements": [
		{
			"name": "Base",
			"from": [ 8.0, 0.0, 8.0 ],
			"to": [ 8.0, 0.0, 8.0 ],
			"rotationOrigin": [ 8.0, 0.0, 8.0 ],
			"rotationY": -90.0,
			"rotationZ": -90.0,
			"faces": {
			},
			"children": [
				{
					"name": "Cube1",
					"from": [ -15.0, 0.0, -3.0 ],
					"to": [ 15.0, 0.5, 4.0 ],
					"rotationOrigin": [ -15.0, 0.0, -3.0 ],
					"faces": {
						"north": { "texture": "#color", "uv": [ 34.0, 60.5, 64.0, 61.0 ], "rotation": 180 },
						"east": { "texture": "#color", "uv": [ 31.0, 16.0, 31.5, 23.0 ], "rotation": 90 },
						"south": { "texture": "#color", "uv": [ 34.0, 60.0, 64.0, 60.5 ] },
						"west": { "texture": "#color", "uv": [ 0.5, 16.0, 1.0, 23.0 ], "rotation": 270 },
						"up": { "texture": "#color", "uv": [ 1.0, 16.0, 31.0, 23.0 ] },
						"down": { "texture": "#color", "uv": [ 31.5, 16.0, 61.5, 23.0 ] }
					}
				},
				{
					"name": "Cube3",
					"from": [ -15.0, 0.0, 4.0 ],
					"to": [ 15.0, 0.5, 7.0 ],
					"rotationOrigin": [ -15.0, 0.5, 4.0 ],
					"rotationX": 10.0,
					"faces": {
						"north": { "texture": "#color", "uv": [ 34.0, 61.0, 64.0, 61.5 ], "rotation": 180 },
						"east": { "texture": "#color", "uv": [ 31.0, 23.0, 31.5, 26.0 ], "rotation": 90 },
						"south": { "texture": "#color", "uv": [ 34.0, 61.5, 64.0, 62.0 ] },
						"west": { "texture": "#color", "uv": [ 0.5, 23.0, 1.0, 26.0 ], "rotation": 270 },
						"up": { "texture": "#color", "uv": [ 1.0, 23.0, 31.0, 26.0 ] },
						"down": { "texture": "#color", "uv": [ 31.5, 23.0, 61.5, 26.0 ] }
					},
					"children": [
						{
							"name": "Cube5",
							"from": [ 0.0, 0.0, 3.0 ],
							"to": [ 30.0, 0.5, 6.0 ],
							"rotationOrigin": [ 0.0, 0.5, 3.0 ],
							"rotationX": 10.0,
							"faces": {
								"east": { "texture": "#color", "uv": [ 31.0, 26.0, 31.5, 29.0 ], "rotation": 90 },
								"south": { "texture": "#color", "uv": [ 1.0, 29.0, 31.0, 29.5 ] },
								"up": { "texture": "#color", "uv": [ 1.0, 26.0, 31.0, 29.0 ] },
								"down": { "texture": "#color", "uv": [ 31.5, 26.0, 61.5, 29.0 ] }
							}
						}
					]
				},
				{
					"name": "Cube4",
					"from": [ -15.0, 0.0, -6.0 ],
					"to": [ 15.0, 0.5, -3.0 ],
					"rotationOrigin": [ -15.0, 0.5, -3.0 ],
					"rotationX": -10.0,
					"faces": {
						"north": { "texture": "#color", "uv": [ 34.0, 63.0, 64.0, 63.5 ], "rotation": 180 },
						"east": { "texture": "#color", "uv": [ 31.0, 13.0, 31.5, 16.0 ], "rotation": 90 },
						"south": { "texture": "#color", "uv": [ 34.0, 62.0, 64.0, 62.5 ] },
						"west": { "texture": "#color", "uv": [ 0.5, 13.0, 1.0, 16.0 ], "rotation": 270 },
						"up": { "texture": "#color", "uv": [ 1.0, 13.0, 31.0, 16.0 ] },
						"down": { "texture": "#color", "uv": [ 31.5, 13.0, 61.5, 16.0 ] }
					},
					"children": [
						{
							"name": "Cube6",
							"from": [ 0.0, 0.0, -3.0 ],
							"to": [ 30.0, 0.5, 0.0 ],
							"rotationOrigin": [ 0.0, 0.5, 0.0 ],
							"rotationX": -10.0,
							"faces": {
								"north": { "texture": "#color", "uv": [ 1.0, 9.5, 31.0, 10.0 ], "rotation": 180 },
								"east": { "texture": "#color", "uv": [ 31.0, 10.0, 31.5, 13.0 ], "rotation": 90 },
								"south": { "texture": "#color", "uv": [ 34.0, 63.5, 64.0, 64.0 ] },
								"west": { "texture": "#color", "uv": [ 0.5, 10.0, 1.0, 13.0 ], "rotation": 270 },
								"up": { "texture": "#color", "uv": [ 1.0, 10.0, 31.0, 13.0 ] },
								"down": { "texture": "#color", "uv": [ 31.5, 10.0, 61.5, 13.0 ] }
							}
						}
					]
				},
				{
					"name": "Cube7",
					"from": [ -4.0, 0.5, -2.5 ],
					"to": [ 4.0, 0.7, 3.5 ],
					"rotationOrigin": [ -4.0, 0.5, -2.5 ],
					"faces": {
						"north": { "texture": "#metal", "uv": [ 3.5, 7.0, 11.5, 7.5 ], "rotation": 180 },
						"east": { "texture": "#metal", "uv": [ 14.0, 5.0, 14.5, 11.0 ], "rotation": 90 },
						"south": { "texture": "#metal", "uv": [ 7.0, 9.5, 15.0, 10.0 ] },
						"west": { "texture": "#metal", "uv": [ 3.0, 4.5, 3.5, 10.5 ], "rotation": 270 },
						"up": { "texture": "#metal", "uv": [ 3.0, 4.5, 11.0, 10.5 ] },
						"down": { "texture": "#metal", "uv": [ 4.0, 4.0, 12.0, 10.0 ], "autoUv": false }
					}
				},
				{
					"name": "Cube8",
					"from": [ -1.5, 0.7, -1.0 ],
					"to": [ 1.5, 1.4, 2.0 ],
					"rotationOrigin": [ -1.5, 0.7, -1.0 ],
					"faces": {
						"north": { "texture": "#color", "uv": [ 12.0, 44.0, 15.0, 44.5 ], "rotation": 180 },
						"east": { "texture": "#color", "uv": [ 15.0, 44.5, 15.5, 47.5 ], "rotation": 90 },
						"south": { "texture": "#color", "uv": [ 12.0, 47.5, 15.0, 48.0 ] },
						"west": { "texture": "#color", "uv": [ 11.5, 44.5, 12.0, 47.5 ], "rotation": 270 },
						"up": { "texture": "#color", "uv": [ 12.0, 44.5, 15.0, 47.5 ] },
						"down": { "texture": "#color", "uv": [ 12.0, 38.5, 15.0, 41.5 ], "autoUv": false }
					}
				},
				{
					"name": "Cube9",
					"from": [ -1.2, 1.4, -0.7 ],
					"to": [ 1.2, 1.8, 1.7 ],
					"rotationOrigin": [ -1.2, 1.4, -0.7 ],
					"faces": {
						"north": { "texture": "#color", "uv": [ 12.5, 48.5, 14.5, 49.0 ], "rotation": 180 },
						"east": { "texture": "#color", "uv": [ 14.5, 49.0, 15.0, 51.0 ], "rotation": 90 },
						"south": { "texture": "#color", "uv": [ 12.5, 51.0, 14.5, 51.5 ] },
						"west": { "texture": "#color", "uv": [ 12.0, 49.0, 12.5, 51.0 ], "rotation": 270 },
						"up": { "texture": "#color", "uv": [ 12.5, 45.0, 14.5, 47.0 ], "autoUv": false },
						"down": { "texture": "#color", "uv": [ 13.0, 39.0, 15.0, 41.0 ] }
					}
				},
				{
					"name": "Cube10",
					"from": [ -3.0, -0.2, -2.5 ],
					"to": [ 3.0, 0.0, 3.5 ],
					"rotationOrigin": [ -3.0, -0.2, -2.5 ],
					"faces": {
						"north": { "texture": "#color", "uv": [ 10.5, 36.5, 16.5, 37.0 ] },
						"east": { "texture": "#color", "uv": [ 10.0, 37.0, 10.5, 43.0 ], "rotation": 90 },
						"south": { "texture": "#color", "uv": [ 10.5, 43.0, 16.5, 43.5 ], "rotation": 180 },
						"west": { "texture": "#color", "uv": [ 16.5, 37.0, 17.0, 43.0 ], "rotation": 270 },
						"up": { "texture": "#color", "uv": [ 10.0, 36.0, 16.0, 42.0 ], "autoUv": false },
						"down": { "texture": "#color", "uv": [ 10.5, 37.0, 16.5, 43.0 ] }
					}
				},
				{
					"name": "Cube12",
					"from": [ -16.0, 0.0, -3.0 ],
					"to": [ -15.0, 0.5, 4.0 ],
					"rotationOrigin": [ -16.0, 0.0, -3.0 ],
					"faces": {
						"north": { "texture": "#wood", "uv": [ 3.5, 3.5, 4.5, 4.0 ], "rotation": 180, "autoUv": false },
						"east": { "texture": "#wood", "uv": [ 12.0, 5.0, 12.5, 12.0 ], "rotation": 90 },
						"south": { "texture": "#wood", "uv": [ 12.5, 10.5, 13.5, 11.0 ] },
						"west": { "texture": "#wood", "uv": [ 7.0, 5.0, 7.5, 12.0 ], "rotation": 270 },
						"up": { "texture": "#wood", "uv": [ 8.5, 4.0, 9.5, 11.0 ] },
						"down": { "texture": "#wood", "uv": [ 10.5, 5.0, 11.5, 12.0 ], "autoUv": false }
					},
					"children": [
						{
							"name": "Cube14",
							"from": [ 0.0, -0.5209, -5.9544 ],
							"to": [ 1.0, -0.0209, -2.9544 ],
							"rotationOrigin": [ 0.0, -0.0209, -2.9544 ],
							"rotationX": -20.0,
							"faces": {
								"north": { "texture": "#wood", "uv": [ 1.0, 9.5, 2.0, 10.0 ], "rotation": 180 },
								"east": { "texture": "#wood", "uv": [ 11.0, 6.5, 11.5, 9.5 ], "rotation": 90 },
								"south": { "texture": "#wood", "uv": [ 10.0, 5.0, 11.0, 5.5 ] },
								"west": { "texture": "#wood", "uv": [ 0.5, 10.0, 1.0, 13.0 ], "rotation": 270 },
								"up": { "texture": "#wood", "uv": [ 1.0, 10.0, 2.0, 13.0 ] },
								"down": { "texture": "#wood", "uv": [ 10.5, 5.5, 11.5, 8.5 ], "autoUv": false }
							}
						},
						{
							"name": "Cube11",
							"from": [ 0.0, 0.0, -3.0 ],
							"to": [ 1.0, 0.5, 0.0 ],
							"rotationOrigin": [ 0.0, 0.5, 0.0 ],
							"rotationX": -10.0,
							"faces": {
								"north": { "texture": "#wood", "uv": [ 4.5, 6.0, 5.5, 6.5 ], "rotation": 180 },
								"east": { "texture": "#wood", "uv": [ 10.5, 5.5, 11.0, 8.5 ], "rotation": 90 },
								"south": { "texture": "#wood", "uv": [ 9.5, 6.0, 10.5, 6.5 ] },
								"west": { "texture": "#wood", "uv": [ 4.0, 8.5, 4.5, 11.5 ], "rotation": 270 },
								"up": { "texture": "#wood", "uv": [ 0.5, 11.5, 1.5, 14.5 ] },
								"down": { "texture": "#wood", "uv": [ 12.0, 5.0, 13.0, 8.0 ], "autoUv": false }
							}
						},
						{
							"name": "Cube13",
							"from": [ 0.0, 0.0, 7.0 ],
							"to": [ 1.0, 0.5, 10.0 ],
							"rotationOrigin": [ 0.0, 0.5, 7.0 ],
							"rotationX": 10.0,
							"faces": {
								"north": { "texture": "#wood", "uv": [ 6.0, 5.5, 7.0, 6.0 ], "rotation": 180 },
								"east": { "texture": "#wood", "uv": [ 14.0, 7.0, 14.5, 10.0 ], "rotation": 90 },
								"south": { "texture": "#wood", "uv": [ 11.0, 9.0, 12.0, 9.5 ] },
								"west": { "texture": "#wood", "uv": [ 6.5, 6.0, 7.0, 9.0 ], "rotation": 270 },
								"up": { "texture": "#wood", "uv": [ 7.0, 6.0, 8.0, 9.0 ] },
								"down": { "texture": "#wood", "uv": [ 13.5, 5.5, 14.5, 8.5 ], "autoUv": false }
							}
						},
						{
							"name": "Cube15",
							"from": [ 0.0, -0.5209, 9.9544 ],
							"to": [ 1.0, -0.0209, 12.9544 ],
							"rotationOrigin": [ 0.0, -0.0209, 9.9544 ],
							"rotationX": 20.0,
							"faces": {
								"north": { "texture": "#wood", "uv": [ 11.0, 10.5, 12.0, 11.0 ], "rotation": 180 },
								"east": { "texture": "#wood", "uv": [ 13.0, 6.0, 13.5, 9.0 ], "rotation": 90 },
								"south": { "texture": "#wood", "uv": [ 6.0, 6.5, 7.0, 7.0 ] },
								"west": { "texture": "#wood", "uv": [ 6.0, 6.0, 6.5, 9.0 ], "rotation": 270 },
								"up": { "texture": "#wood", "uv": [ 5.0, 7.0, 6.0, 10.0 ] },
								"down": { "texture": "#wood", "uv": [ 10.5, 6.5, 11.5, 9.5 ], "autoUv": false }
							}
						},
						{
							"name": "Cube16",
							"from": [ 0.0, -1.5419, 12.9088 ],
							"to": [ 32.0, -1.0419, 13.4088 ],
							"rotationOrigin": [ 0.0, -0.5419, 12.9088 ],
							"rotationX": 20.0,
							"faces": {
								"north": { "texture": "#wood", "uv": [ 1.0, 0.0, 2.5, 16.0 ], "rotation": 90, "autoUv": false },
								"east": { "texture": "#wood", "uv": [ 12.5, 9.5, 13.0, 10.0 ], "rotation": 90 },
								"south": { "texture": "#wood", "uv": [ 0.0, 0.0, 2.0, 16.0 ], "rotation": 90, "autoUv": false },
								"west": { "texture": "#wood", "uv": [ 3.5, 6.5, 4.0, 7.0 ], "rotation": 270 },
								"up": { "texture": "#wood", "uv": [ 4.0, 0.0, 5.0, 16.0 ], "rotation": 90, "autoUv": false },
								"down": { "texture": "#wood", "uv": [ 6.0, 0.0, 7.0, 16.0 ], "rotation": 90, "autoUv": false }
							}
						},
						{
							"name": "Cube17",
							"from": [ 0.0, -0.15, -6.25 ],
							"to": [ 32.0, 0.35, -5.75 ],
							"rotationOrigin": [ 0.0, -0.2946, -1.84 ],
							"rotationX": -20.0,
							"faces": {
								"north": { "texture": "#wood", "uv": [ 1.0, 0.0, 2.0, 16.0 ], "rotation": 90, "autoUv": false },
								"east": { "texture": "#wood", "uv": [ 12.5, 5.0, 13.0, 5.5 ], "rotation": 90 },
								"south": { "texture": "#wood", "uv": [ 8.0, 0.0, 10.0, 16.0 ], "rotation": 90, "autoUv": false },
								"west": { "texture": "#wood", "uv": [ 6.5, 6.5, 7.0, 7.0 ], "rotation": 270 },
								"up": { "texture": "#wood", "uv": [ 4.0, 0.0, 6.0, 16.0 ], "rotation": 90, "autoUv": false },
								"down": { "texture": "#wood", "uv": [ 3.0, 0.0, 5.0, 16.0 ], "autoUv": false }
							}
						}
					]
				},
				{
					"name": "Cube18",
					"from": [ 15.0, 0.0, -3.0 ],
					"to": [ 16.0, 0.5, 4.0 ],
					"rotationOrigin": [ 15.0, 0.0, -3.0 ],
					"faces": {
						"north": { "texture": "#wood", "uv": [ 3.5, 3.5, 4.5, 4.0 ], "rotation": 180, "autoUv": false },
						"east": { "texture": "#wood", "uv": [ 12.0, 5.0, 12.5, 12.0 ], "rotation": 90 },
						"south": { "texture": "#wood", "uv": [ 12.5, 10.5, 13.5, 11.0 ] },
						"west": { "texture": "#wood", "uv": [ 7.0, 5.0, 7.5, 12.0 ], "rotation": 270 },
						"up": { "texture": "#wood", "uv": [ 8.5, 4.0, 9.5, 11.0 ] },
						"down": { "texture": "#wood", "uv": [ 10.5, 5.0, 11.5, 12.0 ], "autoUv": false }
					},
					"children": [
						{
							"name": "Cube19",
							"from": [ 0.0, -0.5209, -5.9544 ],
							"to": [ 1.0, -0.0209, -2.9544 ],
							"rotationOrigin": [ 0.0, -0.0209, -2.9544 ],
							"rotationX": -20.0,
							"faces": {
								"north": { "texture": "#wood", "uv": [ 1.0, 9.5, 2.0, 10.0 ], "rotation": 180 },
								"east": { "texture": "#wood", "uv": [ 11.0, 6.5, 11.5, 9.5 ], "rotation": 90 },
								"south": { "texture": "#wood", "uv": [ 10.0, 5.0, 11.0, 5.5 ] },
								"west": { "texture": "#wood", "uv": [ 0.5, 10.0, 1.0, 13.0 ], "rotation": 270 },
								"up": { "texture": "#wood", "uv": [ 1.0, 10.0, 2.0, 13.0 ] },
								"down": { "texture": "#wood", "uv": [ 10.5, 5.5, 11.5, 8.5 ], "autoUv": false }
							}
						},
						{
							"name": "Cube20",
							"from": [ 0.0, 0.0, -3.0 ],
							"to": [ 1.0, 0.5, 0.0 ],
							"rotationOrigin": [ 0.0, 0.5, 0.0 ],
							"rotationX": -10.0,
							"faces": {
								"north": { "texture": "#wood", "uv": [ 4.5, 6.0, 5.5, 6.5 ], "rotation": 180 },
								"east": { "texture": "#wood", "uv": [ 10.5, 5.5, 11.0, 8.5 ], "rotation": 90 },
								"south": { "texture": "#wood", "uv": [ 9.5, 6.0, 10.5, 6.5 ] },
								"west": { "texture": "#wood", "uv": [ 4.0, 8.5, 4.5, 11.5 ], "rotation": 270 },
								"up": { "texture": "#wood", "uv": [ 0.5, 11.5, 1.5, 14.5 ] },
								"down": { "texture": "#wood", "uv": [ 12.0, 5.0, 13.0, 8.0 ], "autoUv": false }
							}
						},
						{
							"name": "Cube21",
							"from": [ 0.0, 0.0, 7.0 ],
							"to": [ 1.0, 0.5, 10.0 ],
							"rotationOrigin": [ 0.0, 0.5, 7.0 ],
							"rotationX": 10.0,
							"faces": {
								"north": { "texture": "#wood", "uv": [ 6.0, 5.5, 7.0, 6.0 ], "rotation": 180 },
								"east": { "texture": "#wood", "uv": [ 14.0, 7.0, 14.5, 10.0 ], "rotation": 90 },
								"south": { "texture": "#wood", "uv": [ 11.0, 9.0, 12.0, 9.5 ] },
								"west": { "texture": "#wood", "uv": [ 6.5, 6.0, 7.0, 9.0 ], "rotation": 270 },
								"up": { "texture": "#wood", "uv": [ 7.0, 6.0, 8.0, 9.0 ] },
								"down": { "texture": "#wood", "uv": [ 13.5, 5.5, 14.5, 8.5 ], "autoUv": false }
							}
						},
						{
							"name": "Cube22",
							"from": [ 0.0, -0.5209, 9.9544 ],
							"to": [ 1.0, -0.0209, 12.9544 ],
							"rotationOrigin": [ 0.0, -0.0209, 9.9544 ],
							"rotationX": 20.0,
							"faces": {
								"north": { "texture": "#wood", "uv": [ 11.0, 10.5, 12.0, 11.0 ], "rotation": 180 },
								"east": { "texture": "#wood", "uv": [ 13.0, 6.0, 13.5, 9.0 ], "rotation": 90 },
								"south": { "texture": "#wood", "uv": [ 6.0, 6.5, 7.0, 7.0 ] },
								"west": { "texture": "#wood", "uv": [ 6.0, 6.0, 6.5, 9.0 ], "rotation": 270 },
								"up": { "texture": "#wood", "uv": [ 5.0, 7.0, 6.0, 10.0 ] },
								"down": { "texture": "#wood", "uv": [ 10.5, 6.5, 11.5, 9.5 ], "autoUv": false }
							}
						}
					]
				}
			]
		}
	]}