{
	"editor": {
		"allAngles": false,
		"entityTextureMode": false
	},
	"textureWidth": 16,
	"textureHeight": 16,
	"textureSizes": {
	},
	"textures": {
		"handle": "game:block/wood-generic",
		"blade": "game:block/metal/ingot/steel"
	},
	"elements": [
		{
			"name": "origin",
			"from": [ 8.0, 0.0, 8.0 ], 
			"to": [ 8.0, 0.0, 8.0 ], 
			"rotationOrigin": [ 8.0, 0.0, 8.0 ],
			"faces": {
				"north": { "texture": "#blade", "uv": [ 11.0, 4.5, 11.5, 5.0 ] },
				"east": { "texture": "#blade", "uv": [ 12.0, 3.0, 12.5, 3.5 ] },
				"south": { "texture": "#blade", "uv": [ 5.5, 5.5, 6.0, 6.0 ] },
				"west": { "texture": "#blade", "uv": [ 15.0, 8.0, 15.5, 8.5 ] },
				"up": { "texture": "#blade", "uv": [ 1.0, 11.0, 1.5, 11.5 ] },
				"down": { "texture": "#blade", "uv": [ 12.5, 14.5, 13.0, 15.0 ] }
			},
			"children": [
				{
					"name": "Handle",
					"from": [ 0.0, 0.0, 0.0 ], 
					"to": [ 0.0, 0.0, 0.0 ], 
					"faces": {
						"north": { "texture": "#null", "uv": [ 5.0, 6.0, 5.5, 6.5 ] },
						"east": { "texture": "#null", "uv": [ 10.0, 6.0, 10.5, 6.5 ] },
						"south": { "texture": "#null", "uv": [ 12.0, 2.0, 12.5, 2.5 ] },
						"west": { "texture": "#null", "uv": [ 1.5, 13.0, 2.0, 13.5 ] },
						"up": { "texture": "#null", "uv": [ 4.5, 5.0, 5.0, 5.5 ] },
						"down": { "texture": "#null", "uv": [ 8.5, 8.0, 9.0, 8.5 ] }
					},
					"children": [
						{
							"name": "Cube12",
							"from": [ -2.4, -0.5, -0.7 ], 
							"to": [ -2.0, 1.7, 1.0 ], 
							"rotationOrigin": [ -2.4, -0.5, -0.7 ],
							"faces": {
								"north": { "texture": "#blade", "uv": [ 12.0, 10.5, 12.5, 12.5 ] },
								"east": { "texture": "#blade", "uv": [ 5.0, 1.5, 6.5, 3.5 ] },
								"south": { "texture": "#blade", "uv": [ 2.5, 10.0, 3.0, 12.0 ] },
								"west": { "texture": "#blade", "uv": [ 12.0, 8.0, 13.5, 10.0 ] },
								"up": { "texture": "#blade", "uv": [ 9.5, 1.0, 10.0, 2.5 ] },
								"down": { "texture": "#blade", "uv": [ 10.5, 12.5, 11.0, 14.0 ] }
							}
						},
						{
							"name": "Cube13",
							"from": [ -7.4, -0.3, -0.6 ], 
							"to": [ -2.4, 1.6, 0.9 ], 
							"rotationOrigin": [ -7.4, -0.3, -0.6 ],
							"faces": {
								"north": { "texture": "#handle", "uv": [ 3.5, 14.0, 8.5, 15.5 ] },
								"east": { "texture": "#handle", "uv": [ 14.0, 4.0, 15.5, 5.5 ] },
								"south": { "texture": "#handle", "uv": [ 6.5, 0.0, 11.5, 1.5 ] },
								"west": { "texture": "#handle", "uv": [ 10.0, 8.0, 11.5, 9.5 ] },
								"up": { "texture": "#handle", "uv": [ 2.5, 4.0, 7.5, 5.5 ] },
								"down": { "texture": "#handle", "uv": [ 3.0, 5.0, 8.0, 6.5 ] }
							}
						},
						{
							"name": "Cube14",
							"from": [ -7.4, -0.3, -0.5 ], 
							"to": [ -4.4, 0.7, 0.8 ], 
							"rotationOrigin": [ -4.4, -0.3, -0.5 ],
							"rotationZ": 6.0,
							"faces": {
								"north": { "texture": "#handle", "uv": [ 12.0, 13.0, 15.0, 14.0 ] },
								"east": { "texture": "#handle", "uv": [ 8.5, 9.0, 9.5, 10.0 ] },
								"south": { "texture": "#handle", "uv": [ 4.0, 5.0, 7.0, 6.0 ] },
								"west": { "texture": "#handle", "uv": [ 3.5, 11.0, 4.5, 12.0 ] },
								"up": { "texture": "#handle", "uv": [ 3.5, 13.5, 6.5, 14.5 ] },
								"down": { "texture": "#handle", "uv": [ 2.5, 2.0, 5.5, 3.0 ] }
							}
						},
						{
							"name": "Cube15",
							"from": [ -7.8, -0.5, -0.7 ], 
							"to": [ -7.4, 1.7, 1.0 ], 
							"rotationOrigin": [ -7.8, -0.5, -0.7 ],
							"faces": {
								"north": { "texture": "#blade", "uv": [ 5.0, 5.0, 5.5, 7.0 ] },
								"east": { "texture": "#blade", "uv": [ 7.5, 10.5, 9.0, 12.5 ] },
								"south": { "texture": "#blade", "uv": [ 4.0, 2.0, 4.5, 4.0 ] },
								"west": { "texture": "#blade", "uv": [ 8.0, 7.5, 9.5, 9.5 ] },
								"up": { "texture": "#blade", "uv": [ 4.5, 6.0, 5.0, 7.5 ] },
								"down": { "texture": "#blade", "uv": [ 2.0, 8.5, 2.5, 10.0 ] }
							}
						},
						{
							"name": "Cube16",
							"from": [ -7.8, -0.8, -0.6 ], 
							"to": [ -7.4, -0.5, 0.9 ], 
							"rotationOrigin": [ -7.8, -0.5, -0.6 ],
							"rotationZ": 6.0,
							"faces": {
								"north": { "texture": "#blade", "uv": [ 12.5, 8.5, 13.0, 9.0 ] },
								"east": { "texture": "#blade", "uv": [ 5.0, 8.0, 6.5, 8.5 ] },
								"south": { "texture": "#blade", "uv": [ 8.5, 11.5, 9.0, 12.0 ] },
								"west": { "texture": "#blade", "uv": [ 0.0, 15.0, 1.5, 15.5 ] },
								"up": { "texture": "#blade", "uv": [ 8.5, 13.5, 9.0, 15.0 ] },
								"down": { "texture": "#blade", "uv": [ 6.5, 7.5, 7.0, 9.0 ] }
							}
						},
						{
							"name": "Cube17",
							"from": [ -8.3, 0.5, -0.4 ], 
							"to": [ -7.8, 1.5, 0.7 ], 
							"rotationOrigin": [ -8.3, 0.5, -0.4 ],
							"faces": {
								"north": { "texture": "#blade", "uv": [ 2.5, 3.0, 3.0, 4.0 ] },
								"east": { "texture": "#blade", "uv": [ 7.0, 11.0, 8.0, 12.0 ] },
								"south": { "texture": "#blade", "uv": [ 5.5, 2.5, 6.0, 3.5 ] },
								"west": { "texture": "#blade", "uv": [ 8.0, 4.5, 9.0, 5.5 ] },
								"up": { "texture": "#blade", "uv": [ 13.5, 5.5, 14.0, 6.5 ] },
								"down": { "texture": "#blade", "uv": [ 9.5, 0.0, 10.0, 1.0 ] }
							}
						},
						{
							"name": "Cube18",
							"from": [ -8.1, -0.6, -0.2 ], 
							"to": [ -7.6, 0.6, 0.5 ], 
							"rotationOrigin": [ -8.1, -0.6, -0.2 ],
							"rotationZ": 4.0,
							"faces": {
								"north": { "texture": "#blade", "uv": [ 2.5, 3.0, 3.0, 4.0 ] },
								"east": { "texture": "#blade", "uv": [ 7.0, 11.0, 7.5, 12.0 ] },
								"south": { "texture": "#blade", "uv": [ 5.5, 2.5, 6.0, 3.5 ] },
								"west": { "texture": "#blade", "uv": [ 8.0, 4.5, 8.5, 5.5 ] },
								"up": { "texture": "#blade", "uv": [ 13.5, 5.5, 14.0, 6.0 ] },
								"down": { "texture": "#blade", "uv": [ 9.5, 0.0, 10.0, 0.5 ] }
							}
						},
						{
							"name": "Cube19",
							"from": [ -8.4, 0.9, -0.5 ], 
							"to": [ -8.0, 1.3, 0.8 ], 
							"rotationOrigin": [ -8.4, 0.9, -0.5 ],
							"faces": {
								"north": { "texture": "#blade", "uv": [ 2.5, 3.0, 3.0, 3.5 ] },
								"east": { "texture": "#blade", "uv": [ 7.0, 11.0, 8.0, 11.5 ] },
								"south": { "texture": "#blade", "uv": [ 5.5, 2.5, 6.0, 3.0 ] },
								"west": { "texture": "#blade", "uv": [ 8.0, 4.5, 9.0, 5.0 ] },
								"up": { "texture": "#blade", "uv": [ 13.5, 5.5, 14.0, 6.5 ] },
								"down": { "texture": "#blade", "uv": [ 9.5, 0.0, 10.0, 1.0 ] }
							}
						},
						{
							"name": "Cube20",
							"from": [ -8.35, 0.95, -0.9 ], 
							"to": [ -8.05, 1.25, 1.2 ], 
							"rotationOrigin": [ -8.3, 0.9, -0.9 ],
							"faces": {
								"north": { "texture": "#blade", "uv": [ 3.5, 2.0, 4.0, 2.5 ] },
								"east": { "texture": "#blade", "uv": [ 4.0, 15.0, 6.0, 15.5 ] },
								"south": { "texture": "#blade", "uv": [ 4.5, 1.5, 5.0, 2.0 ] },
								"west": { "texture": "#blade", "uv": [ 8.0, 0.5, 10.0, 1.0 ] },
								"up": { "texture": "#blade", "uv": [ 4.5, 0.5, 5.0, 2.5 ] },
								"down": { "texture": "#blade", "uv": [ 5.5, 13.5, 6.0, 15.5 ] }
							}
						},
						{
							"name": "Cube21",
							"from": [ -8.3, 0.95, 1.0 ], 
							"to": [ -8.1, 1.25, 1.5 ], 
							"rotationOrigin": [ -8.3, 0.9, 1.0 ],
							"rotationX": 30.0,
							"faces": {
								"north": { "texture": "#blade", "uv": [ 4.5, 1.5, 5.0, 2.0 ] },
								"east": { "texture": "#blade", "uv": [ 6.0, 15.0, 6.5, 15.5 ] },
								"south": { "texture": "#blade", "uv": [ 5.0, 1.0, 5.5, 1.5 ] },
								"west": { "texture": "#blade", "uv": [ 8.5, 0.5, 9.0, 1.0 ] },
								"up": { "texture": "#blade", "uv": [ 4.5, 1.0, 5.0, 1.5 ] },
								"down": { "texture": "#blade", "uv": [ 9.0, 0.5, 9.5, 1.0 ] }
							}
						},
						{
							"name": "Cube22",
							"from": [ -8.3, 0.95, -1.2 ], 
							"to": [ -8.1, 1.25, -0.7 ], 
							"rotationOrigin": [ -8.3, 0.9, -0.7 ],
							"rotationX": -30.0,
							"faces": {
								"north": { "texture": "#blade", "uv": [ 3.5, 1.5, 4.0, 2.0 ] },
								"east": { "texture": "#blade", "uv": [ 6.0, 15.0, 6.5, 15.5 ] },
								"south": { "texture": "#blade", "uv": [ 4.0, 1.0, 4.5, 1.5 ] },
								"west": { "texture": "#blade", "uv": [ 5.0, 15.0, 5.5, 15.5 ] },
								"up": { "texture": "#blade", "uv": [ 13.5, 5.5, 14.0, 6.0 ] },
								"down": { "texture": "#blade", "uv": [ 9.0, 0.5, 9.5, 1.0 ] }
							}
						},
						{
							"name": "Cube23",
							"from": [ -5.9, 0.2, -0.7 ], 
							"to": [ -5.3, 0.8, 1.0 ], 
							"rotationOrigin": [ -5.9, 0.2, -0.7 ],
							"rotationZ": 45.0,
							"faces": {
								"north": { "texture": "#blade", "uv": [ 5.0, 5.0, 5.5, 5.5 ] },
								"east": { "texture": "#blade", "uv": [ 3.0, 1.0, 4.5, 1.5 ] },
								"south": { "texture": "#blade", "uv": [ 8.5, 6.0, 9.0, 6.5 ] },
								"west": { "texture": "#blade", "uv": [ 3.5, 1.5, 5.0, 2.0 ] },
								"up": { "texture": "#blade", "uv": [ 4.5, 1.0, 5.0, 2.5 ] },
								"down": { "texture": "#blade", "uv": [ 4.5, 0.5, 5.0, 2.0 ] }
							}
						}
					]
				},
				{
					"name": "Blade",
					"from": [ 0.0, 0.0, 0.0 ], 
					"to": [ 0.0, 0.0, 0.0 ], 
					"faces": {
						"north": { "texture": "#blade", "uv": [ 5.5, 12.5, 6.0, 13.0 ] },
						"east": { "texture": "#blade", "uv": [ 1.0, 9.0, 1.5, 9.5 ] },
						"south": { "texture": "#blade", "uv": [ 13.0, 1.5, 13.5, 2.0 ] },
						"west": { "texture": "#blade", "uv": [ 11.5, 7.0, 12.0, 7.5 ] },
						"up": { "texture": "#blade", "uv": [ 13.5, 6.5, 14.0, 7.0 ] },
						"down": { "texture": "#blade", "uv": [ 15.0, 6.0, 15.5, 6.5 ] }
					},
					"children": [
						{
							"name": "Cube1",
							"from": [ -2.0, 0.0, 0.0 ], 
							"to": [ 10.0, 1.6, 0.3 ], 
							"rotationOrigin": [ -2.0, 0.0, 0.0 ],
							"faces": {
								"north": { "texture": "#blade", "uv": [ 2.5, 11.0, 14.5, 12.5 ] },
								"east": { "texture": "#blade", "uv": [ 5.0, 2.0, 5.5, 3.5 ] },
								"south": { "texture": "#blade", "uv": [ 2.0, 5.0, 14.0, 6.5 ] },
								"west": { "texture": "#blade", "uv": [ 7.0, 13.0, 7.5, 14.5 ] },
								"up": { "texture": "#blade", "uv": [ 1.5, 7.5, 13.5, 8.0 ] },
								"down": { "texture": "#blade", "uv": [ 2.5, 1.5, 14.5, 2.0 ] }
							},
							"children": [
								{
									"name": "Cube5",
									"from": [ 0.0, -0.4, 0.1 ], 
									"to": [ 12.0, 0.2, 0.2 ], 
									"rotationOrigin": [ 0.0, -0.4, 0.1 ],
									"faces": {
										"north": { "texture": "#blade", "uv": [ 0.5, 1.0, 12.5, 1.5 ] },
										"east": { "texture": "#blade", "uv": [ 8.0, 14.0, 8.5, 14.5 ] },
										"south": { "texture": "#blade", "uv": [ 2.0, 12.0, 14.0, 12.5 ] },
										"west": { "texture": "#blade", "uv": [ 10.0, 7.5, 10.5, 8.0 ] },
										"up": { "texture": "#blade", "uv": [ 2.0, 5.5, 14.0, 6.0 ] },
										"down": { "texture": "#blade", "uv": [ 2.5, 14.0, 14.5, 14.5 ] }
									}
								}
							]
						},
						{
							"name": "Cube6",
							"from": [ 10.0, 0.3, 0.0 ], 
							"to": [ 12.5, 1.6, 0.3 ], 
							"rotationOrigin": [ 10.0, 0.3, 0.0 ],
							"faces": {
								"north": { "texture": "#blade", "uv": [ 7.0, 14.5, 9.5, 15.5 ] },
								"east": { "texture": "#blade", "uv": [ 14.5, 14.0, 15.0, 15.0 ] },
								"south": { "texture": "#blade", "uv": [ 12.5, 14.5, 15.0, 15.5 ] },
								"west": { "texture": "#blade", "uv": [ 7.5, 10.5, 8.0, 11.5 ] },
								"up": { "texture": "#blade", "uv": [ 11.0, 5.0, 13.5, 5.5 ] },
								"down": { "texture": "#blade", "uv": [ 4.5, 7.5, 7.0, 8.0 ] }
							},
							"children": [
								{
									"name": "Cube7",
									"from": [ 0.0, -0.4, 0.1 ], 
									"to": [ 2.5, 0.4, 0.2 ], 
									"rotationOrigin": [ 0.0, -0.4, 0.1 ],
									"faces": {
										"north": { "texture": "#blade", "uv": [ 6.5, 10.0, 9.0, 10.5 ] },
										"east": { "texture": "#blade", "uv": [ 10.0, 10.5, 10.5, 11.0 ] },
										"south": { "texture": "#blade", "uv": [ 13.0, 9.5, 15.5, 10.0 ] },
										"west": { "texture": "#blade", "uv": [ 2.5, 2.0, 3.0, 2.5 ] },
										"up": { "texture": "#blade", "uv": [ 7.0, 8.0, 9.5, 8.5 ] },
										"down": { "texture": "#blade", "uv": [ 11.5, 0.0, 14.0, 0.5 ] }
									}
								}
							]
						},
						{
							"name": "Cube8",
							"from": [ 12.5, 0.7, 0.0 ], 
							"to": [ 14.0, 1.6, 0.3 ], 
							"rotationOrigin": [ 12.5, 0.7, 0.0 ],
							"faces": {
								"north": { "texture": "#blade", "uv": [ 10.5, 5.0, 12.0, 5.5 ] },
								"east": { "texture": "#blade", "uv": [ 13.5, 8.5, 14.0, 9.0 ] },
								"south": { "texture": "#blade", "uv": [ 11.0, 5.0, 12.5, 5.5 ] },
								"west": { "texture": "#blade", "uv": [ 8.5, 14.0, 9.0, 14.5 ] },
								"up": { "texture": "#blade", "uv": [ 3.0, 0.5, 4.5, 1.0 ] },
								"down": { "texture": "#blade", "uv": [ 13.5, 1.0, 15.0, 1.5 ] }
							},
							"children": [
								{
									"name": "Cube9",
									"from": [ 0.0, -0.4, 0.1 ], 
									"to": [ 1.5, 0.4, 0.2 ], 
									"rotationOrigin": [ 0.0, -0.4, 0.1 ],
									"faces": {
										"north": { "texture": "#blade", "uv": [ 7.0, 9.0, 8.5, 9.5 ] },
										"east": { "texture": "#blade", "uv": [ 15.0, 3.5, 15.5, 4.0 ] },
										"south": { "texture": "#blade", "uv": [ 8.5, 5.5, 10.0, 6.0 ] },
										"west": { "texture": "#blade", "uv": [ 2.0, 4.0, 2.5, 4.5 ] },
										"up": { "texture": "#blade", "uv": [ 7.5, 11.5, 9.0, 12.0 ] },
										"down": { "texture": "#blade", "uv": [ 13.0, 4.5, 14.5, 5.0 ] }
									}
								},
								{
									"name": "Cube10",
									"from": [ 1.5, -0.1, 0.1 ], 
									"to": [ 1.8, 0.9, 0.2 ], 
									"rotationOrigin": [ 1.5, -0.1, 0.1 ],
									"faces": {
										"north": { "texture": "#blade", "uv": [ 10.5, 5.0, 11.0, 6.0 ] },
										"east": { "texture": "#blade", "uv": [ 2.0, 4.5, 2.5, 5.5 ] },
										"south": { "texture": "#blade", "uv": [ 7.0, 2.0, 7.5, 3.0 ] },
										"west": { "texture": "#blade", "uv": [ 15.0, 2.5, 15.5, 3.5 ] },
										"up": { "texture": "#blade", "uv": [ 6.0, 13.5, 6.5, 14.0 ] },
										"down": { "texture": "#blade", "uv": [ 9.0, 4.5, 9.5, 5.0 ] }
									}
								}
							]
						},
						{
							"name": "Cube11",
							"from": [ -6.0, 0.1, 0.0 ], 
							"to": [ -2.0, 1.1, 0.3 ], 
							"rotationOrigin": [ -6.0, 0.1, 0.0 ],
							"faces": {
								"north": { "texture": "#blade", "uv": [ 7.0, 10.5, 11.0, 11.5 ] },
								"east": { "texture": "#blade", "uv": [ 0.0, 7.5, 0.5, 8.5 ] },
								"south": { "texture": "#blade", "uv": [ 0.5, 13.0, 4.5, 14.0 ] },
								"west": { "texture": "#blade", "uv": [ 9.0, 1.0, 9.5, 2.0 ] },
								"up": { "texture": "#blade", "uv": [ 8.5, 13.0, 12.5, 13.5 ] },
								"down": { "texture": "#blade", "uv": [ 10.0, 9.0, 14.0, 9.5 ] }
							}
						}
					]
				}
			]
		}
	]}