{
    "code": "axe",
    "tool": "sword",
    "creativeinventory": { "general": ["*"], "tools": ["*"], "tonwexp": ["*"] },
    "variantgroups": [{ "code": "metal", "states": ["iron", "meteoriciron", "steel"] }],
    "behaviors": [
        {
            "name": "GroundStorable",
            "properties": {
                "layout": "WallHalves",
                "wallOffY": 2,
                "sprintKey": true,
                "selectionBox": { "x1": 0, "y1": 0, "z1": 0, "x2": 1, "y2": 0.1, "z2": 1 },
                "collisionBox": { "x1": 0, "y1": 0, "z1": 0, "x2": 0, "y2": 0, "z2": 0 }
            }
        },
        { "name": "AnimationAuthoritative" }
    ],
    "shapeByType": {
        "*-iron": { "base": "tonwexp:item/axeiron" },
        "*-meteoriciron": { "base": "tonwexp:item/axemeteoric" },
        "*-steel": { "base": "tonwexp:item/axesteel" }
    },
    "texturesByType": {
        "metal": { "base": "game:block/metal/ingot/{metal}" }
    },

    "maxstacksize": 1,
    "heldTpHitAnimation": "falx",
    "attackRange": 2.8,
    "attackpowerByType": {
        "*-iron": 5.4,
        "*-meteoriciron": 5.8,
        "*-steel": 6
    },
    "durabilityByType": {
        "*-iron": 1100,
        "*-meteoriciron": 1400,
        "*-steel": 3000
    },
    "tooltierByType": {
        "*-iron": 4,
        "*-meteoriciron": 5,
        "*-steel": 5
    },
    "miningspeedbytype": {
        "*-iron": {
            "wood": 6,
            "leaves": 4
        },
        "*-meteoriciron": {
            "wood": 6.5,
            "leaves": 4.5
        },
        "*-steel": {
            "wood": 7,
            "leaves": 5
        }
    },
    "damagedBy": ["attacking", "blockbreaking"],

    "guiTransform": {
        "translation": { "x": 6, "y": 4, "z": 0 },
        "rotation": { "x": 25, "y": 37, "z": -47 },
        "origin": { "x": 1.6, "y": 0, "z": 0 },
        "scale": 0.9
    },
    "fpHandTransform": {
        "translation": { "x": 0.85, "y": -0.6, "z": -0.77 },
        "rotation": { "x": -170, "y": 85, "z": -89 },
        "origin": { "x": 0, "y": 0, "z": 0 },
        "scale": 2.3
    },
    "tpHandTransform": {
        "translation": { "x": -1.03, "y": 0, "z": 0.54 },
        "rotation": { "x": 0, "y": 0, "z": 0 },
        "origin": { "x": 0, "y": 0, "z": 0 },
        "scale": 0.3
    },

    "groundTransform": {
        "translation": { "x": 0, "y": -0.15, "z": 0 },
        "rotation": { "x": -90, "y": 0, "z": 0 },
        "origin": { "x": 0, "y": 0, "z": 0 },
        "scale": 1.6
    },

    "attributes": {
        "sharpenable": true,
        "onGrindstoneTransform": {
            "translation": { "x": 0.1, "y": 0.3, "z": 0.33 },
            "rotation": { "x": 150, "y": 0, "z": 5 },
            "origin": { "x": 0.5, "y": 0.1, "z": 0.5 },
            "scale": 0.3
        },
        "handbook": {
            "groupBy": ["axe-*"]
        },
        "toolrackTransform": {
            "translation": { "x": 0.2, "y": 0.2, "z": 0.63 },
            "rotation": { "x": -90, "y": 0, "z": 20 },
            "origin": { "x": 0, "y": 0, "z": 0 },
            "scale": 0.54
        },
        "groundStorageTransform": {
            "translation": { "x": 0.36, "y": 0.31, "z": 0.41 },
            "rotation": { "x": 16, "y": 0, "z": -90 },
            "origin": { "x": 0, "y": 0, "z": 0 },
            "scale": 0.6
        }
    }
}
