{
    "code": "bages",
    "tool": "sword",
    "creativeinventory": { "general": ["*"], "tools": ["*"], "tonwexp": ["*"] },
    "variantgroups": [{ "code": "metal", "states": ["copper", "tinbronze", "bismuthbronze", "blackbronze"] }],
    "behaviors": [
        {
            "name": "GroundStorable",
            "properties": {
                "layout": "WallHalves",
                "wallOffY": 2,
                "sprintKey": true,
                "selectionBox": { "x1": 0, "y1": 0, "z1": 0, "x2": 1, "y2": 0.1, "z2": 1 },
                "collisionBox": { "x1": 0, "y1": 0, "z1": 0, "x2": 0, "y2": 0, "z2": 0 }
            }
        },
        { "name": "AnimationAuthoritative" }
    ],
    "shapeByType": {
        "*-copper": { "base": "tonwexp:item/bagescop" },
        "*-tinbronze": { "base": "tonwexp:item/bagesbro" },
        "*-bismuthbronze": { "base": "tonwexp:item/bagesbismu" },
        "*-blackbronze": { "base": "tonwexp:item/bagesblack" }
    },
    "texturesByType": {
        "*": { "metal": { "base": "game:block/metal/ingot/{metal}" } }
    },
    "maxstacksize": 1,

    "heldTpHitAnimation": "falx",

    "attackRange": 2.2,

    "attackpowerByType": {
        "*-copper": 4.2,
        "*-tinbronze": 4.4,
        "*-bismuthbronze": 4.5,
        "*-blackbronze": 5.2
    },
    "durabilityByType": {
        "*-copper": 300,
        "*-tinbronze": 500,
        "*-bismuthbronze": 580,
        "*-blackbronze": 620
    },
    "tooltierByType": {
        "*-copper": 2,
        "*-tinbronze": 3,
        "*-bismuthbronze": 3,
        "*-blackbronze": 3
    },
    "damagedBy": ["attacking", "blockbreaking"],

    "miningspeedbytype": {
        "*-copper": {
            "wood": 2.2,
            "leaves": 1.5
        },
        "*-tinbronze": {
            "wood": 2.4,
            "leaves": 1.7
        },
        "*-bismuthbronze": {
            "wood": 2.6,
            "leaves": 2
        },
        "*-blackbronze": {
            "wood": 2.7,
            "leaves": 2.1
        }
    },
    "guiTransform": {
        "translation": { "x": 5, "y": 2, "z": 0 },
        "rotation": { "x": -91, "y": 43, "z": 41 },
        "origin": { "x": 0.2, "y": 0, "z": 0.5 },
        "scale": 1.4
    },
    "fpHandTransform": {
        "translation": { "x": 0.95, "y": -0.2, "z": -0.05 },
        "rotation": { "x": -165, "y": 166, "z": -90 },
        "origin": { "x": 0, "y": 0, "z": 1 },
        "scale": 2.5
    },
    "tpHandTransform": {
        "translation": { "x": -0.31, "y": 0.55, "z": 0.03 },
        "rotation": { "x": -90, "y": 0, "z": -2 },
        "origin": { "x": 0, "y": 0, "z": 0 },
        "scale": 0.54
    },
    "groundTransform": {
        "translation": { "x": 0, "y": 0, "z": 0 },
        "rotation": { "x": 0, "y": -17, "z": 0 },
        "origin": { "x": 0, "y": 0, "z": 0 },
        "scale": 2.8
    },

    "attributes": {
        "sharpenable": true,
        "onGrindstoneTransform": {
            "translation": { "x": 0.3, "y": 0.42, "z": 0.26 },
            "rotation": { "x": 60, "y": 7, "z": 0 },
            "origin": { "x": 0.5, "y": 0.1, "z": 0.5 },
            "scale": 0.56
        },
        "handbook": {
            "groupBy": ["bages-*"]
        },
        "toolrackTransform": {
            "translation": { "x": 0.65, "y": 0.6, "z": 0 },
            "rotation": { "x": 0, "y": 0, "z": 180 },
            "origin": { "x": 0, "y": 0, "z": 0 },
            "scale": 1.05
        },
        "groundStorageTransform": {
            "translation": { "x": 0.12, "y": 0.37, "z": 0.52 },
            "rotation": { "x": 16, "y": 90, "z": -90 },
            "origin": { "x": 0, "y": 0, "z": 0 },
            "scale": 0.77
        }
    }
}
