{
    "code": "carsword",
    "tool": "sword",
    "creativeinventory": { "general": ["*"], "tools": ["*"], "tonwexp": ["*"] },
    "variantgroups": [{ "code": "metal", "states": ["iron", "meteoriciron", "steel"] }],
    "behaviors": [
        {
            "name": "GroundStorable",
            "properties": {
                "layout": "WallHalves",
                "wallOffY": 2,
                "sprintKey": true,
                "selectionBox": { "x1": 0, "y1": 0, "z1": 0, "x2": 1, "y2": 0.1, "z2": 1 },
                "collisionBox": { "x1": 0, "y1": 0, "z1": 0, "x2": 0, "y2": 0, "z2": 0 }
            }
        },
        { "name": "AnimationAuthoritative" }
    ],
    "shapeByType": {
        "*-iron": { "base": "tonwexp:item/carsword" },
        "*-meteoriciron": { "base": "tonwexp:item/carswordmeteor" },
        "*-steel": { "base": "tonwexp:item/ulfberht" }
    },
    "texturesByType": {
        "*": { "metal": { "base": "game:block/metal/ingot/{metal}" } }
    },
    "maxstacksize": 1,

    "heldTpHitAnimation": "falx",

    "attackRange": 2.5,

    "attackpowerByType": {
        "*-iron": 5.2,
        "*-meteoriciron": 5.4,
        "*-steel": 5.5
    },
    "durabilityByType": {
        "*-iron": 1100,
        "*-meteoriciron": 1450,
        "*-steel": 2700
    },
    "tooltierByType": {
        "*-iron": 4,
        "*-meteoriciron": 5,
        "*-steel": 5
    },
    "miningspeedbytype": {
        "*-iron": {
            "wood": 3,
            "leaves": 3
        },
        "*-meteoriciron": {
            "wood": 3.4,
            "leaves": 3.2
        },
        "*-steel": {
            "wood": 3.6,
            "leaves": 3.5
        }
    },
    "damagedBy": ["attacking", "blockbreaking"],

    "guiTransform": {
        "translation": { "x": -5.3, "y": 2, "z": 0 },
        "rotation": { "x": 27, "y": 53, "z": -45 },
        "origin": { "x": 0.8, "y": 0.2, "z": 0 },
        "scale": 1.15
    },
    "fpHandTransform": {
        "translation": { "x": 0.9, "y": -0.85, "z": -0.85 },
        "rotation": { "x": -170, "y": 83, "z": -88 },
        "origin": { "x": 0, "y": 0, "z": 0 },
        "scale": 2.3
    },
    "tpHandTransform": {
        "translation": { "x": -0.36, "y": -0.04, "z": 0.49 },
        "rotation": { "x": 0, "y": 0, "z": 0 },
        "origin": { "x": 0, "y": 0, "z": 0 },
        "scale": 0.35
    },
    "groundTransform": {
        "translation": { "x": 0, "y": -0.16, "z": 0 },
        "rotation": { "x": -90, "y": -18, "z": -2 },
        "origin": { "x": 0, "y": 0, "z": 0 },
        "scale": 2.1
    },

    "attributes": {
        "sharpenable": true,
        "onGrindstoneTransform": {
            "translation": { "x": -0.1, "y": 0.42, "z": 0.22 },
            "rotation": { "x": 145, "y": 0, "z": 0 },
            "origin": { "x": 0.5, "y": 0.1, "z": 0.5 },
            "scale": 0.4
        },
        "handbook": {
            "groupBy": ["carsword-*"]
        },
        "toolrackTransform": {
            "translation": { "x": 0.63, "y": 0.8, "z": 0.62 },
            "rotation": { "x": -90, "y": -180, "z": 0 },
            "origin": { "x": 0, "y": 0, "z": 0 },
            "scale": 0.6
        },
        "groundStorageTransform": {
            "translation": { "x": 0.27, "y": 0.62, "z": 0.44 },
            "rotation": { "x": 16, "y": 0, "z": -90 },
            "origin": { "x": 0, "y": 0, "z": 0 },
            "scale": 0.62
        }
    }
}
