{
    "code": "gross",
    "tool": "sword",
    "creativeinventory": { "general": ["*"], "tools": ["*"], "tonwexp": ["*"] },
    "variantgroups": [{ "code": "metal", "states": ["steel"] }],
    "behaviors": [
        {
            "name": "GroundStorable",
            "properties": {
                "layout": "WallHalves",
                "wallOffY": 2,
                "sprintKey": true,
                "selectionBox": { "x1": 0, "y1": 0, "z1": 0, "x2": 1, "y2": 0.1, "z2": 1 },
                "collisionBox": { "x1": 0, "y1": 0, "z1": 0, "x2": 0, "y2": 0, "z2": 0 }
            }
        },
        { "name": "AnimationAuthoritative" }
    ],
    "shapeByType": {
        "*-steel": { "base": "tonwexp:item/gross" }
    },
    "texturesByType": {
        "*": { "metal": { "base": "game:block/metal/ingot/{metal}" } }
    },
    "maxstacksize": 1,

    "heldTpHitAnimation": "falx",

    "attackRange": 2.7,

    "attackpowerByType": {
        "*-steel": 6
    },
    "durabilityByType": {
        "*-steel": 2600
    },
    "tooltierByType": {
        "*-steel": 5
    },
    "miningspeedbytype": {
        "*-steel": {
            "wood": 2.5,
            "leaves": 3.2
        }
    },
    "damagedBy": ["attacking"],

    "guiTransform": {
        "translation": { "x": -0.3, "y": 4.3, "z": 0 },
        "rotation": { "x": 19, "y": 38, "z": -45 },
        "origin": { "x": 0.6, "y": 0.1, "z": 0 }
    },
    "fpHandTransform": {
        "translation": { "x": 0.52, "y": -0.3, "z": 0 },
        "rotation": { "x": 0, "y": 110, "z": 95 },
        "origin": { "x": 0, "y": 0, "z": 0 },
        "scale": 2
    },
    "tpHandTransform": {
        "translation": { "x": 0, "y": 0.06, "z": 0.5 },
        "rotation": { "x": 0, "y": 0, "z": 0 },
        "origin": { "x": 0, "y": 0, "z": 0 },
        "scale": 0.43
    },
    "groundTransform": {
        "translation": { "x": 0, "y": -0.16, "z": 0 },
        "rotation": { "x": -90, "y": -18, "z": -2 },
        "origin": { "x": 0, "y": 0, "z": 0 },
        "scale": 2.2
    },

    "attributes": {
        "sharpenable": true,
        "onGrindstoneTransform": {
            "translation": { "x": 0, "y": 0.4, "z": 0.25 },
            "rotation": { "x": 145, "y": 0, "z": 0 },
            "origin": { "x": 0.5, "y": 0.1, "z": 0.5 },
            "scale": 0.45
        },
        "handbook": {
            "groupBy": ["carsword-*"]
        },
        "toolrackTransform": {
            "translation": { "x": 0.87, "y": 0.93, "z": 0.5 },
            "rotation": { "x": -90, "y": -180, "z": 0 },
            "origin": { "x": 0, "y": 0, "z": 0 },
            "scale": 0.75
        },
        "groundStorageTransform": {
            "translation": { "x": 0.31, "y": 0.695, "z": 0.65 },
            "rotation": { "x": 16, "y": -165, "z": -94 },
            "origin": { "x": 0, "y": 0, "z": 0 },
            "scale": 0.68
        }
    }
}
