{
    "code": "katana",
    "tool": "sword",
    "creativeinventory": { "general": ["*"], "tools": ["*"], "tonwexp": ["*"] },
    "variantgroups": [{ "code": "material", "states": ["iron", "meteoriciron", "steel"] }],
    "behaviors": [
        {
            "name": "GroundStorable",
            "properties": {
                "layout": "WallHalves",
                "wallOffY": 2,
                "sprintKey": true,
                "selectionBox": { "x1": 0, "y1": 0, "z1": 0, "x2": 1, "y2": 0.1, "z2": 1 },
                "collisionBox": { "x1": 0, "y1": 0, "z1": 0, "x2": 0, "y2": 0, "z2": 0 }
            }
        },
        { "name": "AnimationAuthoritative" }
    ],
    "shapeByType": {
        "*-iron": { "base": "tonwexp:item/katanairon" },
        "*-meteoriciron": { "base": "tonwexp:item/katanameteor" },
        "*-steel": { "base": "tonwexp:item/katanasteel" }
    },
    "texturesByType": {
        "*": { "material": { "base": "game:block/metal/ingot/{material}" } }
    },
    "maxstacksize": 1,

    "heldTpHitAnimation": "falx",

    "attackRange": 3,

    "attackpowerByType": {
        "*-iron": 5.5,
        "*-meteoriciron": 5.9,
        "*-steel": 6.2
    },
    "durabilityByType": {
        "*-iron": 1000,
        "*-meteoriciron": 1300,
        "*-steel": 2100
    },
    "tooltierByType": {
        "*-iron": 3,
        "*-meteoriciron": 3,
        "*-steel": 4
    },
    "damagedBy": ["attacking", "blockbreaking"],

    "miningspeedbytype": {
        "*-iron": {
            "wood": 3.2,
            "leaves": 3.5
        },
        "*-meteoriciron": {
            "wood": 3.4,
            "leaves": 3.7
        },
        "*-steel": {
            "wood": 3.6,
            "leaves": 4
        }
    },
    "guiTransform": {
        "translation": { "x": -4.3, "y": 5, "z": 0 },
        "rotation": { "x": 23, "y": 55, "z": -41 },
        "origin": { "x": 0.8, "y": 0.2, "z": 0 },
        "scale": 1.15
    },
    "fpHandTransform": {
        "translation": { "x": 2.7, "y": -2.4, "z": -3.35 },
        "rotation": { "x": -169, "y": 84, "z": -90 },
        "origin": { "x": 0, "y": 0, "z": 0 },
        "scale": 2.85
    },
    "tpHandTransform": {
        "translation": { "x": 0.14, "y": 0, "z": 0.43 },
        "rotation": { "x": 0, "y": 0, "z": 0 },
        "origin": { "x": 0, "y": 0, "z": 0 },
        "scale": 0.3
    },
    "groundTransform": {
        "translation": { "x": 0, "y": -0.1, "z": 0 },
        "rotation": { "x": -90, "y": -18, "z": -2 },
        "origin": { "x": 0, "y": 0, "z": 0 },
        "scale": 2.2
    },

    "attributes": {
        "sharpenable": true,
        "onGrindstoneTransform": {
            "translation": { "x": -0.45, "y": 0.4, "z": 0.22 },
            "rotation": { "x": 145, "y": 0, "z": -3 },
            "origin": { "x": 0.5, "y": 0.1, "z": 0.5 },
            "scale": 0.32
        },
        "handbook": {
            "groupBy": ["katana-*"]
        },
        "toolrackTransform": {
            "translation": { "x": 0.95, "y": 0.75, "z": 0.57 },
            "rotation": { "x": -90, "y": -180, "z": -3 },
            "origin": { "x": 0, "y": 0, "z": 0 },
            "scale": 0.54
        },
        "groundStorageTransform": {
            "translation": { "x": 0.25, "y": 0.87, "z": 0.51 },
            "rotation": { "x": 16, "y": 20, "z": -93 },
            "origin": { "x": 0, "y": 0, "z": 0 },
            "scale": 0.57
        }
    }
}
