{
    "code": "katzbalger",
    "tool": "sword",
    "creativeinventory": { "general": ["*"], "tools": ["*"], "tonwexp": ["*"] },
    "variantgroups": [{ "code": "material", "states": ["steel"] }],
    "behaviors": [
        {
            "name": "GroundStorable",
            "properties": {
                "layout": "WallHalves",
                "wallOffY": 2,
                "sprintKey": true,
                "selectionBox": { "x1": 0, "y1": 0, "z1": 0, "x2": 1, "y2": 0.1, "z2": 1 },
                "collisionBox": { "x1": 0, "y1": 0, "z1": 0, "x2": 0, "y2": 0, "z2": 0 }
            }
        },
        { "name": "AnimationAuthoritative" }
    ],
    "shape": { "base": "tonwexp:item/katzbalger" },
    "textures": {
        "material": { "base": "game:block/metal/ingot/{material}" }
    },
    "maxstacksize": 1,

    "heldTpHitAnimation": "falx",

    "attackRange": 2.6,

    "attackpowerByType": {
        "*-steel": 5.8
    },
    "durabilityByType": {
        "*-steel": 2600
    },
    "tooltierByType": {
        "*-steel": 5
    },
    "damagedBy": ["attacking", "blockbreaking"],

    "miningspeedbytype": {
        "*-steel": {
            "wood": 2.8,
            "leaves": 3.1
        }
    },

    "guiTransform": {
        "translation": { "x": 4.1, "y": 2.2, "z": 0 },
        "rotation": { "x": 27, "y": 51, "z": 136 },
        "origin": { "x": 0, "y": 0, "z": 0 },
        "scale": 1.63
    },
    "fpHandTransform": {
        "translation": { "x": 0.4, "y": 0.8, "z": 0.6 },
        "rotation": { "x": 7, "y": 94, "z": -88 },
        "origin": { "x": 0, "y": 0, "z": 0 },
        "scale": 2
    },
    "tpHandTransform": {
        "translation": { "x": -1.18, "y": 0.22, "z": 0.5 },
        "rotation": { "x": 0, "y": 0, "z": 180 },
        "origin": { "x": 0, "y": 0, "z": 0 },
        "scale": 0.45
    },
    "groundTransform": {
        "translation": { "x": 0, "y": -0.175, "z": 0 },
        "rotation": { "x": -95, "y": -50, "z": 5 },
        "origin": { "x": 0, "y": 0, "z": 0 },
        "scale": 2.5
    },
    "attributes": {
        "sharpenable": true,
        "onGrindstoneTransform": {
            "translation": { "x": 0, "y": 0.43, "z": 0.22 },
            "rotation": { "x": 145, "y": 180, "z": 0 },
            "origin": { "x": 0.5, "y": 0.1, "z": 0.5 },
            "scale": 0.53
        },
        "toolrackTransform": {
            "translation": { "x": -0.05, "y": 0.93, "z": 0.43 },
            "rotation": { "x": 90, "y": 0, "z": 0 },
            "origin": { "x": 0, "y": 0, "z": 0 },
            "scale": 0.8
        },
        "groundStorageTransform": {
            "translation": { "x": 0.33, "y": 0.34, "z": 0.295 },
            "rotation": { "x": 16, "y": 0, "z": 90 },
            "origin": { "x": 0, "y": 0, "z": 0 },
            "scale": 0.71
        }
    }
}
