{
    "code": "saber",
    "tool": "sword",
    "creativeinventory": { "general": ["*"], "tools": ["*"], "tonwexp": ["*"] },
    "variantgroups": [{ "code": "metal", "states": ["iron", "meteoriciron", "steel"] }],
    "behaviors": [
        {
            "name": "GroundStorable",
            "properties": {
                "layout": "WallHalves",
                "wallOffY": 2,
                "sprintKey": true,
                "selectionBox": { "x1": 0, "y1": 0, "z1": 0, "x2": 1, "y2": 0.1, "z2": 1 },
                "collisionBox": { "x1": 0, "y1": 0, "z1": 0, "x2": 0, "y2": 0, "z2": 0 }
            }
        },
        { "name": "AnimationAuthoritative" }
    ],
    "shapeByType": {
        "*-iron": { "base": "tonwexp:item/saberiron" },
        "*-meteoriciron": { "base": "tonwexp:item/sabermeteoric" },
        "*-steel": { "base": "tonwexp:item/sabersteel" }
    },
    "texturesByType": {
        "metal": { "base": "game:block/metal/ingot/{metal}" }
    },

    "maxstacksize": 1,

    "heldTpHitAnimation": "falx",

    "attackRange": 2.8,

    "attackpowerByType": {
        "*-iron": 5.5,
        "*-meteoriciron": 5.9,
        "*-steel": 6.2
    },
    "durabilityByType": {
        "*-iron": 1100,
        "*-meteoriciron": 1400,
        "*-steel": 2600
    },
    "tooltierByType": {
        "*-iron": 4,
        "*-meteoriciron": 5,
        "*-steel": 5
    },
    "miningspeedbytype": {
        "*-iron": {
            "wood": 2,
            "leaves": 3
        },
        "*-meteoriciron": {
            "wood": 2.5,
            "leaves": 3.3
        },
        "*-steel": {
            "wood": 2.7,
            "leaves": 3.6
        }
    },
    "damagedBy": ["attacking", "blockbreaking"],

    "guiTransform": {
        "translation": { "x": -4.3, "y": 10, "z": 0 },
        "rotation": { "x": 19, "y": 40, "z": -45 },
        "origin": { "x": 0.9, "y": 0.3, "z": 0 },
        "scale": 1.5
    },
    "fpHandTransform": {
        "translation": { "x": 1.1, "y": -1.4, "z": -1.35 },
        "rotation": { "x": -175, "y": 82, "z": -88 },
        "origin": { "x": 0, "y": 0, "z": 0 },
        "scale": 2.5
    },
    "tpHandTransform": {
        "translation": { "x": 0.24, "y": -0.04, "z": 0.56 },
        "rotation": { "x": 0, "y": 0, "z": 0 },
        "origin": { "x": 0, "y": 0, "z": 0 },
        "scale": 0.4
    },
    "groundTransform": {
        "translation": { "x": 0, "y": -0.2, "z": 0 },
        "rotation": { "x": -90, "y": -18, "z": -2 },
        "origin": { "x": 0, "y": 0, "z": 0 },
        "scale": 2.2
    },

    "attributes": {
        "sharpenable": true,
        "onGrindstoneTransform": {
            "translation": { "x": -0.5, "y": 0.47, "z": 0.24 },
            "rotation": { "x": 145, "y": 0, "z": -5 },
            "origin": { "x": 0.5, "y": 0.1, "z": 0.5 },
            "scale": 0.4
        },
        "handbook": {
            "groupBy": ["saber-*"]
        },
        "toolrackTransform": {
            "translation": { "x": 1.06, "y": 0.95, "z": 0.57 },
            "rotation": { "x": -90, "y": -180, "z": -3 },
            "origin": { "x": 0, "y": 0, "z": 0 },
            "scale": 0.7
        },
        "groundStorageTransform": {
            "translation": { "x": 0.24, "y": 0.87, "z": 0.45 },
            "rotation": { "x": 16, "y": 20, "z": -97 },
            "origin": { "x": 0, "y": 0, "z": 0 },
            "scale": 0.68
        }
    }
}
