{
	"editor": {
		"allAngles": false,
		"entityTextureMode": false
	},
	"textureWidth": 16,
	"textureHeight": 16,
	"textureSizes": {
	},
	"textures": {
		"blade": "game:block/metal/ingot/meteoriciron"
	},
	"elements": [
		{
			"name": "Origin",
			"from": [ 16.0, -2.0, 8.0 ], 
			"to": [ 16.0, -2.0, 8.0 ], 
			"rotationOrigin": [ 16.0, -2.0, 8.0 ],
			"rotationZ": -90.0,
			"faces": {
				"north": { "texture": "#blade", "uv": [ 13.0, 1.5, 13.5, 2.0 ] },
				"east": { "texture": "#blade", "uv": [ 7.5, 12.0, 8.0, 12.5 ] },
				"south": { "texture": "#blade", "uv": [ 0.5, 10.0, 1.0, 10.5 ] },
				"west": { "texture": "#blade", "uv": [ 14.5, 14.5, 15.0, 15.0 ] },
				"up": { "texture": "#blade", "uv": [ 2.5, 12.0, 3.0, 12.5 ] },
				"down": { "texture": "#blade", "uv": [ 1.0, 5.0, 1.5, 5.5 ] }
			},
			"children": [
				{
					"name": "Blade",
					"from": [ 0.0, 0.0, 0.0 ], 
					"to": [ 0.0, 0.0, 0.0 ], 
					"faces": {
						"north": { "texture": "#blade", "uv": [ 9.5, 6.5, 10.0, 7.0 ] },
						"east": { "texture": "#blade", "uv": [ 5.5, 14.5, 6.0, 15.0 ] },
						"south": { "texture": "#blade", "uv": [ 0.0, 1.5, 0.5, 2.0 ] },
						"west": { "texture": "#blade", "uv": [ 4.5, 2.5, 5.0, 3.0 ] },
						"up": { "texture": "#blade", "uv": [ 3.0, 7.5, 3.5, 8.0 ] },
						"down": { "texture": "#blade", "uv": [ 0.0, 9.5, 0.5, 10.0 ] }
					},
					"children": [
						{
							"name": "Cube1",
							"from": [ -2.0, 1.0, 0.0 ], 
							"to": [ 6.0, 4.0, 2.0 ], 
							"rotationOrigin": [ -2.0, 1.0, 0.0 ],
							"faces": {
								"north": { "texture": "#blade", "uv": [ 2.5, 0.0, 10.5, 3.0 ] },
								"east": { "texture": "#blade", "uv": [ 3.0, 11.5, 5.0, 14.5 ] },
								"south": { "texture": "#blade", "uv": [ 5.0, 0.0, 13.0, 3.0 ] },
								"west": { "texture": "#blade", "uv": [ 9.5, 10.0, 11.5, 13.0 ] },
								"up": { "texture": "#blade", "uv": [ 7.5, 11.0, 15.5, 13.0 ] },
								"down": { "texture": "#blade", "uv": [ 3.5, 10.0, 11.5, 12.0 ] }
							}
						},
						{
							"name": "Cube5",
							"from": [ 6.0, -2.0, 0.1 ], 
							"to": [ 8.0, 4.0, 1.9 ], 
							"rotationOrigin": [ 6.0, -2.0, 0.1 ],
							"faces": {
								"north": { "texture": "#blade", "uv": [ 12.5, 5.5, 14.5, 11.5 ] },
								"east": { "texture": "#blade", "uv": [ 13.0, 7.0, 14.5, 13.0 ] },
								"south": { "texture": "#blade", "uv": [ 8.5, 3.5, 10.5, 9.5 ] },
								"west": { "texture": "#blade", "uv": [ 4.5, 9.0, 6.0, 15.0 ] },
								"up": { "texture": "#blade", "uv": [ 9.5, 12.0, 11.5, 13.5 ] },
								"down": { "texture": "#blade", "uv": [ 3.5, 9.5, 5.5, 11.0 ] }
							},
							"children": [
								{
									"name": "Cube6",
									"from": [ 0.0, -4.0, 0.1 ], 
									"to": [ 2.0, 0.0, 1.7 ], 
									"rotationOrigin": [ 2.0, 0.0, 0.1 ],
									"rotationZ": -15.0,
									"faces": {
										"north": { "texture": "#blade", "uv": [ 2.0, 3.5, 4.0, 7.5 ] },
										"east": { "texture": "#blade", "uv": [ 0.0, 0.5, 1.5, 4.5 ] },
										"south": { "texture": "#blade", "uv": [ 8.0, 4.0, 10.0, 8.0 ] },
										"west": { "texture": "#blade", "uv": [ 14.0, 0.5, 15.5, 4.5 ] },
										"up": { "texture": "#blade", "uv": [ 6.5, 3.0, 8.5, 4.5 ] },
										"down": { "texture": "#blade", "uv": [ 9.5, 10.0, 11.5, 11.5 ] }
									}
								}
							]
						},
						{
							"name": "Cube7",
							"from": [ 8.0, -2.0, 0.6 ], 
							"to": [ 10.0, 4.0, 1.4 ], 
							"rotationOrigin": [ 8.0, -2.0, 0.6 ],
							"faces": {
								"north": { "texture": "#blade", "uv": [ 0.5, 1.5, 2.5, 7.5 ] },
								"east": { "texture": "#blade", "uv": [ 10.5, 5.0, 11.0, 11.0 ] },
								"south": { "texture": "#blade", "uv": [ 4.5, 5.0, 6.5, 11.0 ] },
								"west": { "texture": "#blade", "uv": [ 7.0, 5.0, 7.5, 11.0 ] },
								"up": { "texture": "#blade", "uv": [ 8.5, 4.0, 10.5, 4.5 ] },
								"down": { "texture": "#blade", "uv": [ 6.5, 13.0, 8.5, 13.5 ] }
							},
							"children": [
								{
									"name": "Cube8",
									"from": [ -0.2, -4.5, 0.1 ], 
									"to": [ 1.8, 0.1, 0.7 ], 
									"rotationOrigin": [ 1.8, -0.5, 0.1 ],
									"rotationZ": -15.0,
									"faces": {
										"north": { "texture": "#blade", "uv": [ 7.0, 3.0, 9.0, 7.5 ] },
										"east": { "texture": "#blade", "uv": [ 2.0, 0.0, 2.5, 4.5 ] },
										"south": { "texture": "#blade", "uv": [ 11.0, 4.0, 13.0, 8.5 ] },
										"west": { "texture": "#blade", "uv": [ 10.5, 1.5, 11.0, 6.0 ] },
										"up": { "texture": "#blade", "uv": [ 1.0, 12.5, 3.0, 13.0 ] },
										"down": { "texture": "#blade", "uv": [ 0.5, 4.5, 2.5, 5.0 ] }
									}
								}
							]
						},
						{
							"name": "Cube9",
							"from": [ -2.2, 0.0, 0.2 ], 
							"to": [ 3.8, 3.0, 1.8 ], 
							"rotationOrigin": [ -2.2, 0.0, 0.2 ],
							"rotationZ": -9.0,
							"faces": {
								"north": { "texture": "#blade", "uv": [ 1.5, 10.5, 7.5, 13.5 ] },
								"east": { "texture": "#blade", "uv": [ 14.0, 5.0, 15.5, 8.0 ] },
								"south": { "texture": "#blade", "uv": [ 1.0, 0.0, 7.0, 3.0 ] },
								"west": { "texture": "#blade", "uv": [ 2.0, 0.5, 3.5, 3.5 ] },
								"up": { "texture": "#blade", "uv": [ 5.5, 1.5, 11.5, 3.0 ] },
								"down": { "texture": "#blade", "uv": [ 6.0, 11.0, 12.0, 12.5 ] }
							},
							"children": [
								{
									"name": "Cube10",
									"from": [ 6.5, -1.3, 0.02 ], 
									"to": [ 13.5, -0.3, 1.58 ], 
									"rotationOrigin": [ 8.5, 1.7, 0.0 ],
									"rotationZ": -64.0,
									"faces": {
										"north": { "texture": "#blade", "uv": [ 8.0, 7.0, 15.0, 8.0 ] },
										"east": { "texture": "#blade", "uv": [ 8.5, 13.5, 10.0, 14.5 ] },
										"south": { "texture": "#blade", "uv": [ 8.0, 11.0, 15.0, 12.0 ] },
										"west": { "texture": "#blade", "uv": [ 6.0, 6.0, 7.5, 7.0 ] },
										"up": { "texture": "#blade", "uv": [ 6.5, 9.0, 13.5, 10.5 ] },
										"down": { "texture": "#blade", "uv": [ 5.5, 8.0, 12.5, 9.5 ] }
									}
								}
							]
						},
						{
							"name": "Cube11",
							"from": [ 5.0, -4.0, 0.24 ], 
							"to": [ 7.0, 2.0, 1.76 ], 
							"rotationOrigin": [ 5.0, -4.0, 0.2 ],
							"rotationZ": 11.0,
							"faces": {
								"north": { "texture": "#blade", "uv": [ 9.0, 3.0, 11.0, 9.0 ] },
								"east": { "texture": "#blade", "uv": [ 9.0, 3.0, 10.5, 9.0 ] },
								"south": { "texture": "#blade", "uv": [ 5.5, 0.0, 7.5, 6.0 ] },
								"west": { "texture": "#blade", "uv": [ 8.5, 8.0, 10.0, 14.0 ] },
								"up": { "texture": "#blade", "uv": [ 4.5, 1.5, 6.5, 3.0 ] },
								"down": { "texture": "#blade", "uv": [ 13.5, 9.5, 15.5, 11.0 ] }
							}
						},
						{
							"name": "Cube12",
							"from": [ -7.0, -0.6, -0.6 ], 
							"to": [ -2.0, 4.0, 2.6 ], 
							"rotationOrigin": [ -7.0, -0.6, -0.6 ],
							"faces": {
								"north": { "texture": "#blade", "uv": [ 5.0, 3.0, 10.0, 7.5 ] },
								"east": { "texture": "#blade", "uv": [ 2.0, 8.5, 5.0, 13.0 ] },
								"south": { "texture": "#blade", "uv": [ 7.0, 9.5, 12.0, 14.0 ] },
								"west": { "texture": "#blade", "uv": [ 8.5, 6.5, 11.5, 11.0 ] },
								"up": { "texture": "#blade", "uv": [ 6.5, 1.0, 11.5, 4.0 ] },
								"down": { "texture": "#blade", "uv": [ 6.0, 10.0, 11.0, 13.0 ] }
							}
						},
						{
							"name": "Cube18",
							"from": [ -6.1, -2.0, -0.5 ], 
							"to": [ -3.1, 1.0, 2.5 ], 
							"rotationOrigin": [ -4.6, -0.5, -0.5 ],
							"rotationZ": 45.0,
							"faces": {
								"north": { "texture": "#blade", "uv": [ 12.5, 12.0, 15.5, 15.0 ] },
								"east": { "texture": "#blade", "uv": [ 3.0, 0.5, 6.0, 3.5 ] },
								"south": { "texture": "#blade", "uv": [ 8.5, 9.5, 11.5, 12.5 ] },
								"west": { "texture": "#blade", "uv": [ 10.0, 9.5, 13.0, 12.5 ] },
								"up": { "texture": "#blade", "uv": [ 1.0, 3.0, 4.0, 6.0 ] },
								"down": { "texture": "#blade", "uv": [ 0.5, 5.5, 3.5, 8.5 ] }
							}
						},
						{
							"name": "Cube19",
							"from": [ -6.1, -3.3, -0.4 ], 
							"to": [ -3.7, -0.9, 2.4 ], 
							"rotationOrigin": [ -4.6, -1.8, -0.4 ],
							"rotationZ": 45.0,
							"faces": {
								"north": { "texture": "#blade", "uv": [ 13.5, 7.5, 15.5, 9.5 ] },
								"east": { "texture": "#blade", "uv": [ 8.0, 4.5, 10.5, 6.5 ] },
								"south": { "texture": "#blade", "uv": [ 1.5, 6.5, 3.5, 8.5 ] },
								"west": { "texture": "#blade", "uv": [ 12.0, 5.5, 14.5, 7.5 ] },
								"up": { "texture": "#blade", "uv": [ 9.0, 11.5, 11.0, 14.0 ] },
								"down": { "texture": "#blade", "uv": [ 12.0, 6.0, 14.0, 8.5 ] }
							}
						}
					]
				}
			]
		}
	]}