{
	"editor": {
		"allAngles": false,
		"entityTextureMode": false
	},
	"textureWidth": 16,
	"textureHeight": 16,
	"textureSizes": {
	},
	"textures": {
		"blade": "game:block/metal/ingot/meteoriciron"
	},
	"elements": [
		{
			"name": "Origin",
			"from": [ 9.0, 0.0, 8.0 ], 
			"to": [ 9.0, 0.0, 8.0 ], 
			"rotationOrigin": [ 9.0, 0.0, 8.0 ],
			"faces": {
				"north": { "texture": "#blade", "uv": [ 1.5, 11.0, 2.0, 11.5 ] },
				"east": { "texture": "#blade", "uv": [ 14.0, 2.5, 14.5, 3.0 ] },
				"south": { "texture": "#blade", "uv": [ 15.0, 1.5, 15.5, 2.0 ] },
				"west": { "texture": "#blade", "uv": [ 1.5, 2.5, 2.0, 3.0 ] },
				"up": { "texture": "#blade", "uv": [ 8.0, 9.0, 8.5, 9.5 ] },
				"down": { "texture": "#blade", "uv": [ 15.0, 4.0, 15.5, 4.5 ] }
			},
			"children": [
				{
					"name": "Blade",
					"from": [ 0.0, 0.0, 0.0 ], 
					"to": [ 0.0, 0.0, 0.0 ], 
					"faces": {
						"north": { "texture": "#blade", "uv": [ 6.5, 6.5, 7.0, 7.0 ] },
						"east": { "texture": "#blade", "uv": [ 5.0, 1.0, 5.5, 1.5 ] },
						"south": { "texture": "#blade", "uv": [ 9.0, 2.0, 9.5, 2.5 ] },
						"west": { "texture": "#blade", "uv": [ 3.0, 5.5, 3.5, 6.0 ] },
						"up": { "texture": "#blade", "uv": [ 11.5, 0.5, 12.0, 1.0 ] },
						"down": { "texture": "#blade", "uv": [ 9.0, 9.0, 9.5, 9.5 ] }
					},
					"children": [
						{
							"name": "Cube1",
							"from": [ -9.0, 0.0, 0.0 ], 
							"to": [ 7.0, 5.0, 0.2 ], 
							"rotationOrigin": [ -9.0, 0.0, 0.0 ],
							"faces": {
								"north": { "texture": "#blade", "uv": [ 0.0, 3.0, 16.0, 8.0 ] },
								"east": { "texture": "#blade", "uv": [ 5.5, 1.5, 6.0, 6.5 ] },
								"south": { "texture": "#blade", "uv": [ 0.0, 8.0, 16.0, 13.0 ] },
								"west": { "texture": "#blade", "uv": [ 1.0, 5.0, 1.5, 10.0 ] },
								"up": { "texture": "#blade", "uv": [ 0.0, 2.5, 16.0, 3.0 ] },
								"down": { "texture": "#blade", "uv": [ 0.0, 1.0, 16.0, 1.5 ] }
							}
						},
						{
							"name": "Cube5",
							"from": [ 15.0, 0.2, 0.0 ], 
							"to": [ 25.0, 4.8, 0.2 ], 
							"rotationOrigin": [ 15.0, 0.2, 0.0 ],
							"faces": {
								"north": { "texture": "#blade", "uv": [ 2.0, 8.5, 12.0, 13.0 ] },
								"east": { "texture": "#blade", "uv": [ 12.0, 1.0, 12.5, 5.5 ] },
								"south": { "texture": "#blade", "uv": [ 5.0, 2.5, 15.0, 7.0 ] },
								"west": { "texture": "#blade", "uv": [ 0.5, 3.5, 1.0, 8.0 ] },
								"up": { "texture": "#blade", "uv": [ 0.0, 0.0, 10.0, 0.5 ] },
								"down": { "texture": "#blade", "uv": [ 3.0, 2.0, 13.0, 2.5 ] }
							}
						},
						{
							"name": "Cube6",
							"from": [ 25.0, 0.4, 0.0 ], 
							"to": [ 30.0, 4.6, 0.2 ], 
							"rotationOrigin": [ 25.0, 0.4, 0.0 ],
							"faces": {
								"north": { "texture": "#blade", "uv": [ 10.5, 1.0, 15.5, 5.0 ] },
								"east": { "texture": "#blade", "uv": [ 14.5, 11.5, 15.0, 15.5 ] },
								"south": { "texture": "#blade", "uv": [ 1.0, 8.0, 6.0, 12.0 ] },
								"west": { "texture": "#blade", "uv": [ 4.5, 3.0, 5.0, 7.0 ] },
								"up": { "texture": "#blade", "uv": [ 9.0, 0.5, 14.0, 1.0 ] },
								"down": { "texture": "#blade", "uv": [ 8.5, 0.0, 13.5, 0.5 ] }
							}
						},
						{
							"name": "Cube7",
							"from": [ 30.0, 0.6, 0.0 ], 
							"to": [ 32.0, 4.4, 0.2 ], 
							"rotationOrigin": [ 30.0, 0.6, 0.0 ],
							"faces": {
								"north": { "texture": "#blade", "uv": [ 9.5, 12.0, 11.5, 15.5 ] },
								"east": { "texture": "#blade", "uv": [ 5.5, 10.0, 6.0, 13.5 ] },
								"south": { "texture": "#blade", "uv": [ 1.0, 11.0, 3.0, 14.5 ] },
								"west": { "texture": "#blade", "uv": [ 3.5, 0.5, 4.0, 4.0 ] },
								"up": { "texture": "#blade", "uv": [ 0.5, 7.5, 2.5, 8.0 ] },
								"down": { "texture": "#blade", "uv": [ 8.0, 11.5, 10.0, 12.0 ] }
							}
						},
						{
							"name": "Cube8",
							"from": [ 32.0, 0.9, 0.0 ], 
							"to": [ 32.6, 4.1, 0.2 ], 
							"rotationOrigin": [ 32.0, 0.9, 0.0 ],
							"faces": {
								"north": { "texture": "#blade", "uv": [ 3.0, 1.5, 3.5, 4.5 ] },
								"east": { "texture": "#blade", "uv": [ 1.5, 10.5, 2.0, 13.5 ] },
								"south": { "texture": "#blade", "uv": [ 7.5, 11.5, 8.0, 14.5 ] },
								"west": { "texture": "#blade", "uv": [ 9.5, 5.0, 10.0, 8.0 ] },
								"up": { "texture": "#blade", "uv": [ 5.0, 3.5, 5.5, 4.0 ] },
								"down": { "texture": "#blade", "uv": [ 1.0, 5.0, 1.5, 5.5 ] }
							}
						},
						{
							"name": "Cube9",
							"from": [ 32.6, 1.2, 0.0 ], 
							"to": [ 32.9, 3.8, 0.2 ], 
							"rotationOrigin": [ 32.6, 1.2, 0.0 ],
							"faces": {
								"north": { "texture": "#blade", "uv": [ 3.5, 7.5, 4.0, 10.0 ] },
								"east": { "texture": "#blade", "uv": [ 6.5, 8.5, 7.0, 11.0 ] },
								"south": { "texture": "#blade", "uv": [ 3.0, 4.0, 3.5, 6.5 ] },
								"west": { "texture": "#blade", "uv": [ 12.0, 4.5, 12.5, 7.0 ] },
								"up": { "texture": "#blade", "uv": [ 0.5, 9.5, 1.0, 10.0 ] },
								"down": { "texture": "#blade", "uv": [ 5.5, 11.5, 6.0, 12.0 ] }
							}
						},
						{
							"name": "Cube10",
							"from": [ -9.0, 0.5, -0.2 ], 
							"to": [ 7.0, 1.5, 0.4 ], 
							"rotationOrigin": [ -9.0, 0.5, -0.2 ],
							"faces": {
								"north": { "texture": "#blade", "uv": [ 0.0, 5.5, 16.0, 6.5 ] },
								"east": { "texture": "#blade", "uv": [ 5.5, 5.0, 6.0, 6.0 ] },
								"south": { "texture": "#blade", "uv": [ 0.0, 14.0, 16.0, 15.0 ] },
								"west": { "texture": "#blade", "uv": [ 9.0, 5.5, 9.5, 6.5 ] },
								"up": { "texture": "#blade", "uv": [ 0.0, 10.5, 16.0, 11.0 ] },
								"down": { "texture": "#blade", "uv": [ 0.0, 3.0, 16.0, 3.5 ] }
							}
						},
						{
							"name": "Cube11",
							"from": [ 15.0, 0.7, -0.2 ], 
							"to": [ 25.0, 1.7, 0.4 ], 
							"rotationOrigin": [ 15.0, 0.7, -0.2 ],
							"faces": {
								"north": { "texture": "#blade", "uv": [ 2.0, 7.5, 12.0, 8.5 ] },
								"east": { "texture": "#blade", "uv": [ 0.0, 0.0, 0.5, 1.0 ] },
								"south": { "texture": "#blade", "uv": [ 4.0, 14.0, 14.0, 15.0 ] },
								"west": { "texture": "#blade", "uv": [ 9.0, 5.0, 9.5, 6.0 ] },
								"up": { "texture": "#blade", "uv": [ 0.0, 5.5, 10.0, 6.0 ] },
								"down": { "texture": "#blade", "uv": [ 4.5, 11.5, 14.5, 12.0 ] }
							}
						},
						{
							"name": "Cube12",
							"from": [ 25.0, 0.9, -0.2 ], 
							"to": [ 30.0, 1.9, 0.4 ], 
							"rotationOrigin": [ 25.0, 0.9, -0.2 ],
							"faces": {
								"north": { "texture": "#blade", "uv": [ 6.0, 5.0, 11.0, 6.0 ] },
								"east": { "texture": "#blade", "uv": [ 3.5, 14.0, 4.0, 15.0 ] },
								"south": { "texture": "#blade", "uv": [ 1.5, 8.5, 6.5, 9.5 ] },
								"west": { "texture": "#blade", "uv": [ 3.5, 8.0, 4.0, 9.0 ] },
								"up": { "texture": "#blade", "uv": [ 8.0, 9.5, 13.0, 10.0 ] },
								"down": { "texture": "#blade", "uv": [ 7.0, 11.0, 12.0, 11.5 ] }
							}
						},
						{
							"name": "Cube13",
							"from": [ 30.0, 1.1, -0.2 ], 
							"to": [ 32.0, 2.1, 0.4 ], 
							"rotationOrigin": [ 30.0, 1.1, -0.2 ],
							"faces": {
								"north": { "texture": "#blade", "uv": [ 6.0, 0.0, 8.0, 1.0 ] },
								"east": { "texture": "#blade", "uv": [ 6.5, 7.5, 7.0, 8.5 ] },
								"south": { "texture": "#blade", "uv": [ 7.0, 3.5, 9.0, 4.5 ] },
								"west": { "texture": "#blade", "uv": [ 4.0, 14.0, 4.5, 15.0 ] },
								"up": { "texture": "#blade", "uv": [ 2.5, 7.0, 4.5, 7.5 ] },
								"down": { "texture": "#blade", "uv": [ 12.5, 11.5, 14.5, 12.0 ] }
							}
						},
						{
							"name": "Cube14",
							"from": [ -9.0, 3.5, -0.2 ], 
							"to": [ 7.0, 4.5, 0.4 ], 
							"rotationOrigin": [ -9.0, 3.5, -0.2 ],
							"faces": {
								"north": { "texture": "#blade", "uv": [ 0.0, 5.0, 16.0, 6.0 ] },
								"east": { "texture": "#blade", "uv": [ 5.5, 7.5, 6.0, 8.5 ] },
								"south": { "texture": "#blade", "uv": [ 0.0, 7.0, 16.0, 8.0 ] },
								"west": { "texture": "#blade", "uv": [ 11.5, 13.0, 12.0, 14.0 ] },
								"up": { "texture": "#blade", "uv": [ 0.0, 10.5, 16.0, 11.0 ] },
								"down": { "texture": "#blade", "uv": [ 0.0, 0.0, 16.0, 0.5 ] }
							}
						},
						{
							"name": "Cube15",
							"from": [ 15.0, 3.3, -0.2 ], 
							"to": [ 25.0, 4.3, 0.4 ], 
							"rotationOrigin": [ 15.0, 3.3, -0.2 ],
							"faces": {
								"north": { "texture": "#blade", "uv": [ 2.0, 14.0, 12.0, 15.0 ] },
								"east": { "texture": "#blade", "uv": [ 5.5, 11.0, 6.0, 12.0 ] },
								"south": { "texture": "#blade", "uv": [ 5.0, 10.5, 15.0, 11.5 ] },
								"west": { "texture": "#blade", "uv": [ 2.0, 10.0, 2.5, 11.0 ] },
								"up": { "texture": "#blade", "uv": [ 2.0, 3.0, 12.0, 3.5 ] },
								"down": { "texture": "#blade", "uv": [ 2.5, 2.0, 12.5, 2.5 ] }
							}
						},
						{
							"name": "Cube16",
							"from": [ 25.0, 3.1, -0.2 ], 
							"to": [ 30.0, 4.1, 0.4 ], 
							"rotationOrigin": [ 25.0, 3.1, -0.2 ],
							"faces": {
								"north": { "texture": "#blade", "uv": [ 8.0, 4.5, 13.0, 5.5 ] },
								"east": { "texture": "#blade", "uv": [ 8.5, 9.5, 9.0, 10.5 ] },
								"south": { "texture": "#blade", "uv": [ 1.5, 8.5, 6.5, 9.5 ] },
								"west": { "texture": "#blade", "uv": [ 0.0, 6.0, 0.5, 7.0 ] },
								"up": { "texture": "#blade", "uv": [ 4.5, 7.0, 9.5, 7.5 ] },
								"down": { "texture": "#blade", "uv": [ 5.5, 0.0, 10.5, 0.5 ] }
							}
						},
						{
							"name": "Cube17",
							"from": [ 32.0, 1.3, -0.2 ], 
							"to": [ 32.4, 3.7, 0.4 ], 
							"rotationOrigin": [ 32.0, 1.3, -0.2 ],
							"faces": {
								"north": { "texture": "#blade", "uv": [ 15.0, 5.5, 15.5, 7.5 ] },
								"east": { "texture": "#blade", "uv": [ 12.5, 13.0, 13.0, 15.0 ] },
								"south": { "texture": "#blade", "uv": [ 7.5, 10.5, 8.0, 12.5 ] },
								"west": { "texture": "#blade", "uv": [ 0.0, 13.0, 0.5, 15.0 ] },
								"up": { "texture": "#blade", "uv": [ 3.0, 1.5, 3.5, 2.0 ] },
								"down": { "texture": "#blade", "uv": [ 10.0, 9.5, 10.5, 10.0 ] }
							}
						},
						{
							"name": "Cube18",
							"from": [ 30.0, 2.9, -0.2 ], 
							"to": [ 32.0, 3.9, 0.4 ], 
							"rotationOrigin": [ 30.0, 2.9, -0.2 ],
							"faces": {
								"north": { "texture": "#blade", "uv": [ 12.5, 5.5, 14.5, 6.5 ] },
								"east": { "texture": "#blade", "uv": [ 12.0, 1.5, 12.5, 2.5 ] },
								"south": { "texture": "#blade", "uv": [ 11.0, 5.5, 13.0, 6.5 ] },
								"west": { "texture": "#blade", "uv": [ 5.0, 12.5, 5.5, 13.5 ] },
								"up": { "texture": "#blade", "uv": [ 3.5, 0.5, 5.5, 1.0 ] },
								"down": { "texture": "#blade", "uv": [ 12.0, 7.0, 14.0, 7.5 ] }
							}
						},
						{
							"name": "Cube19",
							"from": [ 7.0, 0.0, 0.0 ], 
							"to": [ 15.0, 5.0, 0.2 ], 
							"rotationOrigin": [ 7.0, 0.0, 0.0 ],
							"faces": {
								"north": { "texture": "#blade", "uv": [ 1.0, 3.5, 9.0, 8.5 ] },
								"east": { "texture": "#blade", "uv": [ 14.5, 0.0, 15.0, 5.0 ] },
								"south": { "texture": "#blade", "uv": [ 2.5, 9.5, 10.5, 14.5 ] },
								"west": { "texture": "#blade", "uv": [ 13.5, 6.5, 14.0, 11.5 ] },
								"up": { "texture": "#blade", "uv": [ 2.5, 5.5, 10.5, 6.0 ] },
								"down": { "texture": "#blade", "uv": [ 2.5, 14.0, 10.5, 14.5 ] }
							}
						},
						{
							"name": "Cube20",
							"from": [ 7.0, 0.5, -0.2 ], 
							"to": [ 15.0, 1.5, 0.4 ], 
							"rotationOrigin": [ 7.0, 0.5, -0.2 ],
							"faces": {
								"north": { "texture": "#blade", "uv": [ 0.0, 10.0, 8.0, 11.0 ] },
								"east": { "texture": "#blade", "uv": [ 0.5, 13.0, 1.0, 14.0 ] },
								"south": { "texture": "#blade", "uv": [ 0.5, 4.5, 8.5, 5.5 ] },
								"west": { "texture": "#blade", "uv": [ 15.0, 8.0, 15.5, 9.0 ] },
								"up": { "texture": "#blade", "uv": [ 1.5, 5.0, 9.5, 5.5 ] },
								"down": { "texture": "#blade", "uv": [ 3.0, 14.5, 11.0, 15.0 ] }
							}
						},
						{
							"name": "Cube21",
							"from": [ 7.0, 3.5, -0.2 ], 
							"to": [ 15.0, 4.5, 0.4 ], 
							"rotationOrigin": [ 7.0, 3.5, -0.2 ],
							"faces": {
								"north": { "texture": "#blade", "uv": [ 3.5, 13.0, 11.5, 14.0 ] },
								"east": { "texture": "#blade", "uv": [ 9.5, 3.0, 10.0, 4.0 ] },
								"south": { "texture": "#blade", "uv": [ 0.0, 13.5, 8.0, 14.5 ] },
								"west": { "texture": "#blade", "uv": [ 9.0, 1.0, 9.5, 2.0 ] },
								"up": { "texture": "#blade", "uv": [ 1.0, 10.0, 9.0, 10.5 ] },
								"down": { "texture": "#blade", "uv": [ 2.5, 12.0, 10.5, 12.5 ] }
							}
						},
						{
							"name": "Cube22",
							"from": [ -17.0, 1.5, 0.0 ], 
							"to": [ -9.0, 3.5, 0.2 ], 
							"rotationOrigin": [ -17.0, 1.5, 0.0 ],
							"faces": {
								"north": { "texture": "#blade", "uv": [ 0.0, 7.0, 8.0, 9.0 ] },
								"east": { "texture": "#blade", "uv": [ 13.5, 11.5, 14.0, 13.5 ] },
								"south": { "texture": "#blade", "uv": [ 7.0, 9.0, 15.0, 11.0 ] },
								"west": { "texture": "#blade", "uv": [ 10.5, 13.5, 11.0, 15.5 ] },
								"up": { "texture": "#blade", "uv": [ 4.0, 9.0, 12.0, 9.5 ] },
								"down": { "texture": "#blade", "uv": [ 3.5, 14.0, 11.5, 14.5 ] }
							}
						}
					]
				}
			]
		}
	]}