{
	"editor": {
		"allAngles": false,
		"entityTextureMode": false
	},
	"textureWidth": 16,
	"textureHeight": 16,
	"textureSizes": {
	},
	"textures": {
		"blade": "game:block/metal/ingot/iron"
	},
	"elements": [
		{
			"name": "Origin",
			"from": [ 18.0, 0.0, 8.0 ], 
			"to": [ 18.0, 0.0, 8.0 ], 
			"rotationOrigin": [ 18.0, 0.0, 8.0 ],
			"faces": {
				"north": { "texture": "#blade", "uv": [ 14.5, 15.0, 15.0, 15.5 ] },
				"east": { "texture": "#blade", "uv": [ 15.0, 13.5, 15.5, 14.0 ] },
				"south": { "texture": "#blade", "uv": [ 0.0, 9.0, 0.5, 9.5 ] },
				"west": { "texture": "#blade", "uv": [ 3.0, 5.5, 3.5, 6.0 ] },
				"up": { "texture": "#blade", "uv": [ 12.5, 0.5, 13.0, 1.0 ] },
				"down": { "texture": "#blade", "uv": [ 3.0, 13.5, 3.5, 14.0 ] }
			},
			"children": [
				{
					"name": "Blade",
					"from": [ 0.0, 0.0, 0.0 ], 
					"to": [ 0.0, 0.0, 0.0 ], 
					"faces": {
						"north": { "texture": "#blade", "uv": [ 5.5, 3.0, 6.0, 3.5 ] },
						"east": { "texture": "#blade", "uv": [ 12.5, 14.5, 13.0, 15.0 ] },
						"south": { "texture": "#blade", "uv": [ 7.5, 4.0, 8.0, 4.5 ] },
						"west": { "texture": "#blade", "uv": [ 13.0, 4.5, 13.5, 5.0 ] },
						"up": { "texture": "#blade", "uv": [ 10.0, 4.0, 10.5, 4.5 ] },
						"down": { "texture": "#blade", "uv": [ 12.5, 1.0, 13.0, 1.5 ] }
					},
					"children": [
						{
							"name": "Cube1",
							"from": [ -7.0, 1.58, 0.0 ], 
							"to": [ 9.0, 4.42, 0.3 ], 
							"rotationOrigin": [ -7.0, 1.5, 0.0 ],
							"faces": {
								"north": { "texture": "#blade", "uv": [ 0.0, 12.5, 16.0, 15.0 ] },
								"east": { "texture": "#blade", "uv": [ 5.5, 4.0, 6.0, 6.5 ] },
								"south": { "texture": "#blade", "uv": [ 0.0, 11.5, 16.0, 14.0 ] },
								"west": { "texture": "#blade", "uv": [ 7.5, 0.0, 8.0, 2.5 ] },
								"up": { "texture": "#blade", "uv": [ 0.0, 12.0, 16.0, 12.5 ] },
								"down": { "texture": "#blade", "uv": [ 0.0, 12.0, 16.0, 12.5 ] }
							}
						},
						{
							"name": "Cube5",
							"from": [ 8.0, 2.0, 0.02 ], 
							"to": [ 10.0, 4.0, 0.28 ], 
							"rotationOrigin": [ 9.0, 3.0, 0.1 ],
							"rotationZ": -45.0,
							"faces": {
								"north": { "texture": "#blade", "uv": [ 11.0, 1.5, 13.0, 3.5 ] },
								"east": { "texture": "#blade", "uv": [ 1.5, 3.0, 2.0, 5.0 ] },
								"south": { "texture": "#blade", "uv": [ 12.5, 4.0, 14.5, 6.0 ] },
								"west": { "texture": "#blade", "uv": [ 5.0, 9.0, 5.5, 11.0 ] },
								"up": { "texture": "#blade", "uv": [ 12.5, 14.5, 14.5, 15.0 ] },
								"down": { "texture": "#blade", "uv": [ 13.0, 1.0, 15.0, 1.5 ] }
							}
						},
						{
							"name": "Cube6",
							"from": [ 8.1, 1.8, 0.1 ], 
							"to": [ 10.5, 4.2, 0.2 ], 
							"rotationOrigin": [ 9.3, 3.0, 0.1 ],
							"rotationZ": -45.0,
							"faces": {
								"north": { "texture": "#blade", "uv": [ 13.0, 8.0, 15.0, 10.0 ] },
								"east": { "texture": "#blade", "uv": [ 5.0, 9.5, 5.5, 11.5 ] },
								"south": { "texture": "#blade", "uv": [ 7.0, 7.5, 9.0, 9.5 ] },
								"west": { "texture": "#blade", "uv": [ 13.0, 5.0, 13.5, 7.0 ] },
								"up": { "texture": "#blade", "uv": [ 5.5, 0.5, 7.5, 1.0 ] },
								"down": { "texture": "#blade", "uv": [ 8.0, 10.0, 10.0, 10.5 ] }
							}
						},
						{
							"name": "Cube7",
							"from": [ -7.0, 1.3, 0.09 ], 
							"to": [ 9.3, 4.7, 0.21 ], 
							"rotationOrigin": [ -7.0, 1.3, 0.1 ],
							"faces": {
								"north": { "texture": "#blade", "uv": [ 0.0, 0.0, 16.0, 3.0 ] },
								"east": { "texture": "#blade", "uv": [ 4.5, 10.0, 5.0, 13.0 ] },
								"south": { "texture": "#blade", "uv": [ 0.0, 4.0, 16.0, 7.0 ] },
								"west": { "texture": "#blade", "uv": [ 3.0, 3.0, 3.5, 6.0 ] },
								"up": { "texture": "#blade", "uv": [ 0.0, 1.0, 16.0, 1.5 ] },
								"down": { "texture": "#blade", "uv": [ 0.0, 10.5, 16.0, 11.0 ] }
							}
						},
						{
							"name": "Cube8",
							"from": [ -13.0, 1.58, 0.0 ], 
							"to": [ -7.0, 4.42, 0.3 ], 
							"rotationOrigin": [ -13.0, 1.5, 0.0 ],
							"faces": {
								"north": { "texture": "#blade", "uv": [ 9.0, 9.0, 15.0, 11.5 ] },
								"east": { "texture": "#blade", "uv": [ 11.0, 0.0, 11.5, 2.5 ] },
								"south": { "texture": "#blade", "uv": [ 4.0, 1.5, 10.0, 4.0 ] },
								"west": { "texture": "#blade", "uv": [ 13.5, 1.5, 14.0, 4.0 ] },
								"up": { "texture": "#blade", "uv": [ 8.0, 8.0, 14.0, 8.5 ] },
								"down": { "texture": "#blade", "uv": [ 4.0, 7.5, 10.0, 8.0 ] }
							}
						},
						{
							"name": "Cube9",
							"from": [ -13.0, 1.3, 0.09 ], 
							"to": [ -7.0, 4.7, 0.21 ], 
							"rotationOrigin": [ -13.0, 1.3, 0.1 ],
							"faces": {
								"north": { "texture": "#blade", "uv": [ 7.0, 5.5, 13.0, 8.5 ] },
								"east": { "texture": "#blade", "uv": [ 13.5, 2.5, 14.0, 5.5 ] },
								"south": { "texture": "#blade", "uv": [ 5.5, 1.0, 11.5, 4.0 ] },
								"west": { "texture": "#blade", "uv": [ 0.5, 6.5, 1.0, 9.5 ] },
								"up": { "texture": "#blade", "uv": [ 2.0, 12.0, 8.0, 12.5 ] },
								"down": { "texture": "#blade", "uv": [ 6.5, 13.0, 12.5, 13.5 ] }
							}
						},
						{
							"name": "Cube10",
							"from": [ -18.0, 2.48, 0.0 ], 
							"to": [ -13.0, 3.48, 0.3 ], 
							"rotationOrigin": [ -18.0, 2.4, 0.0 ],
							"faces": {
								"north": { "texture": "#blade", "uv": [ 9.0, 14.5, 14.0, 15.5 ] },
								"east": { "texture": "#blade", "uv": [ 7.5, 4.5, 8.0, 5.5 ] },
								"south": { "texture": "#blade", "uv": [ 2.0, 14.5, 7.0, 15.5 ] },
								"west": { "texture": "#blade", "uv": [ 14.0, 0.5, 14.5, 1.5 ] },
								"up": { "texture": "#blade", "uv": [ 10.5, 5.5, 15.5, 6.0 ] },
								"down": { "texture": "#blade", "uv": [ 4.5, 11.5, 9.5, 12.0 ] }
							}
						}
					]
				}
			]
		}
	]}