{
	"editor": {
		"allAngles": false,
		"entityTextureMode": false
	},
	"textureWidth": 16,
	"textureHeight": 16,
	"textureSizes": {
	},
	"textures": {
		"material": "game:block/metal/ingot/meteoriciron"
	},
	"elements": [
		{
			"name": "origin",
			"from": [ 8.0, 0.0, 8.0 ], 
			"to": [ 8.0, 0.0, 8.0 ], 
			"rotationOrigin": [ 8.0, 0.0, 8.0 ],
			"faces": {
				"north": { "texture": "#material", "uv": [ 11.5, 8.0, 12.0, 8.5 ] },
				"east": { "texture": "#material", "uv": [ 2.5, 14.5, 3.0, 15.0 ] },
				"south": { "texture": "#material", "uv": [ 5.0, 8.5, 5.5, 9.0 ] },
				"west": { "texture": "#material", "uv": [ 0.5, 2.5, 1.0, 3.0 ] },
				"up": { "texture": "#material", "uv": [ 2.0, 10.5, 2.5, 11.0 ] },
				"down": { "texture": "#material", "uv": [ 12.0, 3.0, 12.5, 3.5 ] }
			},
			"children": [
				{
					"name": "blade",
					"from": [ 9.0, 0.0, -1.0 ], 
					"to": [ 9.0, 0.0, -1.0 ], 
					"rotationOrigin": [ 9.0, 0.0, -1.0 ],
					"faces": {
						"north": { "texture": "#material", "uv": [ 11.0, 7.0, 11.5, 7.5 ] },
						"east": { "texture": "#material", "uv": [ 0.0, 15.0, 0.5, 15.5 ] },
						"south": { "texture": "#material", "uv": [ 9.0, 12.5, 9.5, 13.0 ] },
						"west": { "texture": "#material", "uv": [ 11.5, 13.0, 12.0, 13.5 ] },
						"up": { "texture": "#material", "uv": [ 3.5, 11.0, 4.0, 11.5 ] },
						"down": { "texture": "#material", "uv": [ 12.0, 8.5, 12.5, 9.0 ] }
					},
					"children": [
						{
							"name": "Cube1",
							"from": [ -6.0, 1.0, 0.0 ], 
							"to": [ 4.0, 3.0, 0.6 ], 
							"rotationOrigin": [ -6.0, 1.0, 0.0 ],
							"faces": {
								"north": { "texture": "#material", "uv": [ 5.0, 8.0, 15.0, 10.0 ] },
								"east": { "texture": "#material", "uv": [ 5.0, 0.5, 5.5, 2.5 ] },
								"south": { "texture": "#material", "uv": [ 5.0, 8.0, 15.0, 10.0 ] },
								"west": { "texture": "#material", "uv": [ 11.0, 8.5, 11.5, 10.5 ] },
								"up": { "texture": "#material", "uv": [ 5.0, 9.0, 15.0, 9.5 ] },
								"down": { "texture": "#material", "uv": [ 5.5, 12.5, 15.5, 13.0 ] }
							},
							"children": [
								{
									"name": "Cube6",
									"from": [ 0.0, -1.0, 0.1 ], 
									"to": [ 10.0, 0.0, 0.5 ], 
									"rotationOrigin": [ 0.0, -1.0, 0.1 ],
									"faces": {
										"north": { "texture": "#material", "uv": [ 2.5, 13.0, 12.5, 14.0 ] },
										"east": { "texture": "#material", "uv": [ 11.0, 0.5, 11.5, 1.5 ] },
										"south": { "texture": "#material", "uv": [ 2.5, 0.5, 12.5, 1.5 ] },
										"west": { "texture": "#material", "uv": [ 13.0, 7.5, 13.5, 8.5 ] },
										"up": { "texture": "#material", "uv": [ 2.0, 3.5, 12.0, 4.0 ] },
										"down": { "texture": "#material", "uv": [ 5.5, 12.0, 15.5, 12.5 ] }
									}
								}
							]
						},
						{
							"name": "Cube5",
							"from": [ 3.9, 1.05, 0.01 ], 
							"to": [ 13.9, 3.0, 0.59 ], 
							"rotationOrigin": [ 3.9, 3.1, 0.1 ],
							"rotationZ": 2.0,
							"faces": {
								"north": { "texture": "#material", "uv": [ 2.0, 9.0, 12.0, 10.5 ] },
								"east": { "texture": "#material", "uv": [ 1.5, 11.0, 2.0, 12.5 ] },
								"south": { "texture": "#material", "uv": [ 3.5, 9.5, 13.5, 11.0 ] },
								"west": { "texture": "#material", "uv": [ 8.5, 4.0, 9.0, 5.5 ] },
								"up": { "texture": "#material", "uv": [ 4.0, 4.5, 14.0, 5.0 ] },
								"down": { "texture": "#material", "uv": [ 3.5, 2.0, 13.5, 2.5 ] }
							},
							"children": [
								{
									"name": "Cube7",
									"from": [ 0.0, -1.0, 0.1 ], 
									"to": [ 10.0, 0.0, 0.48 ], 
									"rotationOrigin": [ 7.0E-4, -1.0, 0.1 ],
									"faces": {
										"north": { "texture": "#material", "uv": [ 5.5, 1.0, 15.5, 2.0 ] },
										"east": { "texture": "#material", "uv": [ 2.0, 8.0, 2.5, 9.0 ] },
										"south": { "texture": "#material", "uv": [ 5.5, 1.0, 15.5, 2.0 ] },
										"west": { "texture": "#material", "uv": [ 14.5, 8.5, 15.0, 9.5 ] },
										"up": { "texture": "#material", "uv": [ 4.0, 4.0, 14.0, 4.5 ] },
										"down": { "texture": "#material", "uv": [ 5.0, 10.5, 15.0, 11.0 ] }
									}
								}
							]
						},
						{
							"name": "Cube8",
							"from": [ 13.6, 1.4, 0.02 ], 
							"to": [ 23.6, 3.3, 0.58 ], 
							"rotationOrigin": [ 13.6, 3.3, 0.0 ],
							"rotationZ": 4.0,
							"faces": {
								"north": { "texture": "#material", "uv": [ 4.5, 9.0, 14.5, 10.5 ] },
								"east": { "texture": "#material", "uv": [ 10.5, 4.5, 11.0, 6.0 ] },
								"south": { "texture": "#material", "uv": [ 4.0, 4.5, 14.0, 6.0 ] },
								"west": { "texture": "#material", "uv": [ 13.5, 2.5, 14.0, 4.0 ] },
								"up": { "texture": "#material", "uv": [ 0.5, 7.0, 10.5, 7.5 ] },
								"down": { "texture": "#material", "uv": [ 2.5, 0.5, 12.5, 1.0 ] }
							},
							"children": [
								{
									"name": "Cube9",
									"from": [ 0.0, -1.0, 0.1 ], 
									"to": [ 10.0, 0.0, 0.46 ], 
									"rotationOrigin": [ 7.0E-4, -1.0, 0.1 ],
									"faces": {
										"north": { "texture": "#material", "uv": [ 2.0, 0.0, 12.0, 1.0 ] },
										"east": { "texture": "#material", "uv": [ 12.0, 5.0, 12.5, 6.0 ] },
										"south": { "texture": "#material", "uv": [ 5.5, 0.5, 15.5, 1.5 ] },
										"west": { "texture": "#material", "uv": [ 12.0, 8.0, 12.5, 9.0 ] },
										"up": { "texture": "#material", "uv": [ 4.0, 3.5, 14.0, 4.0 ] },
										"down": { "texture": "#material", "uv": [ 5.5, 12.0, 15.5, 12.5 ] }
									}
								}
							]
						},
						{
							"name": "Cube10",
							"from": [ 23.4, 2.15, 0.03 ], 
							"to": [ 33.4, 3.95, 0.57 ], 
							"rotationOrigin": [ 23.4, 4.2, 0.0 ],
							"rotationZ": 6.0,
							"faces": {
								"north": { "texture": "#material", "uv": [ 4.0, 9.0, 14.0, 10.5 ] },
								"east": { "texture": "#material", "uv": [ 9.0, 7.5, 9.5, 9.0 ] },
								"south": { "texture": "#material", "uv": [ 4.5, 7.5, 14.5, 9.0 ] },
								"west": { "texture": "#material", "uv": [ 8.5, 7.5, 9.0, 9.0 ] },
								"up": { "texture": "#material", "uv": [ 4.5, 15.0, 14.5, 15.5 ] },
								"down": { "texture": "#material", "uv": [ 1.5, 14.0, 11.5, 14.5 ] }
							},
							"children": [
								{
									"name": "Cube11",
									"from": [ 0.0, -1.0, 0.1 ], 
									"to": [ 10.0, 0.0, 0.44 ], 
									"rotationOrigin": [ 7.0E-4, -1.0, 0.1 ],
									"faces": {
										"north": { "texture": "#material", "uv": [ 3.0, 14.5, 13.0, 15.5 ] },
										"east": { "texture": "#material", "uv": [ 10.0, 13.5, 10.5, 14.5 ] },
										"south": { "texture": "#material", "uv": [ 1.0, 14.0, 11.0, 15.0 ] },
										"west": { "texture": "#material", "uv": [ 3.0, 0.5, 3.5, 1.5 ] },
										"up": { "texture": "#material", "uv": [ 3.0, 7.0, 13.0, 7.5 ] },
										"down": { "texture": "#material", "uv": [ 0.5, 2.0, 10.5, 2.5 ] }
									}
								}
							]
						},
						{
							"name": "Cube12",
							"from": [ 33.1, 3.25, 0.04 ], 
							"to": [ 42.1, 4.95, 0.56 ], 
							"rotationOrigin": [ 33.1, 5.3, 0.0 ],
							"rotationZ": 8.0,
							"faces": {
								"north": { "texture": "#material", "uv": [ 4.5, 9.0, 13.5, 10.5 ] },
								"east": { "texture": "#material", "uv": [ 0.0, 0.5, 0.5, 2.0 ] },
								"south": { "texture": "#material", "uv": [ 5.0, 10.0, 14.0, 11.5 ] },
								"west": { "texture": "#material", "uv": [ 9.0, 8.0, 9.5, 9.5 ] },
								"up": { "texture": "#material", "uv": [ 6.0, 7.5, 15.0, 8.0 ] },
								"down": { "texture": "#material", "uv": [ 3.0, 11.5, 12.0, 12.0 ] }
							},
							"children": [
								{
									"name": "Cube13",
									"from": [ 0.0, -1.0, 0.1 ], 
									"to": [ 9.0, 0.0, 0.42 ], 
									"rotationOrigin": [ 7.0E-4, -1.0, 0.1 ],
									"faces": {
										"north": { "texture": "#material", "uv": [ 1.0, 0.5, 10.0, 1.5 ] },
										"east": { "texture": "#material", "uv": [ 3.5, 9.5, 4.0, 10.5 ] },
										"south": { "texture": "#material", "uv": [ 3.0, 13.5, 12.0, 14.5 ] },
										"west": { "texture": "#material", "uv": [ 7.0, 12.0, 7.5, 13.0 ] },
										"up": { "texture": "#material", "uv": [ 4.0, 7.0, 13.0, 7.5 ] },
										"down": { "texture": "#material", "uv": [ 6.0, 0.0, 15.0, 0.5 ] }
									}
								}
							]
						},
						{
							"name": "Cube14",
							"from": [ 41.7, 4.55, 0.05 ], 
							"to": [ 49.7, 6.15, 0.55 ], 
							"rotationOrigin": [ 41.7, 6.6, 0.0 ],
							"rotationZ": 11.0,
							"faces": {
								"north": { "texture": "#material", "uv": [ 4.5, 6.5, 12.5, 8.0 ] },
								"east": { "texture": "#material", "uv": [ 2.5, 10.0, 3.0, 11.5 ] },
								"south": { "texture": "#material", "uv": [ 6.0, 7.5, 14.0, 9.0 ] },
								"west": { "texture": "#material", "uv": [ 9.0, 6.5, 9.5, 8.0 ] },
								"up": { "texture": "#material", "uv": [ 1.0, 0.5, 9.0, 1.0 ] },
								"down": { "texture": "#material", "uv": [ 2.0, 13.5, 10.0, 14.0 ] }
							},
							"children": [
								{
									"name": "Cube15",
									"from": [ 0.0, -1.0, 0.1 ], 
									"to": [ 8.0, 0.0, 0.4 ], 
									"rotationOrigin": [ 7.0E-4, -1.0, 0.1 ],
									"faces": {
										"north": { "texture": "#material", "uv": [ 5.5, 0.5, 13.5, 1.5 ] },
										"east": { "texture": "#material", "uv": [ 8.5, 9.0, 9.0, 10.0 ] },
										"south": { "texture": "#material", "uv": [ 0.5, 10.5, 8.5, 11.5 ] },
										"west": { "texture": "#material", "uv": [ 11.0, 4.5, 11.5, 5.5 ] },
										"up": { "texture": "#material", "uv": [ 1.5, 8.0, 9.5, 8.5 ] },
										"down": { "texture": "#material", "uv": [ 1.0, 15.0, 9.0, 15.5 ] }
									}
								},
								{
									"name": "Cube16",
									"from": [ 8.0, -1.0, 0.11 ], 
									"to": [ 9.3, 1.0, 0.39 ], 
									"rotationOrigin": [ 8.0007, -1.0, 0.1 ],
									"rotationZ": 40.0,
									"faces": {
										"north": { "texture": "#material", "uv": [ 2.0, 11.0, 3.0, 13.0 ] },
										"east": { "texture": "#material", "uv": [ 1.5, 9.5, 2.0, 11.5 ] },
										"south": { "texture": "#material", "uv": [ 8.0, 1.5, 9.0, 3.5 ] },
										"west": { "texture": "#material", "uv": [ 3.0, 5.5, 3.5, 7.5 ] },
										"up": { "texture": "#material", "uv": [ 11.5, 8.5, 12.5, 9.0 ] },
										"down": { "texture": "#material", "uv": [ 11.5, 2.0, 12.5, 2.5 ] }
									},
									"children": [
										{
											"name": "Cube17",
											"from": [ 1.3, 5.0E-4, 0.01 ], 
											"to": [ 2.4, 1.5005, 0.27 ], 
											"rotationOrigin": [ 1.3007, 0.0, -0.01 ],
											"rotationX": -1.7075471987482165E-6,
											"rotationZ": 35.0,
											"faces": {
												"north": { "texture": "#material", "uv": [ 7.5, 3.0, 8.5, 4.5 ] },
												"east": { "texture": "#material", "uv": [ 2.5, 9.5, 3.0, 11.0 ] },
												"south": { "texture": "#material", "uv": [ 8.0, 1.5, 9.0, 3.0 ] },
												"west": { "texture": "#material", "uv": [ 2.0, 4.5, 2.5, 6.0 ] },
												"up": { "texture": "#material", "uv": [ 2.5, 2.0, 3.5, 2.5 ] },
												"down": { "texture": "#material", "uv": [ 13.5, 11.5, 14.5, 12.0 ] }
											},
											"children": [
												{
													"name": "Cube18",
													"from": [ 1.1, 0.0, 0.01 ], 
													"to": [ 1.8, 1.5, 0.25 ], 
													"rotationOrigin": [ 1.1007, -5.0E-4, -0.02 ],
													"rotationX": 2.3580519914683778E-29,
													"rotationY": -2.918865862666078E-14,
													"rotationZ": 15.0,
													"faces": {
														"north": { "texture": "#material", "uv": [ 8.5, 2.0, 9.0, 3.5 ] },
														"east": { "texture": "#material", "uv": [ 8.5, 2.0, 9.0, 3.5 ] },
														"south": { "texture": "#material", "uv": [ 5.0, 11.5, 5.5, 13.0 ] },
														"west": { "texture": "#material", "uv": [ 10.0, 8.5, 10.5, 10.0 ] },
														"up": { "texture": "#material", "uv": [ 2.0, 11.5, 2.5, 12.0 ] },
														"down": { "texture": "#material", "uv": [ 6.5, 10.0, 7.0, 10.5 ] }
													}
												}
											]
										}
									]
								},
								{
									"name": "Cube19",
									"from": [ 8.0, 0.0, 0.0 ], 
									"to": [ 9.48, 0.6, 0.5 ], 
									"rotationOrigin": [ 8.0007, 0.0, 0.0 ],
									"rotationZ": 68.0,
									"faces": {
										"north": { "texture": "#material", "uv": [ 7.5, 6.0, 8.5, 6.5 ] },
										"east": { "texture": "#material", "uv": [ 4.5, 7.5, 5.0, 8.0 ] },
										"south": { "texture": "#material", "uv": [ 6.0, 11.0, 7.0, 11.5 ] },
										"west": { "texture": "#material", "uv": [ 0.0, 3.0, 0.5, 3.5 ] },
										"up": { "texture": "#material", "uv": [ 5.5, 12.5, 6.5, 13.0 ] },
										"down": { "texture": "#material", "uv": [ 9.0, 0.0, 10.0, 0.5 ] }
									}
								}
							]
						},
						{
							"name": "Cube20",
							"from": [ -13.0, 1.0, 0.1 ], 
							"to": [ -6.0, 2.6, 0.5 ], 
							"rotationOrigin": [ -13.0, 1.0, 0.1 ],
							"faces": {
								"north": { "texture": "#material", "uv": [ 0.0, 0.5, 7.0, 2.0 ] },
								"east": { "texture": "#material", "uv": [ 11.5, 8.0, 12.0, 9.5 ] },
								"south": { "texture": "#material", "uv": [ 4.0, 9.5, 11.0, 11.0 ] },
								"west": { "texture": "#material", "uv": [ 6.5, 1.5, 7.0, 3.0 ] },
								"up": { "texture": "#material", "uv": [ 6.0, 2.5, 13.0, 3.0 ] },
								"down": { "texture": "#material", "uv": [ 8.0, 2.0, 15.0, 2.5 ] }
							}
						},
						{
							"name": "Cube21",
							"from": [ -20.0, 1.2, 0.1 ], 
							"to": [ -13.0, 2.4, 0.5 ], 
							"rotationOrigin": [ -20.0, 1.2, 0.1 ],
							"faces": {
								"north": { "texture": "#material", "uv": [ 2.0, 13.0, 9.0, 14.0 ] },
								"east": { "texture": "#material", "uv": [ 6.5, 2.5, 7.0, 3.5 ] },
								"south": { "texture": "#material", "uv": [ 6.0, 7.5, 13.0, 8.5 ] },
								"west": { "texture": "#material", "uv": [ 14.0, 10.5, 14.5, 11.5 ] },
								"up": { "texture": "#material", "uv": [ 5.5, 9.5, 12.5, 10.0 ] },
								"down": { "texture": "#material", "uv": [ 7.5, 5.0, 14.5, 5.5 ] }
							}
						}
					]
				}
			]
		}
	]}