{
	"editor": {
		"allAngles": false,
		"entityTextureMode": false
	},
	"textureWidth": 16,
	"textureHeight": 16,
	"textureSizes": {
	},
	"textures": {
		"material": "game:block/metal/ingot/steel"
	},
	"elements": [
		{
			"name": "Origin",
			"from": [ 0.0, -9.0, 0.0 ], 
			"to": [ 0.0, -9.0, 0.0 ], 
			"rotationOrigin": [ 8.0, 2.0, 9.0 ],
			"rotationZ": 90.0,
			"faces": {
				"north": { "texture": "#material", "uv": [ 12.5, 13.0, 13.0, 13.5 ] },
				"east": { "texture": "#material", "uv": [ 5.0, 12.5, 5.5, 13.0 ] },
				"south": { "texture": "#material", "uv": [ 1.0, 4.5, 1.5, 5.0 ] },
				"west": { "texture": "#material", "uv": [ 7.5, 14.5, 8.0, 15.0 ] },
				"up": { "texture": "#material", "uv": [ 0.0, 5.5, 0.5, 6.0 ] },
				"down": { "texture": "#material", "uv": [ 3.0, 8.5, 3.5, 9.0 ] }
			},
			"children": [
				{
					"name": "Blade",
					"from": [ 7.8, 5.0, 7.8 ], 
					"to": [ 8.2, 5.0, 8.0 ], 
					"rotationOrigin": [ 7.8, 5.0, 7.8 ],
					"faces": {
						"north": { "texture": "#material", "uv": [ 8.0, 10.5, 8.5, 11.0 ] },
						"east": { "texture": "#material", "uv": [ 10.0, 11.5, 10.5, 12.0 ] },
						"south": { "texture": "#material", "uv": [ 1.0, 5.5, 1.5, 6.0 ] },
						"west": { "texture": "#material", "uv": [ 15.0, 13.0, 15.5, 13.5 ] },
						"up": { "texture": "#material", "uv": [ 1.0, 10.5, 1.5, 11.0 ] },
						"down": { "texture": "#material", "uv": [ 5.0, 9.0, 5.5, 9.5 ] }
					},
					"children": [
						{
							"name": "Cube1",
							"from": [ -1.5, 0.0, 0.0 ], 
							"to": [ 2.1, 10.0, 0.2 ], 
							"rotationOrigin": [ -1.5, 0.0, 0.0 ],
							"faces": {
								"north": { "texture": "#material", "uv": [ 0.0, 4.5, 3.5, 14.5 ] },
								"east": { "texture": "#material", "uv": [ 13.0, 5.5, 13.5, 15.5 ] },
								"south": { "texture": "#material", "uv": [ 7.5, 0.0, 11.0, 10.0 ] },
								"west": { "texture": "#material", "uv": [ 7.0, 4.5, 7.5, 14.5 ] },
								"up": { "texture": "#material", "uv": [ 3.5, 1.5, 7.0, 2.0 ] },
								"down": { "texture": "#material", "uv": [ 6.0, 7.0, 9.5, 7.5 ] }
							}
						},
						{
							"name": "Cube3",
							"from": [ -1.4, 10.0, 0.0 ], 
							"to": [ 2.0, 20.0, 0.2 ], 
							"rotationOrigin": [ -1.4, 10.0, 0.0 ],
							"faces": {
								"north": { "texture": "#material", "uv": [ 7.5, 1.5, 10.5, 11.5 ] },
								"east": { "texture": "#material", "uv": [ 6.5, 2.5, 7.0, 12.5 ] },
								"south": { "texture": "#material", "uv": [ 0.5, 5.5, 3.5, 15.5 ] },
								"west": { "texture": "#material", "uv": [ 8.5, 3.0, 9.0, 13.0 ] },
								"up": { "texture": "#material", "uv": [ 6.5, 2.5, 9.5, 3.0 ] },
								"down": { "texture": "#material", "uv": [ 12.5, 10.0, 15.5, 10.5 ] }
							}
						},
						{
							"name": "Cube4",
							"from": [ -1.3, 20.0, 0.0 ], 
							"to": [ 1.9, 26.0, 0.2 ], 
							"rotationOrigin": [ -1.3, 20.0, 0.0 ],
							"faces": {
								"north": { "texture": "#material", "uv": [ 8.5, 6.0, 11.5, 12.0 ] },
								"east": { "texture": "#material", "uv": [ 15.0, 3.0, 15.5, 9.0 ] },
								"south": { "texture": "#material", "uv": [ 9.5, 0.0, 12.5, 6.0 ] },
								"west": { "texture": "#material", "uv": [ 0.5, 9.0, 1.0, 15.0 ] },
								"up": { "texture": "#material", "uv": [ 3.5, 7.5, 6.5, 8.0 ] },
								"down": { "texture": "#material", "uv": [ 11.0, 10.5, 14.0, 11.0 ] }
							}
						},
						{
							"name": "Cube5",
							"from": [ -1.2, 26.0, 0.0 ], 
							"to": [ 1.8, 29.0, 0.2 ], 
							"rotationOrigin": [ -1.2, 26.0, 0.0 ],
							"faces": {
								"north": { "texture": "#material", "uv": [ 7.0, 6.5, 10.0, 9.5 ] },
								"east": { "texture": "#material", "uv": [ 14.0, 4.5, 14.5, 7.5 ] },
								"south": { "texture": "#material", "uv": [ 10.5, 0.0, 13.5, 3.0 ] },
								"west": { "texture": "#material", "uv": [ 1.5, 2.5, 2.0, 5.5 ] },
								"up": { "texture": "#material", "uv": [ 4.0, 3.0, 7.0, 3.5 ] },
								"down": { "texture": "#material", "uv": [ 6.5, 4.0, 9.5, 4.5 ] }
							}
						},
						{
							"name": "Cube6",
							"from": [ -1.1, 29.0, 0.0 ], 
							"to": [ 1.7, 30.5, 0.2 ], 
							"rotationOrigin": [ -1.1, 29.0, 0.0 ],
							"faces": {
								"north": { "texture": "#material", "uv": [ 10.5, 1.0, 13.0, 2.5 ] },
								"east": { "texture": "#material", "uv": [ 13.5, 4.0, 14.0, 5.5 ] },
								"south": { "texture": "#material", "uv": [ 8.0, 6.0, 10.5, 7.5 ] },
								"west": { "texture": "#material", "uv": [ 7.5, 8.5, 8.0, 10.0 ] },
								"up": { "texture": "#material", "uv": [ 10.0, 6.5, 12.5, 7.0 ] },
								"down": { "texture": "#material", "uv": [ 9.5, 15.0, 12.0, 15.5 ] }
							}
						},
						{
							"name": "Cube7",
							"from": [ -0.9, 30.5, 0.0 ], 
							"to": [ 1.5, 31.0, 0.2 ], 
							"rotationOrigin": [ -0.9, 30.5, 0.0 ],
							"faces": {
								"north": { "texture": "#material", "uv": [ 12.5, 8.5, 14.5, 9.0 ] },
								"east": { "texture": "#material", "uv": [ 8.5, 3.5, 9.0, 4.0 ] },
								"south": { "texture": "#material", "uv": [ 13.5, 3.0, 15.5, 3.5 ] },
								"west": { "texture": "#material", "uv": [ 13.0, 13.5, 13.5, 14.0 ] },
								"up": { "texture": "#material", "uv": [ 3.5, 4.0, 5.5, 4.5 ] },
								"down": { "texture": "#material", "uv": [ 6.5, 7.0, 8.5, 7.5 ] }
							}
						},
						{
							"name": "Cube8",
							"from": [ -1.1, 0.0, -0.1 ], 
							"to": [ 1.7, 10.0, 0.3 ], 
							"rotationOrigin": [ -1.1, 0.0, -0.1 ],
							"faces": {
								"north": { "texture": "#material", "uv": [ 10.0, 1.5, 12.5, 11.5 ] },
								"east": { "texture": "#material", "uv": [ 6.5, 2.5, 7.0, 12.5 ] },
								"south": { "texture": "#material", "uv": [ 11.0, 1.0, 13.5, 11.0 ] },
								"west": { "texture": "#material", "uv": [ 1.5, 0.5, 2.0, 10.5 ] },
								"up": { "texture": "#material", "uv": [ 12.0, 12.0, 14.5, 12.5 ] },
								"down": { "texture": "#material", "uv": [ 5.5, 13.5, 8.0, 14.0 ] }
							}
						},
						{
							"name": "Cube9",
							"from": [ -1.0, 10.0, -0.1 ], 
							"to": [ 1.6, 20.0, 0.3 ], 
							"rotationOrigin": [ -1.0, 10.0, -0.1 ],
							"faces": {
								"north": { "texture": "#material", "uv": [ 1.5, 4.0, 4.0, 14.0 ] },
								"east": { "texture": "#material", "uv": [ 4.0, 4.0, 4.5, 14.0 ] },
								"south": { "texture": "#material", "uv": [ 11.0, 3.0, 13.5, 13.0 ] },
								"west": { "texture": "#material", "uv": [ 15.0, 4.5, 15.5, 14.5 ] },
								"up": { "texture": "#material", "uv": [ 8.5, 5.0, 11.0, 5.5 ] },
								"down": { "texture": "#material", "uv": [ 1.5, 10.0, 4.0, 10.5 ] }
							}
						},
						{
							"name": "Cube10",
							"from": [ -0.9, 20.0, -0.1 ], 
							"to": [ 1.5, 26.0, 0.3 ], 
							"rotationOrigin": [ -0.9, 20.0, -0.1 ],
							"faces": {
								"north": { "texture": "#material", "uv": [ 3.0, 6.0, 5.0, 12.0 ] },
								"east": { "texture": "#material", "uv": [ 8.5, 2.0, 9.0, 8.0 ] },
								"south": { "texture": "#material", "uv": [ 11.5, 0.5, 13.5, 6.5 ] },
								"west": { "texture": "#material", "uv": [ 15.0, 6.0, 15.5, 12.0 ] },
								"up": { "texture": "#material", "uv": [ 12.0, 8.5, 14.0, 9.0 ] },
								"down": { "texture": "#material", "uv": [ 10.5, 12.0, 12.5, 12.5 ] }
							}
						},
						{
							"name": "Cube11",
							"from": [ -0.8, 26.0, -0.1 ], 
							"to": [ 1.4, 29.0, 0.3 ], 
							"rotationOrigin": [ -0.8, 26.0, -0.1 ],
							"faces": {
								"north": { "texture": "#material", "uv": [ 1.0, 6.0, 3.0, 9.0 ] },
								"east": { "texture": "#material", "uv": [ 0.0, 12.0, 0.5, 15.0 ] },
								"south": { "texture": "#material", "uv": [ 5.5, 4.0, 7.5, 7.0 ] },
								"west": { "texture": "#material", "uv": [ 7.5, 8.0, 8.0, 11.0 ] },
								"up": { "texture": "#material", "uv": [ 5.5, 6.0, 7.5, 6.5 ] },
								"down": { "texture": "#material", "uv": [ 10.0, 9.0, 12.0, 9.5 ] }
							}
						},
						{
							"name": "Cube12",
							"from": [ -0.7, 29.0, -0.1 ], 
							"to": [ 1.3, 30.5, 0.3 ], 
							"rotationOrigin": [ -0.7, 29.0, -0.1 ],
							"faces": {
								"north": { "texture": "#material", "uv": [ 6.0, 12.5, 8.0, 14.0 ] },
								"east": { "texture": "#material", "uv": [ 10.0, 8.0, 10.5, 9.5 ] },
								"south": { "texture": "#material", "uv": [ 9.0, 11.5, 11.0, 13.0 ] },
								"west": { "texture": "#material", "uv": [ 7.5, 8.5, 8.0, 10.0 ] },
								"up": { "texture": "#material", "uv": [ 9.5, 0.5, 11.5, 1.0 ] },
								"down": { "texture": "#material", "uv": [ 10.0, 10.5, 12.0, 11.0 ] }
							}
						},
						{
							"name": "Cube13",
							"from": [ -0.5, 30.5, -0.1 ], 
							"to": [ 1.1, 30.7, 0.3 ], 
							"rotationOrigin": [ -0.5, 30.5, -0.1 ],
							"faces": {
								"north": { "texture": "#material", "uv": [ 11.5, 14.0, 13.0, 14.5 ] },
								"east": { "texture": "#material", "uv": [ 0.0, 12.5, 0.5, 13.0 ] },
								"south": { "texture": "#material", "uv": [ 10.0, 9.0, 11.5, 9.5 ] },
								"west": { "texture": "#material", "uv": [ 10.0, 10.0, 10.5, 10.5 ] },
								"up": { "texture": "#material", "uv": [ 3.0, 10.5, 4.5, 11.0 ] },
								"down": { "texture": "#material", "uv": [ 4.5, 4.0, 6.0, 4.5 ] }
							}
						},
						{
							"name": "Cube14",
							"from": [ -0.6, 31.0, 0.0 ], 
							"to": [ 1.2, 31.2, 0.2 ], 
							"rotationOrigin": [ -0.6, 31.0, 0.0 ],
							"faces": {
								"north": { "texture": "#material", "uv": [ 13.0, 12.5, 14.5, 13.0 ] },
								"east": { "texture": "#material", "uv": [ 5.0, 5.0, 5.5, 5.5 ] },
								"south": { "texture": "#material", "uv": [ 7.0, 10.0, 8.5, 10.5 ] },
								"west": { "texture": "#material", "uv": [ 2.0, 6.0, 2.5, 6.5 ] },
								"up": { "texture": "#material", "uv": [ 5.0, 3.5, 6.5, 4.0 ] },
								"down": { "texture": "#material", "uv": [ 3.0, 9.0, 4.5, 9.5 ] }
							}
						},
						{
							"name": "Cube16",
							"from": [ -0.3, -6.0, 0.0 ], 
							"to": [ 0.7, 0.0, 0.2 ], 
							"rotationOrigin": [ -0.3, -6.0, 0.0 ],
							"faces": {
								"north": { "texture": "#material", "uv": [ 14.5, 7.0, 15.5, 13.0 ] },
								"east": { "texture": "#material", "uv": [ 11.0, 1.0, 11.5, 7.0 ] },
								"south": { "texture": "#material", "uv": [ 0.0, 8.5, 1.0, 14.5 ] },
								"west": { "texture": "#material", "uv": [ 14.5, 5.5, 15.0, 11.5 ] },
								"up": { "texture": "#material", "uv": [ 14.0, 15.0, 15.0, 15.5 ] },
								"down": { "texture": "#material", "uv": [ 9.0, 6.0, 10.0, 6.5 ] }
							}
						}
					]
				}
			]
		}
	]}