{
	"editor": {
		"allAngles": false,
		"entityTextureMode": false
	},
	"textureWidth": 16,
	"textureHeight": 16,
	"textureSizes": {
	},
	"textures": {
		"steel": "game:block/metal/ingot/steel"
	},
	"elements": [
		{
			"name": "Head",
			"from": [ 6.0, -0.5, 8.4 ], 
			"to": [ 12.7, 1.0, 9.6 ], 
			"rotationOrigin": [ 6.0, 1.0, 9.0 ],
			"rotationX": 180.0,
			"faces": {
				"north": { "texture": "#steel", "uv": [ 8.0, 13.5, 14.5, 15.0 ] },
				"east": { "texture": "#steel", "uv": [ 8.5, 11.5, 9.5, 13.0 ] },
				"south": { "texture": "#steel", "uv": [ 3.5, 5.5, 10.0, 7.0 ] },
				"west": { "texture": "#steel", "uv": [ 7.5, 13.5, 8.5, 15.0 ] },
				"up": { "texture": "#steel", "uv": [ 4.0, 13.0, 10.5, 14.0 ] },
				"down": { "texture": "#steel", "uv": [ 4.0, 1.5, 10.5, 2.5 ] }
			},
			"children": [
				{
					"name": "Cube4",
					"from": [ 0.0, 0.0, 0.4 ], 
					"to": [ 4.0, 1.6, 0.8 ], 
					"rotationOrigin": [ 0.0, 0.0, 0.4 ],
					"rotationZ": -20.0,
					"faces": {
						"north": { "texture": "#steel", "uv": [ 2.0, 12.5, 6.0, 14.0 ] },
						"east": { "texture": "#steel", "uv": [ 6.5, 14.0, 7.0, 15.5 ] },
						"south": { "texture": "#steel", "uv": [ 1.5, 0.0, 5.5, 1.5 ] },
						"west": { "texture": "#steel", "uv": [ 4.0, 14.0, 4.5, 15.5 ] },
						"up": { "texture": "#steel", "uv": [ 9.5, 14.0, 13.5, 14.5 ] },
						"down": { "texture": "#steel", "uv": [ 10.5, 5.5, 14.5, 6.0 ] }
					}
				},
				{
					"name": "Cube5",
					"from": [ 3.7, 0.0, 0.38 ], 
					"to": [ 5.1, 1.6, 0.82 ], 
					"rotationOrigin": [ 3.7, 0.0, 0.4 ],
					"rotationZ": -90.0,
					"faces": {
						"north": { "texture": "#steel", "uv": [ 1.0, 7.5, 2.0, 9.0 ] },
						"east": { "texture": "#steel", "uv": [ 15.0, 3.5, 15.5, 5.0 ] },
						"south": { "texture": "#steel", "uv": [ 7.0, 2.5, 8.0, 4.0 ] },
						"west": { "texture": "#steel", "uv": [ 4.0, 13.0, 4.5, 14.5 ] },
						"up": { "texture": "#steel", "uv": [ 1.0, 13.5, 2.0, 14.0 ] },
						"down": { "texture": "#steel", "uv": [ 12.0, 11.0, 13.0, 11.5 ] }
					}
				},
				{
					"name": "Cube6",
					"from": [ 5.3, -1.4, 0.4 ], 
					"to": [ 7.3, 0.2, 0.8 ], 
					"rotationOrigin": [ 5.3, -1.4, 0.4 ],
					"rotationZ": 46.0,
					"faces": {
						"north": { "texture": "#steel", "uv": [ 6.5, 4.0, 8.5, 5.5 ] },
						"east": { "texture": "#steel", "uv": [ 14.0, 3.0, 14.5, 4.5 ] },
						"south": { "texture": "#steel", "uv": [ 9.0, 9.5, 11.0, 11.0 ] },
						"west": { "texture": "#steel", "uv": [ 12.0, 9.0, 12.5, 10.5 ] },
						"up": { "texture": "#steel", "uv": [ 13.0, 12.5, 15.0, 13.0 ] },
						"down": { "texture": "#steel", "uv": [ 4.0, 8.0, 6.0, 8.5 ] }
					}
				}
			]
		},
		{
			"name": "Cube1",
			"from": [ 4.6, -0.2, 7.8 ], 
			"to": [ 6.0, 2.2, 10.2 ], 
			"rotationOrigin": [ 4.6, -0.2, 7.8 ],
			"faces": {
				"north": { "texture": "#steel", "uv": [ 6.5, 0.5, 7.5, 2.5 ] },
				"east": { "texture": "#steel", "uv": [ 10.5, 3.5, 12.5, 5.5 ] },
				"south": { "texture": "#steel", "uv": [ 5.0, 6.0, 6.0, 8.0 ] },
				"west": { "texture": "#steel", "uv": [ 0.0, 0.0, 2.0, 2.0 ] },
				"up": { "texture": "#steel", "uv": [ 10.0, 5.0, 11.0, 7.0 ] },
				"down": { "texture": "#steel", "uv": [ 1.5, 3.0, 2.5, 5.0 ] }
			}
		},
		{
			"name": "Cube35",
			"from": [ 12.7, -0.2, 7.8 ], 
			"to": [ 13.0, 2.2, 10.2 ], 
			"rotationOrigin": [ 12.7, 1.0, 9.0 ],
			"rotationX": -45.0,
			"faces": {
				"north": { "texture": "#steel", "uv": [ 6.0, 6.0, 6.5, 8.0 ] },
				"east": { "texture": "#steel", "uv": [ 6.5, 9.0, 8.5, 11.0 ] },
				"south": { "texture": "#steel", "uv": [ 4.5, 5.5, 5.0, 7.5 ] },
				"west": { "texture": "#steel", "uv": [ 13.5, 12.0, 15.5, 14.0 ] },
				"up": { "texture": "#steel", "uv": [ 12.5, 1.0, 13.0, 3.0 ] },
				"down": { "texture": "#steel", "uv": [ 7.5, 4.0, 8.0, 6.0 ] }
			}
		},
		{
			"name": "Cube36",
			"from": [ 12.7, -0.2, 7.8 ], 
			"to": [ 12.98, 2.2, 10.2 ], 
			"rotationOrigin": [ 12.7, 1.0, 9.0 ],
			"rotationX": -90.0,
			"faces": {
				"north": { "texture": "#steel", "uv": [ 3.5, 4.5, 4.0, 6.5 ] },
				"east": { "texture": "#steel", "uv": [ 7.0, 5.0, 9.0, 7.0 ] },
				"south": { "texture": "#steel", "uv": [ 0.0, 2.0, 0.5, 4.0 ] },
				"west": { "texture": "#steel", "uv": [ 1.5, 4.5, 3.5, 6.5 ] },
				"up": { "texture": "#steel", "uv": [ 15.0, 11.0, 15.5, 13.0 ] },
				"down": { "texture": "#steel", "uv": [ 12.0, 10.5, 12.5, 12.5 ] }
			}
		},
		{
			"name": "Head15",
			"from": [ 6.0, -0.5, 8.4 ], 
			"to": [ 12.7, 1.0, 9.6 ], 
			"rotationOrigin": [ 6.0, 1.0, 9.0 ],
			"rotationX": 135.0,
			"faces": {
				"north": { "texture": "#steel", "uv": [ 4.5, 4.5, 11.0, 6.0 ] },
				"east": { "texture": "#steel", "uv": [ 12.0, 9.5, 13.0, 11.0 ] },
				"south": { "texture": "#steel", "uv": [ 1.5, 12.5, 8.0, 14.0 ] },
				"west": { "texture": "#steel", "uv": [ 6.5, 2.5, 7.5, 4.0 ] },
				"up": { "texture": "#steel", "uv": [ 7.0, 14.5, 13.5, 15.5 ] },
				"down": { "texture": "#steel", "uv": [ 3.5, 5.0, 10.0, 6.0 ] }
			},
			"children": [
				{
					"name": "Cube16",
					"from": [ 0.0, 0.0, 0.4 ], 
					"to": [ 4.0, 1.6, 0.8 ], 
					"rotationOrigin": [ 0.0, 0.0, 0.4 ],
					"rotationZ": -20.0,
					"faces": {
						"north": { "texture": "#steel", "uv": [ 11.0, 4.0, 15.0, 5.5 ] },
						"east": { "texture": "#steel", "uv": [ 12.5, 2.5, 13.0, 4.0 ] },
						"south": { "texture": "#steel", "uv": [ 10.5, 5.5, 14.5, 7.0 ] },
						"west": { "texture": "#steel", "uv": [ 5.5, 0.0, 6.0, 1.5 ] },
						"up": { "texture": "#steel", "uv": [ 0.0, 5.0, 4.0, 5.5 ] },
						"down": { "texture": "#steel", "uv": [ 2.0, 9.5, 6.0, 10.0 ] }
					}
				},
				{
					"name": "Cube17",
					"from": [ 3.7, 0.0, 0.38 ], 
					"to": [ 5.1, 1.6, 0.82 ], 
					"rotationOrigin": [ 3.7, 0.0, 0.4 ],
					"rotationZ": -90.0,
					"faces": {
						"north": { "texture": "#steel", "uv": [ 11.5, 14.0, 12.5, 15.5 ] },
						"east": { "texture": "#steel", "uv": [ 6.5, 4.0, 7.0, 5.5 ] },
						"south": { "texture": "#steel", "uv": [ 8.5, 2.5, 9.5, 4.0 ] },
						"west": { "texture": "#steel", "uv": [ 3.5, 0.5, 4.0, 2.0 ] },
						"up": { "texture": "#steel", "uv": [ 7.0, 8.5, 8.0, 9.0 ] },
						"down": { "texture": "#steel", "uv": [ 8.0, 14.5, 9.0, 15.0 ] }
					}
				},
				{
					"name": "Cube18",
					"from": [ 5.3, -1.4, 0.4 ], 
					"to": [ 7.3, 0.2, 0.8 ], 
					"rotationOrigin": [ 5.3, -1.4, 0.4 ],
					"rotationZ": 46.0,
					"faces": {
						"north": { "texture": "#steel", "uv": [ 12.5, 11.0, 14.5, 12.5 ] },
						"east": { "texture": "#steel", "uv": [ 12.5, 4.0, 13.0, 5.5 ] },
						"south": { "texture": "#steel", "uv": [ 10.5, 10.5, 12.5, 12.0 ] },
						"west": { "texture": "#steel", "uv": [ 11.5, 2.5, 12.0, 4.0 ] },
						"up": { "texture": "#steel", "uv": [ 13.0, 10.0, 15.0, 10.5 ] },
						"down": { "texture": "#steel", "uv": [ 13.0, 11.0, 15.0, 11.5 ] }
					}
				}
			]
		},
		{
			"name": "Head19",
			"from": [ 6.0, -0.5, 8.4 ], 
			"to": [ 12.7, 1.0, 9.6 ], 
			"rotationOrigin": [ 6.0, 1.0, 9.0 ],
			"rotationX": 90.0,
			"faces": {
				"north": { "texture": "#steel", "uv": [ 2.5, 2.0, 9.0, 3.5 ] },
				"east": { "texture": "#steel", "uv": [ 3.5, 6.0, 4.5, 7.5 ] },
				"south": { "texture": "#steel", "uv": [ 3.0, 14.0, 9.5, 15.5 ] },
				"west": { "texture": "#steel", "uv": [ 3.5, 5.0, 4.5, 6.5 ] },
				"up": { "texture": "#steel", "uv": [ 7.5, 3.0, 14.0, 4.0 ] },
				"down": { "texture": "#steel", "uv": [ 9.0, 11.0, 15.5, 12.0 ] }
			},
			"children": [
				{
					"name": "Cube20",
					"from": [ 0.0, 0.0, 0.4 ], 
					"to": [ 4.0, 1.6, 0.8 ], 
					"rotationOrigin": [ 0.0, 0.0, 0.4 ],
					"rotationZ": -20.0,
					"faces": {
						"north": { "texture": "#steel", "uv": [ 10.0, 4.0, 14.0, 5.5 ] },
						"east": { "texture": "#steel", "uv": [ 15.0, 0.0, 15.5, 1.5 ] },
						"south": { "texture": "#steel", "uv": [ 0.5, 8.0, 4.5, 9.5 ] },
						"west": { "texture": "#steel", "uv": [ 8.5, 5.5, 9.0, 7.0 ] },
						"up": { "texture": "#steel", "uv": [ 10.0, 11.0, 14.0, 11.5 ] },
						"down": { "texture": "#steel", "uv": [ 6.0, 12.5, 10.0, 13.0 ] }
					}
				},
				{
					"name": "Cube21",
					"from": [ 3.7, 0.0, 0.38 ], 
					"to": [ 5.1, 1.6, 0.82 ], 
					"rotationOrigin": [ 3.7, 0.0, 0.4 ],
					"rotationZ": -90.0,
					"faces": {
						"north": { "texture": "#steel", "uv": [ 12.0, 6.5, 13.0, 8.0 ] },
						"east": { "texture": "#steel", "uv": [ 7.0, 2.5, 7.5, 4.0 ] },
						"south": { "texture": "#steel", "uv": [ 6.5, 12.5, 7.5, 14.0 ] },
						"west": { "texture": "#steel", "uv": [ 13.5, 9.0, 14.0, 10.5 ] },
						"up": { "texture": "#steel", "uv": [ 13.5, 1.0, 14.5, 1.5 ] },
						"down": { "texture": "#steel", "uv": [ 8.5, 10.5, 9.5, 11.0 ] }
					}
				},
				{
					"name": "Cube22",
					"from": [ 5.3, -1.4, 0.4 ], 
					"to": [ 7.3, 0.2, 0.8 ], 
					"rotationOrigin": [ 5.3, -1.4, 0.4 ],
					"rotationZ": 46.0,
					"faces": {
						"north": { "texture": "#steel", "uv": [ 7.5, 7.5, 9.5, 9.0 ] },
						"east": { "texture": "#steel", "uv": [ 6.0, 8.0, 6.5, 9.5 ] },
						"south": { "texture": "#steel", "uv": [ 9.0, 11.5, 11.0, 13.0 ] },
						"west": { "texture": "#steel", "uv": [ 3.0, 0.0, 3.5, 1.5 ] },
						"up": { "texture": "#steel", "uv": [ 2.5, 5.0, 4.5, 5.5 ] },
						"down": { "texture": "#steel", "uv": [ 4.0, 1.0, 6.0, 1.5 ] }
					}
				}
			]
		},
		{
			"name": "Head23",
			"from": [ 6.0, -0.5, 8.4 ], 
			"to": [ 12.7, 1.0, 9.6 ], 
			"rotationOrigin": [ 6.0, 1.0, 9.0 ],
			"rotationX": 45.0,
			"faces": {
				"north": { "texture": "#steel", "uv": [ 3.5, 0.5, 10.0, 2.0 ] },
				"east": { "texture": "#steel", "uv": [ 13.5, 1.0, 14.5, 2.5 ] },
				"south": { "texture": "#steel", "uv": [ 2.5, 10.5, 9.0, 12.0 ] },
				"west": { "texture": "#steel", "uv": [ 6.0, 6.0, 7.0, 7.5 ] },
				"up": { "texture": "#steel", "uv": [ 1.0, 13.5, 7.5, 14.5 ] },
				"down": { "texture": "#steel", "uv": [ 1.5, 0.0, 8.0, 1.0 ] }
			},
			"children": [
				{
					"name": "Cube24",
					"from": [ 0.0, 0.0, 0.4 ], 
					"to": [ 4.0, 1.6, 0.8 ], 
					"rotationOrigin": [ 0.0, 0.0, 0.4 ],
					"rotationZ": -20.0,
					"faces": {
						"north": { "texture": "#steel", "uv": [ 0.0, 12.5, 4.0, 14.0 ] },
						"east": { "texture": "#steel", "uv": [ 12.5, 4.5, 13.0, 6.0 ] },
						"south": { "texture": "#steel", "uv": [ 11.5, 7.5, 15.5, 9.0 ] },
						"west": { "texture": "#steel", "uv": [ 1.5, 3.0, 2.0, 4.5 ] },
						"up": { "texture": "#steel", "uv": [ 11.5, 0.5, 15.5, 1.0 ] },
						"down": { "texture": "#steel", "uv": [ 6.5, 5.0, 10.5, 5.5 ] }
					}
				},
				{
					"name": "Cube25",
					"from": [ 3.7, 0.0, 0.38 ], 
					"to": [ 5.1, 1.6, 0.82 ], 
					"rotationOrigin": [ 3.7, 0.0, 0.4 ],
					"rotationZ": -90.0,
					"faces": {
						"north": { "texture": "#steel", "uv": [ 7.5, 8.5, 8.5, 10.0 ] },
						"east": { "texture": "#steel", "uv": [ 9.5, 9.0, 10.0, 10.5 ] },
						"south": { "texture": "#steel", "uv": [ 0.0, 11.5, 1.0, 13.0 ] },
						"west": { "texture": "#steel", "uv": [ 8.0, 7.5, 8.5, 9.0 ] },
						"up": { "texture": "#steel", "uv": [ 9.5, 3.0, 10.5, 3.5 ] },
						"down": { "texture": "#steel", "uv": [ 2.5, 0.0, 3.5, 0.5 ] }
					}
				},
				{
					"name": "Cube26",
					"from": [ 5.3, -1.4, 0.4 ], 
					"to": [ 7.3, 0.2, 0.8 ], 
					"rotationOrigin": [ 5.3, -1.4, 0.4 ],
					"rotationZ": 46.0,
					"faces": {
						"north": { "texture": "#steel", "uv": [ 1.0, 2.5, 3.0, 4.0 ] },
						"east": { "texture": "#steel", "uv": [ 7.0, 8.0, 7.5, 9.5 ] },
						"south": { "texture": "#steel", "uv": [ 13.5, 12.0, 15.5, 13.5 ] },
						"west": { "texture": "#steel", "uv": [ 9.0, 6.5, 9.5, 8.0 ] },
						"up": { "texture": "#steel", "uv": [ 11.0, 15.0, 13.0, 15.5 ] },
						"down": { "texture": "#steel", "uv": [ 3.5, 11.0, 5.5, 11.5 ] }
					}
				}
			]
		},
		{
			"name": "Head27",
			"from": [ 6.0, -0.5, 8.4 ], 
			"to": [ 12.7, 1.0, 9.6 ], 
			"rotationOrigin": [ 6.0, 1.0, 9.0 ],
			"faces": {
				"north": { "texture": "#steel", "uv": [ 7.5, 7.5, 14.0, 9.0 ] },
				"east": { "texture": "#steel", "uv": [ 10.5, 9.5, 11.5, 11.0 ] },
				"south": { "texture": "#steel", "uv": [ 6.0, 9.0, 12.5, 10.5 ] },
				"west": { "texture": "#steel", "uv": [ 14.5, 0.5, 15.5, 2.0 ] },
				"up": { "texture": "#steel", "uv": [ 9.0, 5.0, 15.5, 6.0 ] },
				"down": { "texture": "#steel", "uv": [ 3.5, 0.0, 10.0, 1.0 ] }
			},
			"children": [
				{
					"name": "Cube28",
					"from": [ 0.0, 0.0, 0.4 ], 
					"to": [ 4.0, 1.6, 0.8 ], 
					"rotationOrigin": [ 0.0, 0.0, 0.4 ],
					"rotationZ": -20.0,
					"faces": {
						"north": { "texture": "#steel", "uv": [ 6.5, 14.0, 10.5, 15.5 ] },
						"east": { "texture": "#steel", "uv": [ 4.5, 13.0, 5.0, 14.5 ] },
						"south": { "texture": "#steel", "uv": [ 0.0, 9.0, 4.0, 10.5 ] },
						"west": { "texture": "#steel", "uv": [ 1.5, 5.0, 2.0, 6.5 ] },
						"up": { "texture": "#steel", "uv": [ 10.5, 15.0, 14.5, 15.5 ] },
						"down": { "texture": "#steel", "uv": [ 11.0, 0.5, 15.0, 1.0 ] }
					}
				},
				{
					"name": "Cube29",
					"from": [ 3.7, 0.0, 0.38 ], 
					"to": [ 5.1, 1.6, 0.82 ], 
					"rotationOrigin": [ 3.7, 0.0, 0.4 ],
					"rotationZ": -90.0,
					"faces": {
						"north": { "texture": "#steel", "uv": [ 14.5, 11.0, 15.5, 12.5 ] },
						"east": { "texture": "#steel", "uv": [ 3.0, 0.0, 3.5, 1.5 ] },
						"south": { "texture": "#steel", "uv": [ 8.0, 2.0, 9.0, 3.5 ] },
						"west": { "texture": "#steel", "uv": [ 1.0, 2.5, 1.5, 4.0 ] },
						"up": { "texture": "#steel", "uv": [ 14.5, 8.0, 15.5, 8.5 ] },
						"down": { "texture": "#steel", "uv": [ 6.0, 4.5, 7.0, 5.0 ] }
					}
				},
				{
					"name": "Cube30",
					"from": [ 5.3, -1.4, 0.4 ], 
					"to": [ 7.3, 0.2, 0.8 ], 
					"rotationOrigin": [ 5.3, -1.4, 0.4 ],
					"rotationZ": 46.0,
					"faces": {
						"north": { "texture": "#steel", "uv": [ 13.0, 10.0, 15.0, 11.5 ] },
						"east": { "texture": "#steel", "uv": [ 14.0, 1.0, 14.5, 2.5 ] },
						"south": { "texture": "#steel", "uv": [ 13.0, 7.0, 15.0, 8.5 ] },
						"west": { "texture": "#steel", "uv": [ 6.0, 1.0, 6.5, 2.5 ] },
						"up": { "texture": "#steel", "uv": [ 3.0, 2.0, 5.0, 2.5 ] },
						"down": { "texture": "#steel", "uv": [ 0.0, 5.5, 2.0, 6.0 ] }
					}
				}
			]
		},
		{
			"name": "Head31",
			"from": [ 6.0, -0.5, 8.4 ], 
			"to": [ 12.7, 1.0, 9.6 ], 
			"rotationOrigin": [ 6.0, 1.0, 9.0 ],
			"rotationX": -45.0,
			"faces": {
				"north": { "texture": "#steel", "uv": [ 8.0, 10.0, 14.5, 11.5 ] },
				"east": { "texture": "#steel", "uv": [ 6.5, 8.0, 7.5, 9.5 ] },
				"south": { "texture": "#steel", "uv": [ 5.5, 3.5, 12.0, 5.0 ] },
				"west": { "texture": "#steel", "uv": [ 3.0, 12.0, 4.0, 13.5 ] },
				"up": { "texture": "#steel", "uv": [ 6.0, 5.5, 12.5, 6.5 ] },
				"down": { "texture": "#steel", "uv": [ 0.0, 3.0, 6.5, 4.0 ] }
			},
			"children": [
				{
					"name": "Cube32",
					"from": [ 0.0, 0.0, 0.4 ], 
					"to": [ 4.0, 1.6, 0.8 ], 
					"rotationOrigin": [ 0.0, 0.0, 0.4 ],
					"rotationZ": -20.0,
					"faces": {
						"north": { "texture": "#steel", "uv": [ 3.5, 12.5, 7.5, 14.0 ] },
						"east": { "texture": "#steel", "uv": [ 8.0, 4.0, 8.5, 5.5 ] },
						"south": { "texture": "#steel", "uv": [ 5.5, 9.5, 9.5, 11.0 ] },
						"west": { "texture": "#steel", "uv": [ 12.0, 2.0, 12.5, 3.5 ] },
						"up": { "texture": "#steel", "uv": [ 3.5, 3.5, 7.5, 4.0 ] },
						"down": { "texture": "#steel", "uv": [ 4.5, 0.0, 8.5, 0.5 ] }
					}
				},
				{
					"name": "Cube33",
					"from": [ 3.7, 0.0, 0.38 ], 
					"to": [ 5.1, 1.6, 0.82 ], 
					"rotationOrigin": [ 3.7, 0.0, 0.4 ],
					"rotationZ": -90.0,
					"faces": {
						"north": { "texture": "#steel", "uv": [ 3.5, 0.0, 4.5, 1.5 ] },
						"east": { "texture": "#steel", "uv": [ 10.0, 9.0, 10.5, 10.5 ] },
						"south": { "texture": "#steel", "uv": [ 13.5, 14.0, 14.5, 15.5 ] },
						"west": { "texture": "#steel", "uv": [ 3.0, 2.5, 3.5, 4.0 ] },
						"up": { "texture": "#steel", "uv": [ 9.0, 10.0, 10.0, 10.5 ] },
						"down": { "texture": "#steel", "uv": [ 12.5, 2.5, 13.5, 3.0 ] }
					}
				},
				{
					"name": "Cube34",
					"from": [ 5.3, -1.4, 0.4 ], 
					"to": [ 7.3, 0.2, 0.8 ], 
					"rotationOrigin": [ 5.3, -1.4, 0.4 ],
					"rotationZ": 46.0,
					"faces": {
						"north": { "texture": "#steel", "uv": [ 0.0, 3.5, 2.0, 5.0 ] },
						"east": { "texture": "#steel", "uv": [ 1.0, 12.0, 1.5, 13.5 ] },
						"south": { "texture": "#steel", "uv": [ 4.0, 6.0, 6.0, 7.5 ] },
						"west": { "texture": "#steel", "uv": [ 10.0, 3.0, 10.5, 4.5 ] },
						"up": { "texture": "#steel", "uv": [ 1.0, 5.0, 3.0, 5.5 ] },
						"down": { "texture": "#steel", "uv": [ 1.0, 1.5, 3.0, 2.0 ] }
					}
				}
			]
		},
		{
			"name": "Head35",
			"from": [ 6.0, -0.5, 8.4 ], 
			"to": [ 12.7, 1.0, 9.6 ], 
			"rotationOrigin": [ 6.0, 1.0, 9.0 ],
			"rotationX": -90.0,
			"faces": {
				"north": { "texture": "#steel", "uv": [ 6.5, 4.5, 13.0, 6.0 ] },
				"east": { "texture": "#steel", "uv": [ 7.5, 7.5, 8.5, 9.0 ] },
				"south": { "texture": "#steel", "uv": [ 6.0, 5.0, 12.5, 6.5 ] },
				"west": { "texture": "#steel", "uv": [ 8.5, 0.0, 9.5, 1.5 ] },
				"up": { "texture": "#steel", "uv": [ 5.0, 0.5, 11.5, 1.5 ] },
				"down": { "texture": "#steel", "uv": [ 2.0, 1.5, 8.5, 2.5 ] }
			},
			"children": [
				{
					"name": "Cube38",
					"from": [ 0.0, 0.0, 0.4 ], 
					"to": [ 4.0, 1.6, 0.8 ], 
					"rotationOrigin": [ 0.0, 0.0, 0.4 ],
					"rotationZ": -20.0,
					"faces": {
						"north": { "texture": "#steel", "uv": [ 2.0, 0.5, 6.0, 2.0 ] },
						"east": { "texture": "#steel", "uv": [ 0.5, 0.0, 1.0, 1.5 ] },
						"south": { "texture": "#steel", "uv": [ 3.0, 11.0, 7.0, 12.5 ] },
						"west": { "texture": "#steel", "uv": [ 7.0, 7.5, 7.5, 9.0 ] },
						"up": { "texture": "#steel", "uv": [ 8.5, 12.5, 12.5, 13.0 ] },
						"down": { "texture": "#steel", "uv": [ 10.5, 14.0, 14.5, 14.5 ] }
					}
				},
				{
					"name": "Cube38",
					"from": [ 3.7, 0.0, 0.38 ], 
					"to": [ 5.1, 1.6, 0.82 ], 
					"rotationOrigin": [ 3.7, 0.0, 0.4 ],
					"rotationZ": -90.0,
					"faces": {
						"north": { "texture": "#steel", "uv": [ 1.0, 9.0, 2.0, 10.5 ] },
						"east": { "texture": "#steel", "uv": [ 4.0, 1.5, 4.5, 3.0 ] },
						"south": { "texture": "#steel", "uv": [ 2.5, 3.5, 3.5, 5.0 ] },
						"west": { "texture": "#steel", "uv": [ 9.0, 10.5, 9.5, 12.0 ] },
						"up": { "texture": "#steel", "uv": [ 8.0, 0.0, 9.0, 0.5 ] },
						"down": { "texture": "#steel", "uv": [ 6.5, 4.5, 7.5, 5.0 ] }
					}
				},
				{
					"name": "Cube38",
					"from": [ 5.3, -1.4, 0.4 ], 
					"to": [ 7.3, 0.2, 0.8 ], 
					"rotationOrigin": [ 5.3, -1.4, 0.4 ],
					"rotationZ": 46.0,
					"faces": {
						"north": { "texture": "#steel", "uv": [ 13.0, 12.5, 15.0, 14.0 ] },
						"east": { "texture": "#steel", "uv": [ 5.0, 11.0, 5.5, 12.5 ] },
						"south": { "texture": "#steel", "uv": [ 0.5, 7.0, 2.5, 8.5 ] },
						"west": { "texture": "#steel", "uv": [ 6.0, 7.0, 6.5, 8.5 ] },
						"up": { "texture": "#steel", "uv": [ 10.0, 11.0, 12.0, 11.5 ] },
						"down": { "texture": "#steel", "uv": [ 5.0, 6.5, 7.0, 7.0 ] }
					}
				}
			]
		},
		{
			"name": "Head39",
			"from": [ 6.0, -0.5, 8.4 ], 
			"to": [ 12.7, 1.0, 9.6 ], 
			"rotationOrigin": [ 6.0, 1.0, 9.0 ],
			"rotationX": -135.0,
			"faces": {
				"north": { "texture": "#steel", "uv": [ 6.5, 13.0, 13.0, 14.5 ] },
				"east": { "texture": "#steel", "uv": [ 2.5, 6.5, 3.5, 8.0 ] },
				"south": { "texture": "#steel", "uv": [ 9.0, 13.0, 15.5, 14.5 ] },
				"west": { "texture": "#steel", "uv": [ 1.0, 1.0, 2.0, 2.5 ] },
				"up": { "texture": "#steel", "uv": [ 2.5, 13.0, 9.0, 14.0 ] },
				"down": { "texture": "#steel", "uv": [ 0.0, 4.5, 6.5, 5.5 ] }
			},
			"children": [
				{
					"name": "Cube43",
					"from": [ 0.0, 0.0, 0.4 ], 
					"to": [ 4.0, 1.6, 0.8 ], 
					"rotationOrigin": [ 0.0, 0.0, 0.4 ],
					"rotationZ": -20.0,
					"faces": {
						"north": { "texture": "#steel", "uv": [ 6.5, 0.0, 10.5, 1.5 ] },
						"east": { "texture": "#steel", "uv": [ 8.0, 0.0, 8.5, 1.5 ] },
						"south": { "texture": "#steel", "uv": [ 0.0, 6.5, 4.0, 8.0 ] },
						"west": { "texture": "#steel", "uv": [ 11.5, 8.0, 12.0, 9.5 ] },
						"up": { "texture": "#steel", "uv": [ 9.5, 0.5, 13.5, 1.0 ] },
						"down": { "texture": "#steel", "uv": [ 1.0, 13.5, 5.0, 14.0 ] }
					}
				},
				{
					"name": "Cube43",
					"from": [ 3.7, 0.0, 0.38 ], 
					"to": [ 5.1, 1.6, 0.82 ], 
					"rotationOrigin": [ 3.7, 0.0, 0.4 ],
					"rotationZ": -90.0,
					"faces": {
						"north": { "texture": "#steel", "uv": [ 4.5, 9.5, 5.5, 11.0 ] },
						"east": { "texture": "#steel", "uv": [ 6.5, 8.5, 7.0, 10.0 ] },
						"south": { "texture": "#steel", "uv": [ 12.0, 3.0, 13.0, 4.5 ] },
						"west": { "texture": "#steel", "uv": [ 4.5, 7.0, 5.0, 8.5 ] },
						"up": { "texture": "#steel", "uv": [ 6.0, 9.5, 7.0, 10.0 ] },
						"down": { "texture": "#steel", "uv": [ 3.5, 9.0, 4.5, 9.5 ] }
					}
				},
				{
					"name": "Cube43",
					"from": [ 5.3, -1.4, 0.4 ], 
					"to": [ 7.3, 0.2, 0.8 ], 
					"rotationOrigin": [ 5.3, -1.4, 0.4 ],
					"rotationZ": 46.0,
					"faces": {
						"north": { "texture": "#steel", "uv": [ 3.5, 12.0, 5.5, 13.5 ] },
						"east": { "texture": "#steel", "uv": [ 2.0, 9.5, 2.5, 11.0 ] },
						"south": { "texture": "#steel", "uv": [ 2.0, 8.0, 4.0, 9.5 ] },
						"west": { "texture": "#steel", "uv": [ 8.0, 10.5, 8.5, 12.0 ] },
						"up": { "texture": "#steel", "uv": [ 9.5, 9.5, 11.5, 10.0 ] },
						"down": { "texture": "#steel", "uv": [ 11.5, 9.5, 13.5, 10.0 ] }
					}
				}
			]
		}
	]}