{
	"editor": {
		"allAngles": false,
		"entityTextureMode": false
	},
	"textureWidth": 16,
	"textureHeight": 16,
	"textureSizes": {
	},
	"textures": {
		"copper2": "game:block/metal/ingot/copper"
	},
	"elements": [
		{
			"name": "Head",
			"from": [ 6.0, -1.0, 8.2 ], 
			"to": [ 12.0, 3.0, 9.85 ], 
			"rotationOrigin": [ 6.0, 1.0, 9.025 ],
			"faces": {
				"north": { "texture": "#copper2", "uv": [ 6.5, 6.5, 12.5, 10.5 ] },
				"east": { "texture": "#copper2", "uv": [ 8.0, 11.0, 9.5, 15.0 ] },
				"south": { "texture": "#copper2", "uv": [ 3.0, 1.0, 9.0, 5.0 ] },
				"west": { "texture": "#copper2", "uv": [ 4.0, 6.0, 5.5, 10.0 ] },
				"up": { "texture": "#copper2", "uv": [ 2.5, 7.0, 8.5, 8.5 ] },
				"down": { "texture": "#copper2", "uv": [ 2.0, 9.0, 8.0, 10.5 ] }
			},
			"children": [
				{
					"name": "Head3",
					"from": [ 0.0, 0.0, 0.0 ], 
					"to": [ 6.0, 4.0, 1.65 ], 
					"rotationOrigin": [ 0.0, 2.0, 0.825 ],
					"rotationX": -45.0,
					"faces": {
						"north": { "texture": "#copper2", "uv": [ 9.0, 9.5, 15.0, 13.5 ] },
						"east": { "texture": "#copper2", "uv": [ 13.5, 8.5, 15.0, 12.5 ] },
						"south": { "texture": "#copper2", "uv": [ 4.5, 10.0, 10.5, 14.0 ] },
						"west": { "texture": "#copper2", "uv": [ 9.5, 8.0, 11.0, 12.0 ] },
						"up": { "texture": "#copper2", "uv": [ 8.5, 10.5, 14.5, 12.0 ] },
						"down": { "texture": "#copper2", "uv": [ 5.0, 11.5, 11.0, 13.0 ] }
					}
				},
				{
					"name": "Head4",
					"from": [ 0.0, 0.0, 0.0 ], 
					"to": [ 6.0, 4.0, 1.65 ], 
					"rotationOrigin": [ 0.0, 2.0, 0.825 ],
					"rotationX": -90.0,
					"faces": {
						"north": { "texture": "#copper2", "uv": [ 8.0, 8.0, 14.0, 12.0 ] },
						"east": { "texture": "#copper2", "uv": [ 6.5, 7.5, 8.0, 11.5 ] },
						"south": { "texture": "#copper2", "uv": [ 9.5, 2.5, 15.5, 6.5 ] },
						"west": { "texture": "#copper2", "uv": [ 2.5, 6.0, 4.0, 10.0 ] },
						"up": { "texture": "#copper2", "uv": [ 6.5, 8.5, 12.5, 10.0 ] },
						"down": { "texture": "#copper2", "uv": [ 5.5, 12.0, 11.5, 13.5 ] }
					}
				},
				{
					"name": "Head5",
					"from": [ 0.0, 0.0, 0.0 ], 
					"to": [ 6.0, 4.0, 1.65 ], 
					"rotationOrigin": [ 0.0, 2.0, 0.825 ],
					"rotationX": -135.0,
					"faces": {
						"north": { "texture": "#copper2", "uv": [ 0.0, 0.0, 6.0, 4.0 ] },
						"east": { "texture": "#copper2", "uv": [ 12.5, 3.0, 14.0, 7.0 ] },
						"south": { "texture": "#copper2", "uv": [ 7.5, 10.5, 13.5, 14.5 ] },
						"west": { "texture": "#copper2", "uv": [ 0.5, 11.0, 2.0, 15.0 ] },
						"up": { "texture": "#copper2", "uv": [ 3.0, 1.5, 9.0, 3.0 ] },
						"down": { "texture": "#copper2", "uv": [ 2.0, 5.0, 8.0, 6.5 ] }
					}
				},
				{
					"name": "Cube1",
					"from": [ -1.4, 0.8, -0.4 ], 
					"to": [ 6.3, 3.2, 2.0 ], 
					"rotationOrigin": [ -1.4, 0.8, -0.4 ],
					"faces": {
						"north": { "texture": "#copper2", "uv": [ 2.0, 3.5, 9.5, 5.5 ] },
						"east": { "texture": "#copper2", "uv": [ 11.0, 1.5, 13.0, 3.5 ] },
						"south": { "texture": "#copper2", "uv": [ 2.5, 13.0, 10.0, 15.0 ] },
						"west": { "texture": "#copper2", "uv": [ 8.5, 7.5, 10.5, 9.5 ] },
						"up": { "texture": "#copper2", "uv": [ 1.0, 12.5, 8.5, 14.5 ] },
						"down": { "texture": "#copper2", "uv": [ 3.5, 0.0, 11.0, 2.0 ] }
					}
				},
				{
					"name": "Cube7",
					"from": [ 4.6, 1.3, 0.1 ], 
					"to": [ 6.6, 2.7, 1.5 ], 
					"rotationOrigin": [ 4.6, 2.0, 0.8 ],
					"rotationX": -45.0,
					"faces": {
						"north": { "texture": "#copper2", "uv": [ 12.0, 1.0, 14.0, 2.0 ] },
						"east": { "texture": "#copper2", "uv": [ 4.0, 3.0, 5.0, 4.0 ] },
						"south": { "texture": "#copper2", "uv": [ 0.0, 13.0, 2.0, 14.0 ] },
						"west": { "texture": "#copper2", "uv": [ 11.0, 9.5, 12.0, 10.5 ] },
						"up": { "texture": "#copper2", "uv": [ 11.0, 7.0, 13.0, 8.0 ] },
						"down": { "texture": "#copper2", "uv": [ 2.5, 1.0, 4.5, 2.0 ] }
					}
				}
			]
		}
	]}