{
	"editor": {
		"allAngles": false,
		"entityTextureMode": false
	},
	"textureWidth": 16,
	"textureHeight": 16,
	"textureSizes": {
	},
	"textures": {
		"iron": "game:block/metal/ingot/iron"
	},
	"elements": [
		{
			"name": "Head",
			"from": [ 6.0, -1.0, 8.2 ], 
			"to": [ 12.0, 3.0, 9.85 ], 
			"rotationOrigin": [ 6.0, 1.0, 9.025 ],
			"faces": {
				"north": { "texture": "#iron", "uv": [ 6.5, 6.5, 12.5, 10.5 ] },
				"east": { "texture": "#iron", "uv": [ 8.0, 11.0, 9.5, 15.0 ] },
				"south": { "texture": "#iron", "uv": [ 3.0, 1.0, 9.0, 5.0 ] },
				"west": { "texture": "#iron", "uv": [ 4.0, 6.0, 5.5, 10.0 ] },
				"up": { "texture": "#iron", "uv": [ 2.5, 7.0, 8.5, 8.5 ] },
				"down": { "texture": "#iron", "uv": [ 2.0, 9.0, 8.0, 10.5 ] }
			},
			"children": [
				{
					"name": "Cube1",
					"from": [ -1.4, 0.8, -0.4 ], 
					"to": [ 6.3, 3.2, 2.0 ], 
					"rotationOrigin": [ -1.4, 0.8, -0.4 ],
					"faces": {
						"north": { "texture": "#iron", "uv": [ 2.0, 3.5, 9.5, 5.5 ] },
						"east": { "texture": "#iron", "uv": [ 11.0, 1.5, 13.0, 3.5 ] },
						"south": { "texture": "#iron", "uv": [ 2.5, 13.0, 10.0, 15.0 ] },
						"west": { "texture": "#iron", "uv": [ 8.5, 7.5, 10.5, 9.5 ] },
						"up": { "texture": "#iron", "uv": [ 1.0, 12.5, 8.5, 14.5 ] },
						"down": { "texture": "#iron", "uv": [ 3.5, 0.0, 11.0, 2.0 ] }
					}
				},
				{
					"name": "Cube4",
					"from": [ 4.6, 3.15, 0.3 ], 
					"to": [ 5.6, 4.15, 1.3 ], 
					"rotationOrigin": [ 5.1, 3.6, 0.8 ],
					"rotationX": -90.0,
					"rotationY": 45.0,
					"rotationZ": 45.0,
					"faces": {
						"north": { "texture": "#iron", "uv": [ 0.0, 0.0, 1.0, 1.0 ] },
						"east": { "texture": "#iron", "uv": [ 0.0, 0.0, 1.0, 1.0 ] },
						"south": { "texture": "#iron", "uv": [ 0.0, 0.0, 1.0, 1.0 ] },
						"west": { "texture": "#iron", "uv": [ 0.0, 0.0, 1.0, 1.0 ] },
						"up": { "texture": "#iron", "uv": [ 0.0, 0.0, 1.0, 1.0 ] },
						"down": { "texture": "#iron", "uv": [ 0.0, 0.0, 1.0, 1.0 ] }
					}
				},
				{
					"name": "Cube5",
					"from": [ 4.6, -0.05, 0.3 ], 
					"to": [ 5.6, 0.95, 1.3 ], 
					"rotationOrigin": [ 5.1, 0.4, 0.8 ],
					"rotationX": 90.0,
					"rotationY": 45.0,
					"rotationZ": 45.0,
					"faces": {
						"north": { "texture": "#iron", "uv": [ 0.0, 0.0, 1.0, 1.0 ] },
						"east": { "texture": "#iron", "uv": [ 0.0, 0.0, 1.0, 1.0 ] },
						"south": { "texture": "#iron", "uv": [ 0.0, 0.0, 1.0, 1.0 ] },
						"west": { "texture": "#iron", "uv": [ 0.0, 0.0, 1.0, 1.0 ] },
						"up": { "texture": "#iron", "uv": [ 0.0, 0.0, 1.0, 1.0 ] },
						"down": { "texture": "#iron", "uv": [ 0.0, 0.0, 1.0, 1.0 ] }
					}
				},
				{
					"name": "Cube6",
					"from": [ 1.6, 3.15, 0.3 ], 
					"to": [ 2.6, 4.15, 1.3 ], 
					"rotationOrigin": [ 2.1, 3.6, 0.8 ],
					"rotationX": -90.0,
					"rotationY": 45.0,
					"rotationZ": 45.0,
					"faces": {
						"north": { "texture": "#iron", "uv": [ 0.0, 0.0, 1.0, 1.0 ] },
						"east": { "texture": "#iron", "uv": [ 0.0, 0.0, 1.0, 1.0 ] },
						"south": { "texture": "#iron", "uv": [ 0.0, 0.0, 1.0, 1.0 ] },
						"west": { "texture": "#iron", "uv": [ 0.0, 0.0, 1.0, 1.0 ] },
						"up": { "texture": "#iron", "uv": [ 0.0, 0.0, 1.0, 1.0 ] },
						"down": { "texture": "#iron", "uv": [ 0.0, 0.0, 1.0, 1.0 ] }
					}
				},
				{
					"name": "Cube7",
					"from": [ 1.6, -0.05, 0.3 ], 
					"to": [ 2.6, 0.95, 1.3 ], 
					"rotationOrigin": [ 2.1, 0.4, 0.8 ],
					"rotationX": 90.0,
					"rotationY": 45.0,
					"rotationZ": 45.0,
					"faces": {
						"north": { "texture": "#iron", "uv": [ 0.0, 0.0, 1.0, 1.0 ] },
						"east": { "texture": "#iron", "uv": [ 0.0, 0.0, 1.0, 1.0 ] },
						"south": { "texture": "#iron", "uv": [ 0.0, 0.0, 1.0, 1.0 ] },
						"west": { "texture": "#iron", "uv": [ 0.0, 0.0, 1.0, 1.0 ] },
						"up": { "texture": "#iron", "uv": [ 0.0, 0.0, 1.0, 1.0 ] },
						"down": { "texture": "#iron", "uv": [ 0.0, 0.0, 1.0, 1.0 ] }
					}
				}
			]
		},
		{
			"name": "Head8",
			"from": [ 6.0, -1.0, 8.2 ], 
			"to": [ 12.0, 3.0, 9.85 ], 
			"rotationOrigin": [ 6.0, 1.0, 9.025 ],
			"rotationX": -45.0,
			"faces": {
				"north": { "texture": "#iron", "uv": [ 6.5, 6.5, 12.5, 10.5 ] },
				"east": { "texture": "#iron", "uv": [ 8.0, 11.0, 9.5, 15.0 ] },
				"south": { "texture": "#iron", "uv": [ 3.0, 1.0, 9.0, 5.0 ] },
				"west": { "texture": "#iron", "uv": [ 4.0, 6.0, 5.5, 10.0 ] },
				"up": { "texture": "#iron", "uv": [ 2.5, 7.0, 8.5, 8.5 ] },
				"down": { "texture": "#iron", "uv": [ 2.0, 9.0, 8.0, 10.5 ] }
			},
			"children": [
				{
					"name": "Cube9",
					"from": [ 2.6, 0.8, -0.4 ], 
					"to": [ 6.2, 3.2, 2.0 ], 
					"rotationOrigin": [ 2.6, 0.8, -0.4 ],
					"faces": {
						"north": { "texture": "#iron", "uv": [ 2.0, 3.5, 5.5, 5.5 ] },
						"east": { "texture": "#iron", "uv": [ 11.0, 1.5, 13.0, 3.5 ] },
						"south": { "texture": "#iron", "uv": [ 2.5, 13.0, 6.0, 15.0 ] },
						"west": { "texture": "#iron", "uv": [ 8.5, 7.5, 10.5, 9.5 ] },
						"up": { "texture": "#iron", "uv": [ 1.0, 12.5, 4.5, 14.5 ] },
						"down": { "texture": "#iron", "uv": [ 3.5, 0.0, 7.0, 2.0 ] }
					}
				},
				{
					"name": "Cube10",
					"from": [ 4.6, 3.15, 0.3 ], 
					"to": [ 5.6, 4.15, 1.3 ], 
					"rotationOrigin": [ 5.1, 3.6, 0.8 ],
					"rotationX": -90.0,
					"rotationY": 45.0,
					"rotationZ": 45.0,
					"faces": {
						"north": { "texture": "#iron", "uv": [ 0.0, 0.0, 1.0, 1.0 ] },
						"east": { "texture": "#iron", "uv": [ 0.0, 0.0, 1.0, 1.0 ] },
						"south": { "texture": "#iron", "uv": [ 0.0, 0.0, 1.0, 1.0 ] },
						"west": { "texture": "#iron", "uv": [ 0.0, 0.0, 1.0, 1.0 ] },
						"up": { "texture": "#iron", "uv": [ 0.0, 0.0, 1.0, 1.0 ] },
						"down": { "texture": "#iron", "uv": [ 0.0, 0.0, 1.0, 1.0 ] }
					}
				},
				{
					"name": "Cube11",
					"from": [ 4.6, -0.05, 0.3 ], 
					"to": [ 5.6, 0.95, 1.3 ], 
					"rotationOrigin": [ 5.1, 0.4, 0.8 ],
					"rotationX": 90.0,
					"rotationY": 45.0,
					"rotationZ": 45.0,
					"faces": {
						"north": { "texture": "#iron", "uv": [ 0.0, 0.0, 1.0, 1.0 ] },
						"east": { "texture": "#iron", "uv": [ 0.0, 0.0, 1.0, 1.0 ] },
						"south": { "texture": "#iron", "uv": [ 0.0, 0.0, 1.0, 1.0 ] },
						"west": { "texture": "#iron", "uv": [ 0.0, 0.0, 1.0, 1.0 ] },
						"up": { "texture": "#iron", "uv": [ 0.0, 0.0, 1.0, 1.0 ] },
						"down": { "texture": "#iron", "uv": [ 0.0, 0.0, 1.0, 1.0 ] }
					}
				},
				{
					"name": "Cube12",
					"from": [ 1.6, 3.15, 0.3 ], 
					"to": [ 2.6, 4.15, 1.3 ], 
					"rotationOrigin": [ 2.1, 3.6, 0.8 ],
					"rotationX": -90.0,
					"rotationY": 45.0,
					"rotationZ": 45.0,
					"faces": {
						"north": { "texture": "#iron", "uv": [ 0.0, 0.0, 1.0, 1.0 ] },
						"east": { "texture": "#iron", "uv": [ 0.0, 0.0, 1.0, 1.0 ] },
						"south": { "texture": "#iron", "uv": [ 0.0, 0.0, 1.0, 1.0 ] },
						"west": { "texture": "#iron", "uv": [ 0.0, 0.0, 1.0, 1.0 ] },
						"up": { "texture": "#iron", "uv": [ 0.0, 0.0, 1.0, 1.0 ] },
						"down": { "texture": "#iron", "uv": [ 0.0, 0.0, 1.0, 1.0 ] }
					}
				},
				{
					"name": "Cube13",
					"from": [ 1.6, -0.05, 0.3 ], 
					"to": [ 2.6, 0.95, 1.3 ], 
					"rotationOrigin": [ 2.1, 0.4, 0.8 ],
					"rotationX": 90.0,
					"rotationY": 45.0,
					"rotationZ": 45.0,
					"faces": {
						"north": { "texture": "#iron", "uv": [ 0.0, 0.0, 1.0, 1.0 ] },
						"east": { "texture": "#iron", "uv": [ 0.0, 0.0, 1.0, 1.0 ] },
						"south": { "texture": "#iron", "uv": [ 0.0, 0.0, 1.0, 1.0 ] },
						"west": { "texture": "#iron", "uv": [ 0.0, 0.0, 1.0, 1.0 ] },
						"up": { "texture": "#iron", "uv": [ 0.0, 0.0, 1.0, 1.0 ] },
						"down": { "texture": "#iron", "uv": [ 0.0, 0.0, 1.0, 1.0 ] }
					}
				}
			]
		},
		{
			"name": "Head14",
			"from": [ 6.0, -1.0, 8.2 ], 
			"to": [ 12.0, 3.0, 9.85 ], 
			"rotationOrigin": [ 6.0, 1.0, 9.025 ],
			"rotationX": -90.0,
			"faces": {
				"north": { "texture": "#iron", "uv": [ 6.5, 6.5, 12.5, 10.5 ] },
				"east": { "texture": "#iron", "uv": [ 8.0, 11.0, 9.5, 15.0 ] },
				"south": { "texture": "#iron", "uv": [ 3.0, 1.0, 9.0, 5.0 ] },
				"west": { "texture": "#iron", "uv": [ 4.0, 6.0, 5.5, 10.0 ] },
				"up": { "texture": "#iron", "uv": [ 2.5, 7.0, 8.5, 8.5 ] },
				"down": { "texture": "#iron", "uv": [ 2.0, 9.0, 8.0, 10.5 ] }
			},
			"children": [
				{
					"name": "Cube16",
					"from": [ 4.6, 3.15, 0.3 ], 
					"to": [ 5.6, 4.15, 1.3 ], 
					"rotationOrigin": [ 5.1, 3.6, 0.8 ],
					"rotationX": -90.0,
					"rotationY": 45.0,
					"rotationZ": 45.0,
					"faces": {
						"north": { "texture": "#iron", "uv": [ 0.0, 0.0, 1.0, 1.0 ] },
						"east": { "texture": "#iron", "uv": [ 0.0, 0.0, 1.0, 1.0 ] },
						"south": { "texture": "#iron", "uv": [ 0.0, 0.0, 1.0, 1.0 ] },
						"west": { "texture": "#iron", "uv": [ 0.0, 0.0, 1.0, 1.0 ] },
						"up": { "texture": "#iron", "uv": [ 0.0, 0.0, 1.0, 1.0 ] },
						"down": { "texture": "#iron", "uv": [ 0.0, 0.0, 1.0, 1.0 ] }
					}
				},
				{
					"name": "Cube17",
					"from": [ 4.6, -0.05, 0.3 ], 
					"to": [ 5.6, 0.95, 1.3 ], 
					"rotationOrigin": [ 5.1, 0.4, 0.8 ],
					"rotationX": 90.0,
					"rotationY": 45.0,
					"rotationZ": 45.0,
					"faces": {
						"north": { "texture": "#iron", "uv": [ 0.0, 0.0, 1.0, 1.0 ] },
						"east": { "texture": "#iron", "uv": [ 0.0, 0.0, 1.0, 1.0 ] },
						"south": { "texture": "#iron", "uv": [ 0.0, 0.0, 1.0, 1.0 ] },
						"west": { "texture": "#iron", "uv": [ 0.0, 0.0, 1.0, 1.0 ] },
						"up": { "texture": "#iron", "uv": [ 0.0, 0.0, 1.0, 1.0 ] },
						"down": { "texture": "#iron", "uv": [ 0.0, 0.0, 1.0, 1.0 ] }
					}
				},
				{
					"name": "Cube18",
					"from": [ 1.6, 3.15, 0.3 ], 
					"to": [ 2.6, 4.15, 1.3 ], 
					"rotationOrigin": [ 2.1, 3.6, 0.8 ],
					"rotationX": -90.0,
					"rotationY": 45.0,
					"rotationZ": 45.0,
					"faces": {
						"north": { "texture": "#iron", "uv": [ 0.0, 0.0, 1.0, 1.0 ] },
						"east": { "texture": "#iron", "uv": [ 0.0, 0.0, 1.0, 1.0 ] },
						"south": { "texture": "#iron", "uv": [ 0.0, 0.0, 1.0, 1.0 ] },
						"west": { "texture": "#iron", "uv": [ 0.0, 0.0, 1.0, 1.0 ] },
						"up": { "texture": "#iron", "uv": [ 0.0, 0.0, 1.0, 1.0 ] },
						"down": { "texture": "#iron", "uv": [ 0.0, 0.0, 1.0, 1.0 ] }
					}
				},
				{
					"name": "Cube19",
					"from": [ 1.6, -0.05, 0.3 ], 
					"to": [ 2.6, 0.95, 1.3 ], 
					"rotationOrigin": [ 2.1, 0.4, 0.8 ],
					"rotationX": 90.0,
					"rotationY": 45.0,
					"rotationZ": 45.0,
					"faces": {
						"north": { "texture": "#iron", "uv": [ 0.0, 0.0, 1.0, 1.0 ] },
						"east": { "texture": "#iron", "uv": [ 0.0, 0.0, 1.0, 1.0 ] },
						"south": { "texture": "#iron", "uv": [ 0.0, 0.0, 1.0, 1.0 ] },
						"west": { "texture": "#iron", "uv": [ 0.0, 0.0, 1.0, 1.0 ] },
						"up": { "texture": "#iron", "uv": [ 0.0, 0.0, 1.0, 1.0 ] },
						"down": { "texture": "#iron", "uv": [ 0.0, 0.0, 1.0, 1.0 ] }
					}
				}
			]
		},
		{
			"name": "Head20",
			"from": [ 6.0, -1.0, 8.2 ], 
			"to": [ 12.0, 3.0, 9.85 ], 
			"rotationOrigin": [ 6.0, 1.0, 9.025 ],
			"rotationX": -135.0,
			"faces": {
				"north": { "texture": "#iron", "uv": [ 6.5, 6.5, 12.5, 10.5 ] },
				"east": { "texture": "#iron", "uv": [ 8.0, 11.0, 9.5, 15.0 ] },
				"south": { "texture": "#iron", "uv": [ 3.0, 1.0, 9.0, 5.0 ] },
				"west": { "texture": "#iron", "uv": [ 4.0, 6.0, 5.5, 10.0 ] },
				"up": { "texture": "#iron", "uv": [ 2.5, 7.0, 8.5, 8.5 ] },
				"down": { "texture": "#iron", "uv": [ 2.0, 9.0, 8.0, 10.5 ] }
			},
			"children": [
				{
					"name": "Cube22",
					"from": [ 4.6, 3.15, 0.3 ], 
					"to": [ 5.6, 4.15, 1.3 ], 
					"rotationOrigin": [ 5.1, 3.6, 0.8 ],
					"rotationX": -90.0,
					"rotationY": 45.0,
					"rotationZ": 45.0,
					"faces": {
						"north": { "texture": "#iron", "uv": [ 0.0, 0.0, 1.0, 1.0 ] },
						"east": { "texture": "#iron", "uv": [ 0.0, 0.0, 1.0, 1.0 ] },
						"south": { "texture": "#iron", "uv": [ 0.0, 0.0, 1.0, 1.0 ] },
						"west": { "texture": "#iron", "uv": [ 0.0, 0.0, 1.0, 1.0 ] },
						"up": { "texture": "#iron", "uv": [ 0.0, 0.0, 1.0, 1.0 ] },
						"down": { "texture": "#iron", "uv": [ 0.0, 0.0, 1.0, 1.0 ] }
					}
				},
				{
					"name": "Cube23",
					"from": [ 4.6, -0.05, 0.3 ], 
					"to": [ 5.6, 0.95, 1.3 ], 
					"rotationOrigin": [ 5.1, 0.4, 0.8 ],
					"rotationX": 90.0,
					"rotationY": 45.0,
					"rotationZ": 45.0,
					"faces": {
						"north": { "texture": "#iron", "uv": [ 0.0, 0.0, 1.0, 1.0 ] },
						"east": { "texture": "#iron", "uv": [ 0.0, 0.0, 1.0, 1.0 ] },
						"south": { "texture": "#iron", "uv": [ 0.0, 0.0, 1.0, 1.0 ] },
						"west": { "texture": "#iron", "uv": [ 0.0, 0.0, 1.0, 1.0 ] },
						"up": { "texture": "#iron", "uv": [ 0.0, 0.0, 1.0, 1.0 ] },
						"down": { "texture": "#iron", "uv": [ 0.0, 0.0, 1.0, 1.0 ] }
					}
				},
				{
					"name": "Cube24",
					"from": [ 1.6, 3.15, 0.3 ], 
					"to": [ 2.6, 4.15, 1.3 ], 
					"rotationOrigin": [ 2.1, 3.6, 0.8 ],
					"rotationX": -90.0,
					"rotationY": 45.0,
					"rotationZ": 45.0,
					"faces": {
						"north": { "texture": "#iron", "uv": [ 0.0, 0.0, 1.0, 1.0 ] },
						"east": { "texture": "#iron", "uv": [ 0.0, 0.0, 1.0, 1.0 ] },
						"south": { "texture": "#iron", "uv": [ 0.0, 0.0, 1.0, 1.0 ] },
						"west": { "texture": "#iron", "uv": [ 0.0, 0.0, 1.0, 1.0 ] },
						"up": { "texture": "#iron", "uv": [ 0.0, 0.0, 1.0, 1.0 ] },
						"down": { "texture": "#iron", "uv": [ 0.0, 0.0, 1.0, 1.0 ] }
					}
				},
				{
					"name": "Cube25",
					"from": [ 1.6, -0.05, 0.3 ], 
					"to": [ 2.6, 0.95, 1.3 ], 
					"rotationOrigin": [ 2.1, 0.4, 0.8 ],
					"rotationX": 90.0,
					"rotationY": 45.0,
					"rotationZ": 45.0,
					"faces": {
						"north": { "texture": "#iron", "uv": [ 0.0, 0.0, 1.0, 1.0 ] },
						"east": { "texture": "#iron", "uv": [ 0.0, 0.0, 1.0, 1.0 ] },
						"south": { "texture": "#iron", "uv": [ 0.0, 0.0, 1.0, 1.0 ] },
						"west": { "texture": "#iron", "uv": [ 0.0, 0.0, 1.0, 1.0 ] },
						"up": { "texture": "#iron", "uv": [ 0.0, 0.0, 1.0, 1.0 ] },
						"down": { "texture": "#iron", "uv": [ 0.0, 0.0, 1.0, 1.0 ] }
					}
				}
			]
		}
	]}