{
	"editor": {
		"allAngles": false,
		"entityTextureMode": false
	},
	"textureWidth": 16,
	"textureHeight": 16,
	"textureSizes": {
	},
	"textures": {
		"tinbronze": "game:block/metal/ingot/tinbronze"
	},
	"elements": [
		{
			"name": "Head",
			"from": [ 6.0, -0.7, 7.3 ], 
			"to": [ 12.0, 2.7, 10.7 ], 
			"rotationOrigin": [ 6.0, -0.7, 7.3 ],
			"faces": {
				"north": { "texture": "#tinbronze", "uv": [ 1.0, 9.0, 7.0, 12.0 ] },
				"east": { "texture": "#tinbronze", "uv": [ 11.0, 5.5, 14.0, 8.5 ] },
				"south": { "texture": "#tinbronze", "uv": [ 2.0, 6.0, 8.0, 9.0 ] },
				"west": { "texture": "#tinbronze", "uv": [ 0.0, 7.0, 3.0, 10.0 ] },
				"up": { "texture": "#tinbronze", "uv": [ 6.5, 6.5, 12.5, 9.5 ] },
				"down": { "texture": "#tinbronze", "uv": [ 2.5, 4.5, 8.5, 7.5 ] }
			}
		},
		{
			"name": "Head5",
			"from": [ 5.0, -0.2, 7.8 ], 
			"to": [ 6.0, 2.2, 10.2 ], 
			"rotationOrigin": [ 5.0, -0.2, 7.8 ],
			"faces": {
				"north": { "texture": "#tinbronze", "uv": [ 12.5, 8.5, 13.5, 10.5 ] },
				"east": { "texture": "#tinbronze", "uv": [ 0.0, 2.0, 2.0, 4.0 ] },
				"south": { "texture": "#tinbronze", "uv": [ 5.5, 4.0, 6.5, 6.0 ] },
				"west": { "texture": "#tinbronze", "uv": [ 1.0, 3.5, 3.0, 5.5 ] },
				"up": { "texture": "#tinbronze", "uv": [ 14.5, 6.0, 15.5, 8.0 ] },
				"down": { "texture": "#tinbronze", "uv": [ 13.0, 0.5, 14.0, 2.5 ] }
			},
			"children": [
				{
					"name": "Cube1",
					"from": [ 5.6, -0.8, 0.7 ], 
					"to": [ 6.6, 3.2, 1.7 ], 
					"rotationOrigin": [ 6.1, -0.8, 1.2 ],
					"rotationY": -45.0,
					"faces": {
						"north": { "texture": "#tinbronze", "uv": [ 2.0, 7.0, 3.0, 11.0 ] },
						"east": { "texture": "#tinbronze", "uv": [ 14.5, 10.5, 15.5, 14.5 ] },
						"south": { "texture": "#tinbronze", "uv": [ 12.5, 1.5, 13.5, 5.5 ] },
						"west": { "texture": "#tinbronze", "uv": [ 4.0, 9.0, 5.0, 13.0 ] },
						"up": { "texture": "#tinbronze", "uv": [ 11.5, 13.5, 12.5, 14.5 ] },
						"down": { "texture": "#tinbronze", "uv": [ 2.5, 5.0, 3.5, 6.0 ] }
					}
				},
				{
					"name": "Cube7",
					"from": [ 2.6, -0.8, 0.7 ], 
					"to": [ 3.6, 3.2, 1.7 ], 
					"rotationOrigin": [ 3.1, -0.8, 1.2 ],
					"rotationY": -45.0,
					"faces": {
						"north": { "texture": "#tinbronze", "uv": [ 13.0, 8.5, 14.0, 12.5 ] },
						"east": { "texture": "#tinbronze", "uv": [ 4.0, 5.5, 5.0, 9.5 ] },
						"south": { "texture": "#tinbronze", "uv": [ 5.0, 10.5, 6.0, 14.5 ] },
						"west": { "texture": "#tinbronze", "uv": [ 10.5, 2.5, 11.5, 6.5 ] },
						"up": { "texture": "#tinbronze", "uv": [ 4.5, 12.5, 5.5, 13.5 ] },
						"down": { "texture": "#tinbronze", "uv": [ 8.5, 8.0, 9.5, 9.0 ] }
					}
				},
				{
					"name": "Cube8",
					"from": [ 5.6, 1.2, -1.3 ], 
					"to": [ 6.6, 5.2, -0.3 ], 
					"rotationOrigin": [ 6.1, 1.2, -0.8 ],
					"rotationX": 90.0,
					"rotationY": -45.0,
					"faces": {
						"north": { "texture": "#tinbronze", "uv": [ 0.0, 7.5, 1.0, 11.5 ] },
						"east": { "texture": "#tinbronze", "uv": [ 5.5, 0.5, 6.5, 4.5 ] },
						"south": { "texture": "#tinbronze", "uv": [ 4.0, 4.0, 5.0, 8.0 ] },
						"west": { "texture": "#tinbronze", "uv": [ 5.5, 11.5, 6.5, 15.5 ] },
						"up": { "texture": "#tinbronze", "uv": [ 7.5, 6.0, 8.5, 7.0 ] },
						"down": { "texture": "#tinbronze", "uv": [ 4.5, 8.0, 5.5, 9.0 ] }
					}
				},
				{
					"name": "Cube9",
					"from": [ 2.6, 1.2, -1.3 ], 
					"to": [ 3.6, 5.2, -0.3 ], 
					"rotationOrigin": [ 3.1, 1.2, -0.8 ],
					"rotationX": 90.0,
					"rotationY": -45.0,
					"faces": {
						"north": { "texture": "#tinbronze", "uv": [ 1.5, 5.5, 2.5, 9.5 ] },
						"east": { "texture": "#tinbronze", "uv": [ 11.5, 2.0, 12.5, 6.0 ] },
						"south": { "texture": "#tinbronze", "uv": [ 1.0, 11.5, 2.0, 15.5 ] },
						"west": { "texture": "#tinbronze", "uv": [ 1.5, 4.0, 2.5, 8.0 ] },
						"up": { "texture": "#tinbronze", "uv": [ 12.0, 0.5, 13.0, 1.5 ] },
						"down": { "texture": "#tinbronze", "uv": [ 10.0, 10.5, 11.0, 11.5 ] }
					}
				}
			]
		},
		{
			"name": "Head10",
			"from": [ 12.0, -0.2, 7.8 ], 
			"to": [ 12.5, 2.2, 10.2 ], 
			"rotationOrigin": [ 12.0, -0.2, 7.8 ],
			"faces": {
				"north": { "texture": "#tinbronze", "uv": [ 0.5, 6.5, 1.0, 8.5 ] },
				"east": { "texture": "#tinbronze", "uv": [ 11.0, 1.5, 13.0, 3.5 ] },
				"south": { "texture": "#tinbronze", "uv": [ 13.5, 0.0, 14.0, 2.0 ] },
				"west": { "texture": "#tinbronze", "uv": [ 6.0, 5.0, 8.0, 7.0 ] },
				"up": { "texture": "#tinbronze", "uv": [ 14.5, 13.0, 15.0, 15.0 ] },
				"down": { "texture": "#tinbronze", "uv": [ 0.5, 13.5, 1.0, 15.5 ] }
			}
		}
	]}