{
	"editor": {
		"allAngles": false,
		"entityTextureMode": false
	},
	"textureWidth": 16,
	"textureHeight": 16,
	"textureSizes": {
	},
	"textures": {
		"blade": "game:block/metal/ingot/iron"
	},
	"elements": [
		{
			"name": "origin",
			"from": [ 8.0, 0.0, 8.0 ], 
			"to": [ 8.0, 0.0, 8.0 ], 
			"rotationOrigin": [ 8.0, 0.0, 8.0 ],
			"faces": {
				"north": { "texture": "#blade", "uv": [ 11.0, 4.5, 11.5, 5.0 ] },
				"east": { "texture": "#blade", "uv": [ 12.0, 3.0, 12.5, 3.5 ] },
				"south": { "texture": "#blade", "uv": [ 5.5, 5.5, 6.0, 6.0 ] },
				"west": { "texture": "#blade", "uv": [ 15.0, 8.0, 15.5, 8.5 ] },
				"up": { "texture": "#blade", "uv": [ 1.0, 11.0, 1.5, 11.5 ] },
				"down": { "texture": "#blade", "uv": [ 12.5, 14.5, 13.0, 15.0 ] }
			},
			"children": [
				{
					"name": "Blade",
					"from": [ 0.0, 0.0, 0.0 ], 
					"to": [ 0.0, 0.0, 0.0 ], 
					"faces": {
						"north": { "texture": "#blade", "uv": [ 4.5, 4.0, 5.0, 4.5 ] },
						"east": { "texture": "#blade", "uv": [ 7.0, 9.5, 7.5, 10.0 ] },
						"south": { "texture": "#blade", "uv": [ 8.5, 2.0, 9.0, 2.5 ] },
						"west": { "texture": "#blade", "uv": [ 11.0, 11.0, 11.5, 11.5 ] },
						"up": { "texture": "#blade", "uv": [ 15.0, 1.0, 15.5, 1.5 ] },
						"down": { "texture": "#blade", "uv": [ 11.0, 0.5, 11.5, 1.0 ] }
					},
					"children": [
						{
							"name": "Cube1",
							"from": [ -2.0, 0.0, 0.0 ], 
							"to": [ 10.0, 1.6, 0.3 ], 
							"rotationOrigin": [ -2.0, 0.0, 0.0 ],
							"faces": {
								"north": { "texture": "#blade", "uv": [ 2.0, 5.5, 14.0, 7.0 ] },
								"east": { "texture": "#blade", "uv": [ 10.5, 13.0, 11.0, 14.5 ] },
								"south": { "texture": "#blade", "uv": [ 2.0, 13.5, 14.0, 15.0 ] },
								"west": { "texture": "#blade", "uv": [ 3.0, 0.0, 3.5, 1.5 ] },
								"up": { "texture": "#blade", "uv": [ 2.0, 11.5, 14.0, 12.0 ] },
								"down": { "texture": "#blade", "uv": [ 2.5, 4.5, 14.5, 5.0 ] }
							},
							"children": [
								{
									"name": "Cube5",
									"from": [ 0.0, -0.4, 0.1 ], 
									"to": [ 12.0, 0.2, 0.2 ], 
									"rotationOrigin": [ 0.0, -0.4, 0.1 ],
									"faces": {
										"north": { "texture": "#blade", "uv": [ 3.0, 5.5, 15.0, 6.0 ] },
										"east": { "texture": "#blade", "uv": [ 11.5, 0.0, 12.0, 0.5 ] },
										"south": { "texture": "#blade", "uv": [ 2.5, 12.5, 14.5, 13.0 ] },
										"west": { "texture": "#blade", "uv": [ 3.0, 14.0, 3.5, 14.5 ] },
										"up": { "texture": "#blade", "uv": [ 3.5, 10.5, 15.5, 11.0 ] },
										"down": { "texture": "#blade", "uv": [ 0.0, 5.5, 12.0, 6.0 ] }
									}
								}
							]
						},
						{
							"name": "Cube6",
							"from": [ 10.0, 0.3, 0.0 ], 
							"to": [ 12.5, 1.6, 0.3 ], 
							"rotationOrigin": [ 10.0, 0.3, 0.0 ],
							"faces": {
								"north": { "texture": "#blade", "uv": [ 6.0, 3.0, 8.5, 4.0 ] },
								"east": { "texture": "#blade", "uv": [ 5.0, 3.0, 5.5, 4.0 ] },
								"south": { "texture": "#blade", "uv": [ 12.5, 6.0, 15.0, 7.0 ] },
								"west": { "texture": "#blade", "uv": [ 1.5, 8.5, 2.0, 9.5 ] },
								"up": { "texture": "#blade", "uv": [ 7.0, 8.0, 9.5, 8.5 ] },
								"down": { "texture": "#blade", "uv": [ 8.5, 0.5, 11.0, 1.0 ] }
							},
							"children": [
								{
									"name": "Cube7",
									"from": [ 0.0, -0.4, 0.1 ], 
									"to": [ 2.5, 0.4, 0.2 ], 
									"rotationOrigin": [ 0.0, -0.4, 0.1 ],
									"faces": {
										"north": { "texture": "#blade", "uv": [ 12.0, 13.0, 14.5, 13.5 ] },
										"east": { "texture": "#blade", "uv": [ 4.5, 0.0, 5.0, 0.5 ] },
										"south": { "texture": "#blade", "uv": [ 11.5, 10.0, 14.0, 10.5 ] },
										"west": { "texture": "#blade", "uv": [ 8.0, 13.0, 8.5, 13.5 ] },
										"up": { "texture": "#blade", "uv": [ 6.0, 14.0, 8.5, 14.5 ] },
										"down": { "texture": "#blade", "uv": [ 1.0, 11.0, 3.5, 11.5 ] }
									}
								}
							]
						},
						{
							"name": "Cube8",
							"from": [ 12.5, 0.7, 0.0 ], 
							"to": [ 14.0, 1.6, 0.3 ], 
							"rotationOrigin": [ 12.5, 0.7, 0.0 ],
							"faces": {
								"north": { "texture": "#blade", "uv": [ 0.5, 7.5, 2.0, 8.0 ] },
								"east": { "texture": "#blade", "uv": [ 2.5, 1.5, 3.0, 2.0 ] },
								"south": { "texture": "#blade", "uv": [ 3.5, 10.5, 5.0, 11.0 ] },
								"west": { "texture": "#blade", "uv": [ 5.5, 6.5, 6.0, 7.0 ] },
								"up": { "texture": "#blade", "uv": [ 4.0, 12.5, 5.5, 13.0 ] },
								"down": { "texture": "#blade", "uv": [ 9.5, 8.5, 11.0, 9.0 ] }
							},
							"children": [
								{
									"name": "Cube9",
									"from": [ 0.0, -0.4, 0.1 ], 
									"to": [ 1.5, 0.4, 0.2 ], 
									"rotationOrigin": [ 0.0, -0.4, 0.1 ],
									"faces": {
										"north": { "texture": "#blade", "uv": [ 4.0, 4.5, 5.5, 5.0 ] },
										"east": { "texture": "#blade", "uv": [ 7.0, 14.0, 7.5, 14.5 ] },
										"south": { "texture": "#blade", "uv": [ 12.5, 6.5, 14.0, 7.0 ] },
										"west": { "texture": "#blade", "uv": [ 8.5, 6.5, 9.0, 7.0 ] },
										"up": { "texture": "#blade", "uv": [ 3.5, 5.0, 5.0, 5.5 ] },
										"down": { "texture": "#blade", "uv": [ 4.0, 10.5, 5.5, 11.0 ] }
									}
								},
								{
									"name": "Cube10",
									"from": [ 1.5, -0.1, 0.1 ], 
									"to": [ 1.8, 0.9, 0.2 ], 
									"rotationOrigin": [ 1.5, -0.1, 0.1 ],
									"faces": {
										"north": { "texture": "#blade", "uv": [ 7.0, 11.0, 7.5, 12.0 ] },
										"east": { "texture": "#blade", "uv": [ 7.0, 5.5, 7.5, 6.5 ] },
										"south": { "texture": "#blade", "uv": [ 3.0, 4.0, 3.5, 5.0 ] },
										"west": { "texture": "#blade", "uv": [ 0.0, 9.0, 0.5, 10.0 ] },
										"up": { "texture": "#blade", "uv": [ 3.0, 9.0, 3.5, 9.5 ] },
										"down": { "texture": "#blade", "uv": [ 8.5, 4.0, 9.0, 4.5 ] }
									}
								}
							]
						},
						{
							"name": "Cube11",
							"from": [ -6.0, 0.1, 0.0 ], 
							"to": [ -2.0, 1.1, 0.3 ], 
							"rotationOrigin": [ -6.0, 0.1, 0.0 ],
							"faces": {
								"north": { "texture": "#blade", "uv": [ 2.5, 0.5, 6.5, 1.5 ] },
								"east": { "texture": "#blade", "uv": [ 11.0, 13.5, 11.5, 14.5 ] },
								"south": { "texture": "#blade", "uv": [ 7.0, 6.5, 11.0, 7.5 ] },
								"west": { "texture": "#blade", "uv": [ 11.0, 8.0, 11.5, 9.0 ] },
								"up": { "texture": "#blade", "uv": [ 3.0, 6.5, 7.0, 7.0 ] },
								"down": { "texture": "#blade", "uv": [ 6.0, 13.0, 10.0, 13.5 ] }
							}
						}
					]
				}
			]
		}
	]}