{
	"editor": {
		"allAngles": false,
		"entityTextureMode": false
	},
	"textureWidth": 16,
	"textureHeight": 16,
	"textureSizes": {
	},
	"textures": {
		"material": "game:block/metal/ingot/steel"
	},
	"elements": [
		{
			"name": "Origin",
			"from": [ 7.0, 0.0, 9.0 ], 
			"to": [ 7.0, 0.0, 9.0 ], 
			"rotationOrigin": [ 7.0, 0.0, 9.0 ],
			"rotationY": 180.0,
			"faces": {
				"north": { "texture": "#material", "uv": [ 4.0, 5.0, 4.5, 5.5 ] },
				"east": { "texture": "#material", "uv": [ 3.5, 6.0, 4.0, 6.5 ] },
				"south": { "texture": "#material", "uv": [ 2.0, 6.0, 2.5, 6.5 ] },
				"west": { "texture": "#material", "uv": [ 15.0, 0.0, 15.5, 0.5 ] },
				"up": { "texture": "#material", "uv": [ 2.5, 3.0, 3.0, 3.5 ] },
				"down": { "texture": "#material", "uv": [ 6.5, 7.0, 7.0, 7.5 ] }
			},
			"children": [
				{
					"name": "Blade",
					"from": [ -8.0, 0.0, 0.0 ], 
					"to": [ -8.0, 0.0, 0.0 ], 
					"rotationOrigin": [ -8.0, 0.0, 0.0 ],
					"faces": {
						"north": { "texture": "#material", "uv": [ 13.5, 10.0, 14.0, 10.5 ] },
						"east": { "texture": "#material", "uv": [ 10.0, 1.5, 10.5, 2.0 ] },
						"south": { "texture": "#material", "uv": [ 2.0, 1.5, 2.5, 2.0 ] },
						"west": { "texture": "#material", "uv": [ 1.0, 12.0, 1.5, 12.5 ] },
						"up": { "texture": "#material", "uv": [ 0.5, 10.5, 1.0, 11.0 ] },
						"down": { "texture": "#material", "uv": [ 5.5, 11.0, 6.0, 11.5 ] }
					},
					"children": [
						{
							"name": "Cube1",
							"from": [ -3.0, 3.4, -0.2 ], 
							"to": [ 3.0, 4.6, 1.0 ], 
							"rotationOrigin": [ -3.0, 3.4, -0.2 ],
							"faces": {
								"north": { "texture": "#material", "uv": [ 6.0, 5.0, 12.0, 6.0 ] },
								"east": { "texture": "#material", "uv": [ 5.5, 4.5, 6.5, 5.5 ] },
								"south": { "texture": "#material", "uv": [ 8.5, 0.0, 14.5, 1.0 ] },
								"west": { "texture": "#material", "uv": [ 7.0, 11.5, 8.0, 12.5 ] },
								"up": { "texture": "#material", "uv": [ 1.5, 8.0, 7.5, 9.0 ] },
								"down": { "texture": "#material", "uv": [ 6.5, 3.0, 12.5, 4.0 ] }
							}
						},
						{
							"name": "side",
							"from": [ 0.0, 0.0, 0.0 ], 
							"to": [ 0.0, 0.0, 0.0 ], 
							"faces": {
								"north": { "texture": "#material", "uv": [ 2.0, 0.0, 2.5, 0.5 ] },
								"east": { "texture": "#material", "uv": [ 1.5, 3.5, 2.0, 4.0 ] },
								"south": { "texture": "#material", "uv": [ 6.0, 5.0, 6.5, 5.5 ] },
								"west": { "texture": "#material", "uv": [ 9.5, 5.0, 10.0, 5.5 ] },
								"up": { "texture": "#material", "uv": [ 1.5, 0.0, 2.0, 0.5 ] },
								"down": { "texture": "#material", "uv": [ 1.5, 2.0, 2.0, 2.5 ] }
							},
							"children": [
								{
									"name": "Cube6",
									"from": [ 1.0, 2.0, 0.0 ], 
									"to": [ 5.0, 4.0, 0.8 ], 
									"rotationOrigin": [ 6.0, 2.0, 0.0 ],
									"faces": {
										"north": { "texture": "#material", "uv": [ 2.5, 10.0, 6.5, 12.0 ] },
										"east": { "texture": "#material", "uv": [ 1.0, 9.0, 1.5, 11.0 ] },
										"south": { "texture": "#material", "uv": [ 7.0, 3.0, 11.0, 5.0 ] },
										"west": { "texture": "#material", "uv": [ 1.5, 12.5, 2.0, 14.5 ] },
										"up": { "texture": "#material", "uv": [ 0.0, 5.0, 4.0, 5.5 ] },
										"down": { "texture": "#material", "uv": [ 7.0, 5.5, 11.0, 6.0 ] }
									},
									"children": [
										{
											"name": "Cube7",
											"from": [ 0.0, -1.0, 0.2 ], 
											"to": [ 4.0, 0.0, 0.6 ], 
											"rotationOrigin": [ 0.0, -1.0, 0.2 ],
											"faces": {
												"north": { "texture": "#material", "uv": [ 7.0, 7.0, 11.0, 8.0 ] },
												"east": { "texture": "#material", "uv": [ 9.5, 4.0, 10.0, 5.0 ] },
												"south": { "texture": "#material", "uv": [ 10.5, 5.5, 14.5, 6.5 ] },
												"west": { "texture": "#material", "uv": [ 7.0, 9.5, 7.5, 10.5 ] },
												"up": { "texture": "#material", "uv": [ 11.5, 2.0, 15.5, 2.5 ] },
												"down": { "texture": "#material", "uv": [ 3.5, 1.0, 7.5, 1.5 ] }
											}
										}
									]
								},
								{
									"name": "Cube8",
									"from": [ -2.0, 2.4, 0.0 ], 
									"to": [ 1.0, 4.0, 0.8 ], 
									"rotationOrigin": [ 3.0, 2.4, 0.0 ],
									"faces": {
										"north": { "texture": "#material", "uv": [ 2.5, 10.0, 5.5, 11.5 ] },
										"east": { "texture": "#material", "uv": [ 7.5, 1.5, 8.0, 3.0 ] },
										"south": { "texture": "#material", "uv": [ 5.5, 7.0, 8.5, 8.5 ] },
										"west": { "texture": "#material", "uv": [ 3.5, 6.5, 4.0, 8.0 ] },
										"up": { "texture": "#material", "uv": [ 8.0, 10.0, 11.0, 10.5 ] },
										"down": { "texture": "#material", "uv": [ 0.5, 6.0, 3.5, 6.5 ] }
									},
									"children": [
										{
											"name": "Cube9",
											"from": [ 0.0, -1.0, 0.2 ], 
											"to": [ 3.0, 0.0, 0.6 ], 
											"rotationOrigin": [ 0.0, -1.0, 0.2 ],
											"faces": {
												"north": { "texture": "#material", "uv": [ 5.5, 7.5, 8.5, 8.5 ] },
												"east": { "texture": "#material", "uv": [ 7.5, 8.5, 8.0, 9.5 ] },
												"south": { "texture": "#material", "uv": [ 5.0, 11.5, 8.0, 12.5 ] },
												"west": { "texture": "#material", "uv": [ 3.5, 4.5, 4.0, 5.5 ] },
												"up": { "texture": "#material", "uv": [ 4.0, 3.0, 7.0, 3.5 ] },
												"down": { "texture": "#material", "uv": [ 9.0, 15.0, 12.0, 15.5 ] }
											}
										}
									]
								},
								{
									"name": "Cube10",
									"from": [ -6.0, 2.8, 0.0 ], 
									"to": [ -2.0, 4.0, 0.8 ], 
									"rotationOrigin": [ -1.0, 2.8, 0.0 ],
									"faces": {
										"north": { "texture": "#material", "uv": [ 10.0, 4.5, 14.0, 5.5 ] },
										"east": { "texture": "#material", "uv": [ 13.5, 9.0, 14.0, 10.0 ] },
										"south": { "texture": "#material", "uv": [ 0.5, 4.5, 4.5, 5.5 ] },
										"west": { "texture": "#material", "uv": [ 14.0, 9.0, 14.5, 10.0 ] },
										"up": { "texture": "#material", "uv": [ 8.0, 1.0, 12.0, 1.5 ] },
										"down": { "texture": "#material", "uv": [ 6.5, 5.5, 10.5, 6.0 ] }
									},
									"children": [
										{
											"name": "Cube11",
											"from": [ 0.0, -1.0, 0.2 ], 
											"to": [ 4.0, 0.0, 0.6 ], 
											"rotationOrigin": [ 0.0, -1.0, 0.2 ],
											"faces": {
												"north": { "texture": "#material", "uv": [ 0.0, 10.5, 4.0, 11.5 ] },
												"east": { "texture": "#material", "uv": [ 0.5, 7.5, 1.0, 8.5 ] },
												"south": { "texture": "#material", "uv": [ 5.0, 2.0, 9.0, 3.0 ] },
												"west": { "texture": "#material", "uv": [ 11.5, 13.0, 12.0, 14.0 ] },
												"up": { "texture": "#material", "uv": [ 10.0, 13.5, 14.0, 14.0 ] },
												"down": { "texture": "#material", "uv": [ 9.5, 7.5, 13.5, 8.0 ] }
											}
										}
									]
								},
								{
									"name": "Cube13",
									"from": [ 5.0, 2.6, 0.0 ], 
									"to": [ 6.0, 3.6, 0.8 ], 
									"rotationOrigin": [ 10.0, 2.6, 0.0 ],
									"faces": {
										"north": { "texture": "#material", "uv": [ 14.0, 11.5, 15.0, 12.5 ] },
										"east": { "texture": "#material", "uv": [ 5.0, 2.5, 5.5, 3.5 ] },
										"south": { "texture": "#material", "uv": [ 11.5, 2.5, 12.5, 3.5 ] },
										"west": { "texture": "#material", "uv": [ 0.0, 1.5, 0.5, 2.5 ] },
										"up": { "texture": "#material", "uv": [ 3.0, 13.0, 4.0, 13.5 ] },
										"down": { "texture": "#material", "uv": [ 0.0, 0.5, 1.0, 1.0 ] }
									},
									"children": [
										{
											"name": "Cube130",
											"from": [ 0.0, -1.0, 0.2 ], 
											"to": [ 1.4, 1.0, 0.6 ], 
											"rotationOrigin": [ 0.0, -1.0, 0.2 ],
											"faces": {
												"north": { "texture": "#material", "uv": [ 2.5, 7.0, 3.5, 9.0 ] },
												"east": { "texture": "#material", "uv": [ 11.0, 9.0, 11.5, 11.0 ] },
												"south": { "texture": "#material", "uv": [ 13.5, 4.0, 14.5, 6.0 ] },
												"west": { "texture": "#material", "uv": [ 5.0, 12.0, 5.5, 14.0 ] },
												"up": { "texture": "#material", "uv": [ 0.0, 13.5, 1.0, 14.0 ] },
												"down": { "texture": "#material", "uv": [ 1.5, 14.5, 2.5, 15.0 ] }
											}
										}
									]
								}
							]
						},
						{
							"name": "Cube12",
							"from": [ 3.0, 3.2, -0.4 ], 
							"to": [ 7.0, 4.8, 1.2 ], 
							"rotationOrigin": [ 3.0, 3.2, -0.4 ],
							"faces": {
								"north": { "texture": "#material", "uv": [ 9.5, 14.0, 13.5, 15.5 ] },
								"east": { "texture": "#material", "uv": [ 12.0, 0.5, 13.5, 2.0 ] },
								"south": { "texture": "#material", "uv": [ 1.5, 7.5, 5.5, 9.0 ] },
								"west": { "texture": "#material", "uv": [ 14.0, 8.5, 15.5, 10.0 ] },
								"up": { "texture": "#material", "uv": [ 10.5, 0.5, 14.5, 2.0 ] },
								"down": { "texture": "#material", "uv": [ 9.0, 11.5, 13.0, 13.0 ] }
							}
						},
						{
							"name": "side14",
							"from": [ 0.0, 0.0, 0.0 ], 
							"to": [ 0.0, 0.0, 0.0 ], 
							"rotationOrigin": [ 0.0, 4.0, 0.4 ],
							"rotationX": 180.0,
							"faces": {
								"north": { "texture": "#material", "uv": [ 2.0, 13.0, 2.5, 13.5 ] },
								"east": { "texture": "#material", "uv": [ 14.5, 6.5, 15.0, 7.0 ] },
								"south": { "texture": "#material", "uv": [ 13.5, 4.5, 14.0, 5.0 ] },
								"west": { "texture": "#material", "uv": [ 1.5, 9.0, 2.0, 9.5 ] },
								"up": { "texture": "#material", "uv": [ 8.5, 14.0, 9.0, 14.5 ] },
								"down": { "texture": "#material", "uv": [ 1.0, 4.5, 1.5, 5.0 ] }
							},
							"children": [
								{
									"name": "Cube15",
									"from": [ 1.0, 2.0, 0.0 ], 
									"to": [ 5.0, 4.0, 0.8 ], 
									"rotationOrigin": [ 6.0, 2.0, 0.0 ],
									"faces": {
										"north": { "texture": "#material", "uv": [ 11.0, 6.0, 15.0, 8.0 ] },
										"east": { "texture": "#material", "uv": [ 1.0, 11.0, 1.5, 13.0 ] },
										"south": { "texture": "#material", "uv": [ 3.5, 11.0, 7.5, 13.0 ] },
										"west": { "texture": "#material", "uv": [ 12.5, 12.0, 13.0, 14.0 ] },
										"up": { "texture": "#material", "uv": [ 0.5, 14.0, 4.5, 14.5 ] },
										"down": { "texture": "#material", "uv": [ 4.0, 5.0, 8.0, 5.5 ] }
									},
									"children": [
										{
											"name": "Cube16",
											"from": [ 0.0, -1.0, 0.2 ], 
											"to": [ 4.0, 0.0, 0.6 ], 
											"rotationOrigin": [ 0.0, -1.0, 0.2 ],
											"faces": {
												"north": { "texture": "#material", "uv": [ 5.5, 3.0, 9.5, 4.0 ] },
												"east": { "texture": "#material", "uv": [ 1.0, 8.5, 1.5, 9.5 ] },
												"south": { "texture": "#material", "uv": [ 9.0, 3.5, 13.0, 4.5 ] },
												"west": { "texture": "#material", "uv": [ 12.5, 8.5, 13.0, 9.5 ] },
												"up": { "texture": "#material", "uv": [ 6.0, 12.5, 10.0, 13.0 ] },
												"down": { "texture": "#material", "uv": [ 11.5, 5.5, 15.5, 6.0 ] }
											}
										}
									]
								},
								{
									"name": "Cube17",
									"from": [ -2.0, 2.4, 0.0 ], 
									"to": [ 1.0, 4.0, 0.8 ], 
									"rotationOrigin": [ 3.0, 2.4, 0.0 ],
									"faces": {
										"north": { "texture": "#material", "uv": [ 7.0, 3.0, 10.0, 4.5 ] },
										"east": { "texture": "#material", "uv": [ 15.0, 3.0, 15.5, 4.5 ] },
										"south": { "texture": "#material", "uv": [ 12.5, 9.5, 15.5, 11.0 ] },
										"west": { "texture": "#material", "uv": [ 6.0, 12.5, 6.5, 14.0 ] },
										"up": { "texture": "#material", "uv": [ 9.0, 7.5, 12.0, 8.0 ] },
										"down": { "texture": "#material", "uv": [ 5.0, 4.5, 8.0, 5.0 ] }
									},
									"children": [
										{
											"name": "Cube18",
											"from": [ 0.0, -1.0, 0.2 ], 
											"to": [ 3.0, 0.0, 0.6 ], 
											"rotationOrigin": [ 0.0, -1.0, 0.2 ],
											"faces": {
												"north": { "texture": "#material", "uv": [ 11.0, 11.0, 14.0, 12.0 ] },
												"east": { "texture": "#material", "uv": [ 8.5, 1.5, 9.0, 2.5 ] },
												"south": { "texture": "#material", "uv": [ 10.0, 0.0, 13.0, 1.0 ] },
												"west": { "texture": "#material", "uv": [ 4.5, 8.0, 5.0, 9.0 ] },
												"up": { "texture": "#material", "uv": [ 7.0, 10.5, 10.0, 11.0 ] },
												"down": { "texture": "#material", "uv": [ 4.0, 9.5, 7.0, 10.0 ] }
											}
										}
									]
								},
								{
									"name": "Cube19",
									"from": [ -6.0, 2.8, 0.0 ], 
									"to": [ -2.0, 4.0, 0.8 ], 
									"rotationOrigin": [ -1.0, 2.8, 0.0 ],
									"faces": {
										"north": { "texture": "#material", "uv": [ 1.5, 9.5, 5.5, 10.5 ] },
										"east": { "texture": "#material", "uv": [ 8.5, 12.5, 9.0, 13.5 ] },
										"south": { "texture": "#material", "uv": [ 10.5, 10.5, 14.5, 11.5 ] },
										"west": { "texture": "#material", "uv": [ 1.5, 13.5, 2.0, 14.5 ] },
										"up": { "texture": "#material", "uv": [ 1.5, 7.0, 5.5, 7.5 ] },
										"down": { "texture": "#material", "uv": [ 3.5, 13.5, 7.5, 14.0 ] }
									},
									"children": [
										{
											"name": "Cube20",
											"from": [ 0.0, -1.0, 0.2 ], 
											"to": [ 4.0, 0.0, 0.6 ], 
											"rotationOrigin": [ 0.0, -1.0, 0.2 ],
											"faces": {
												"north": { "texture": "#material", "uv": [ 5.5, 11.0, 9.5, 12.0 ] },
												"east": { "texture": "#material", "uv": [ 3.0, 7.5, 3.5, 8.5 ] },
												"south": { "texture": "#material", "uv": [ 5.0, 11.5, 9.0, 12.5 ] },
												"west": { "texture": "#material", "uv": [ 2.5, 11.0, 3.0, 12.0 ] },
												"up": { "texture": "#material", "uv": [ 0.0, 3.0, 4.0, 3.5 ] },
												"down": { "texture": "#material", "uv": [ 6.5, 13.5, 10.5, 14.0 ] }
											}
										}
									]
								},
								{
									"name": "Cube21",
									"from": [ 5.0, 2.6, 0.0 ], 
									"to": [ 6.0, 3.6, 0.8 ], 
									"rotationOrigin": [ 10.0, 2.6, 0.0 ],
									"faces": {
										"north": { "texture": "#material", "uv": [ 10.5, 6.5, 11.5, 7.5 ] },
										"east": { "texture": "#material", "uv": [ 11.0, 4.0, 11.5, 5.0 ] },
										"south": { "texture": "#material", "uv": [ 1.0, 7.0, 2.0, 8.0 ] },
										"west": { "texture": "#material", "uv": [ 5.0, 11.5, 5.5, 12.5 ] },
										"up": { "texture": "#material", "uv": [ 14.0, 15.0, 15.0, 15.5 ] },
										"down": { "texture": "#material", "uv": [ 2.0, 1.0, 3.0, 1.5 ] }
									},
									"children": [
										{
											"name": "Cube22",
											"from": [ 0.0, -1.0, 0.2 ], 
											"to": [ 1.4, 1.0, 0.6 ], 
											"rotationOrigin": [ 0.0, -1.0, 0.2 ],
											"faces": {
												"north": { "texture": "#material", "uv": [ 7.5, 3.0, 8.5, 5.0 ] },
												"east": { "texture": "#material", "uv": [ 0.5, 12.0, 1.0, 14.0 ] },
												"south": { "texture": "#material", "uv": [ 0.0, 6.5, 1.0, 8.5 ] },
												"west": { "texture": "#material", "uv": [ 1.5, 8.5, 2.0, 10.5 ] },
												"up": { "texture": "#material", "uv": [ 10.0, 4.5, 11.0, 5.0 ] },
												"down": { "texture": "#material", "uv": [ 0.5, 6.5, 1.5, 7.0 ] }
											}
										}
									]
								}
							]
						},
						{
							"name": "Cube23",
							"from": [ -9.0, 3.7, -0.2 ], 
							"to": [ -3.0, 4.3, 1.0 ], 
							"rotationOrigin": [ -9.0, 3.7, -0.2 ],
							"faces": {
								"north": { "texture": "#material", "uv": [ 1.0, 0.5, 7.0, 1.0 ] },
								"east": { "texture": "#material", "uv": [ 11.5, 4.5, 12.5, 5.0 ] },
								"south": { "texture": "#material", "uv": [ 5.5, 11.5, 11.5, 12.0 ] },
								"west": { "texture": "#material", "uv": [ 4.0, 9.0, 5.0, 9.5 ] },
								"up": { "texture": "#material", "uv": [ 4.5, 10.0, 10.5, 11.0 ] },
								"down": { "texture": "#material", "uv": [ 9.5, 13.5, 15.5, 14.5 ] }
							}
						},
						{
							"name": "Cube24",
							"from": [ -10.0, 3.3, 0.0 ], 
							"to": [ -6.0, 4.7, 0.8 ], 
							"rotationOrigin": [ -10.0, 3.3, 0.0 ],
							"faces": {
								"north": { "texture": "#material", "uv": [ 5.5, 6.0, 9.5, 7.0 ] },
								"east": { "texture": "#material", "uv": [ 10.0, 9.5, 10.5, 10.5 ] },
								"south": { "texture": "#material", "uv": [ 2.0, 4.0, 6.0, 5.0 ] },
								"west": { "texture": "#material", "uv": [ 0.5, 14.5, 1.0, 15.5 ] },
								"up": { "texture": "#material", "uv": [ 0.5, 11.0, 4.5, 11.5 ] },
								"down": { "texture": "#material", "uv": [ 5.0, 12.0, 9.0, 12.5 ] }
							}
						},
						{
							"name": "Cube25",
							"from": [ -11.0, 2.7, 0.2 ], 
							"to": [ -6.0, 5.3, 0.6 ], 
							"rotationOrigin": [ -11.0, 2.7, 0.2 ],
							"faces": {
								"north": { "texture": "#material", "uv": [ 7.5, 7.5, 12.5, 10.0 ] },
								"east": { "texture": "#material", "uv": [ 3.0, 12.0, 3.5, 14.5 ] },
								"south": { "texture": "#material", "uv": [ 10.0, 1.5, 15.0, 4.0 ] },
								"west": { "texture": "#material", "uv": [ 11.0, 0.0, 11.5, 2.5 ] },
								"up": { "texture": "#material", "uv": [ 6.0, 4.5, 11.0, 5.0 ] },
								"down": { "texture": "#material", "uv": [ 1.5, 0.0, 6.5, 0.5 ] }
							}
						},
						{
							"name": "Cube26",
							"from": [ -13.0, 3.3, 0.2 ], 
							"to": [ -11.0, 4.7, 0.6 ], 
							"rotationOrigin": [ -13.0, 3.3, 0.2 ],
							"faces": {
								"north": { "texture": "#material", "uv": [ 9.5, 12.0, 11.5, 13.0 ] },
								"east": { "texture": "#material", "uv": [ 13.0, 3.0, 13.5, 4.0 ] },
								"south": { "texture": "#material", "uv": [ 4.0, 11.0, 6.0, 12.0 ] },
								"west": { "texture": "#material", "uv": [ 1.0, 6.5, 1.5, 7.5 ] },
								"up": { "texture": "#material", "uv": [ 3.0, 12.0, 5.0, 12.5 ] },
								"down": { "texture": "#material", "uv": [ 11.0, 5.0, 13.0, 5.5 ] }
							}
						},
						{
							"name": "Cube27",
							"from": [ 7.0, 2.9, -0.7 ], 
							"to": [ 11.0, 5.1, 1.5 ], 
							"rotationOrigin": [ 7.0, 2.9, -0.7 ],
							"faces": {
								"north": { "texture": "#material", "uv": [ 3.0, 7.0, 7.0, 9.0 ] },
								"east": { "texture": "#material", "uv": [ 1.5, 10.5, 3.5, 12.5 ] },
								"south": { "texture": "#material", "uv": [ 2.0, 9.5, 6.0, 11.5 ] },
								"west": { "texture": "#material", "uv": [ 0.0, 3.0, 2.0, 5.0 ] },
								"up": { "texture": "#material", "uv": [ 4.0, 5.0, 8.0, 7.0 ] },
								"down": { "texture": "#material", "uv": [ 9.5, 6.0, 13.5, 8.0 ] }
							}
						},
						{
							"name": "Cube28",
							"from": [ 11.0, 2.7, -0.9 ], 
							"to": [ 15.0, 5.3, 1.7 ], 
							"rotationOrigin": [ 11.0, 2.7, -0.9 ],
							"faces": {
								"north": { "texture": "#material", "uv": [ 0.0, 12.0, 4.0, 14.5 ] },
								"east": { "texture": "#material", "uv": [ 4.0, 2.0, 6.5, 4.5 ] },
								"south": { "texture": "#material", "uv": [ 1.5, 2.0, 5.5, 4.5 ] },
								"west": { "texture": "#material", "uv": [ 4.0, 3.0, 6.5, 5.5 ] },
								"up": { "texture": "#material", "uv": [ 7.5, 7.0, 11.5, 9.5 ] },
								"down": { "texture": "#material", "uv": [ 10.5, 7.0, 14.5, 9.5 ] }
							}
						},
						{
							"name": "klik",
							"from": [ 11.2, 2.7, -0.6 ], 
							"to": [ 11.2, 2.7, -0.6 ], 
							"rotationOrigin": [ 11.2, 4.0, 0.4 ],
							"faces": {
								"north": { "texture": "#material", "uv": [ 7.0, 0.5, 7.5, 1.0 ] },
								"east": { "texture": "#material", "uv": [ 12.0, 5.5, 12.5, 6.0 ] },
								"south": { "texture": "#material", "uv": [ 6.5, 2.5, 7.0, 3.0 ] },
								"west": { "texture": "#material", "uv": [ 7.5, 1.0, 8.0, 1.5 ] },
								"up": { "texture": "#material", "uv": [ 10.5, 1.0, 11.0, 1.5 ] },
								"down": { "texture": "#material", "uv": [ 11.5, 12.0, 12.0, 12.5 ] }
							},
							"children": [
								{
									"name": "Cube38",
									"from": [ -2.0, -2.6, 0.5 ], 
									"to": [ -1.0, 5.4, 1.5 ], 
									"rotationOrigin": [ -2.0, -2.6, 0.5 ],
									"faces": {
										"north": { "texture": "#material", "uv": [ 9.0, 4.5, 10.0, 12.5 ] },
										"east": { "texture": "#material", "uv": [ 12.0, 6.0, 13.0, 14.0 ] },
										"south": { "texture": "#material", "uv": [ 11.0, 0.0, 12.0, 8.0 ] },
										"west": { "texture": "#material", "uv": [ 12.5, 1.0, 13.5, 9.0 ] },
										"up": { "texture": "#material", "uv": [ 11.0, 5.5, 12.0, 6.5 ] },
										"down": { "texture": "#material", "uv": [ 8.5, 10.5, 9.5, 11.5 ] }
									}
								},
								{
									"name": "Cube39",
									"from": [ -1.2, -2.1, 0.7 ], 
									"to": [ -0.2, 4.9, 1.3 ], 
									"rotationOrigin": [ -1.2, -2.1, 0.7 ],
									"faces": {
										"north": { "texture": "#material", "uv": [ 5.5, 0.5, 6.5, 7.5 ] },
										"east": { "texture": "#material", "uv": [ 12.0, 6.5, 12.5, 13.5 ] },
										"south": { "texture": "#material", "uv": [ 2.5, 5.0, 3.5, 12.0 ] },
										"west": { "texture": "#material", "uv": [ 4.5, 8.0, 5.0, 15.0 ] },
										"up": { "texture": "#material", "uv": [ 12.0, 4.0, 13.0, 4.5 ] },
										"down": { "texture": "#material", "uv": [ 8.0, 12.5, 9.0, 13.0 ] }
									}
								},
								{
									"name": "Cube40",
									"from": [ -2.4, -4.6, 0.7 ], 
									"to": [ -1.4, 7.4, 1.3 ], 
									"rotationOrigin": [ -2.4, -4.6, 0.7 ],
									"faces": {
										"north": { "texture": "#material", "uv": [ 1.0, 2.5, 2.0, 14.5 ] },
										"east": { "texture": "#material", "uv": [ 6.5, 3.5, 7.0, 15.5 ] },
										"south": { "texture": "#material", "uv": [ 6.0, 1.5, 7.0, 13.5 ] },
										"west": { "texture": "#material", "uv": [ 11.5, 1.0, 12.0, 13.0 ] },
										"up": { "texture": "#material", "uv": [ 1.5, 1.0, 2.5, 1.5 ] },
										"down": { "texture": "#material", "uv": [ 3.0, 4.5, 4.0, 5.0 ] }
									}
								}
							]
						},
						{
							"name": "Cube41",
							"from": [ 13.0, 3.5, -1.1 ], 
							"to": [ 14.0, 4.5, 1.9 ], 
							"rotationOrigin": [ 13.0, 3.5, -1.1 ],
							"faces": {
								"north": { "texture": "#material", "uv": [ 0.5, 0.0, 1.5, 1.0 ] },
								"east": { "texture": "#material", "uv": [ 9.0, 10.0, 12.0, 11.0 ] },
								"south": { "texture": "#material", "uv": [ 0.0, 3.0, 1.0, 4.0 ] },
								"west": { "texture": "#material", "uv": [ 4.0, 2.0, 7.0, 3.0 ] },
								"up": { "texture": "#material", "uv": [ 8.0, 1.0, 9.0, 4.0 ] },
								"down": { "texture": "#material", "uv": [ 6.5, 0.0, 7.5, 3.0 ] }
							}
						}
					]
				}
			]
		}
	]}