{
	"editor": {
		"allAngles": false,
		"entityTextureMode": false
	},
	"textureWidth": 16,
	"textureHeight": 16,
	"textureSizes": {
	},
	"textures": {
		"bladeu": "game:block/metal/ingot/steel",
		"letter": "game:block/metal/ingot/iron"
	},
	"elements": [
		{
			"name": "Origin",
			"from": [ 9.0, 0.0, 8.0 ], 
			"to": [ 9.0, 0.0, 8.0 ], 
			"rotationOrigin": [ 9.0, 0.0, 8.0 ],
			"faces": {
				"north": { "texture": "#bladeu", "uv": [ 7.0, 6.0, 7.5, 6.5 ] },
				"east": { "texture": "#bladeu", "uv": [ 4.0, 3.5, 4.5, 4.0 ] },
				"south": { "texture": "#bladeu", "uv": [ 2.0, 14.0, 2.5, 14.5 ] },
				"west": { "texture": "#bladeu", "uv": [ 11.0, 11.0, 11.5, 11.5 ] },
				"up": { "texture": "#bladeu", "uv": [ 9.5, 15.0, 10.0, 15.5 ] },
				"down": { "texture": "#bladeu", "uv": [ 3.5, 2.0, 4.0, 2.5 ] }
			},
			"children": [
				{
					"name": "Blade",
					"from": [ 0.0, 0.0, 0.0 ], 
					"to": [ 0.0, 0.0, 0.0 ], 
					"faces": {
						"north": { "texture": "#bladeu", "uv": [ 2.5, 9.5, 3.0, 10.0 ] },
						"east": { "texture": "#bladeu", "uv": [ 7.5, 3.0, 8.0, 3.5 ] },
						"south": { "texture": "#bladeu", "uv": [ 5.0, 7.5, 5.5, 8.0 ] },
						"west": { "texture": "#bladeu", "uv": [ 11.5, 14.5, 12.0, 15.0 ] },
						"up": { "texture": "#bladeu", "uv": [ 15.0, 11.5, 15.5, 12.0 ] },
						"down": { "texture": "#bladeu", "uv": [ 5.5, 1.0, 6.0, 1.5 ] }
					},
					"children": [
						{
							"name": "Cube1",
							"from": [ -9.0, 0.0, 0.0 ], 
							"to": [ 7.0, 5.0, 0.2 ], 
							"rotationOrigin": [ -9.0, 0.0, 0.0 ],
							"faces": {
								"north": { "texture": "#bladeu", "uv": [ 0.0, 1.5, 16.0, 6.5 ] },
								"east": { "texture": "#bladeu", "uv": [ 8.5, 0.0, 9.0, 5.0 ] },
								"south": { "texture": "#bladeu", "uv": [ 0.0, 8.0, 16.0, 13.0 ] },
								"west": { "texture": "#bladeu", "uv": [ 5.5, 9.0, 6.0, 14.0 ] },
								"up": { "texture": "#bladeu", "uv": [ 0.0, 10.0, 16.0, 10.5 ] },
								"down": { "texture": "#bladeu", "uv": [ 0.0, 3.5, 16.0, 4.0 ] }
							}
						},
						{
							"name": "Cube5",
							"from": [ 15.0, 0.2, 0.0 ], 
							"to": [ 25.0, 4.8, 0.2 ], 
							"rotationOrigin": [ 15.0, 0.2, 0.0 ],
							"faces": {
								"north": { "texture": "#bladeu", "uv": [ 4.0, 9.5, 14.0, 14.0 ] },
								"east": { "texture": "#bladeu", "uv": [ 12.5, 1.5, 13.0, 6.0 ] },
								"south": { "texture": "#bladeu", "uv": [ 4.0, 5.0, 14.0, 9.5 ] },
								"west": { "texture": "#bladeu", "uv": [ 7.5, 6.5, 8.0, 11.0 ] },
								"up": { "texture": "#bladeu", "uv": [ 0.0, 14.0, 10.0, 14.5 ] },
								"down": { "texture": "#bladeu", "uv": [ 4.5, 8.0, 14.5, 8.5 ] }
							}
						},
						{
							"name": "Cube6",
							"from": [ 25.0, 0.4, 0.0 ], 
							"to": [ 30.0, 4.6, 0.2 ], 
							"rotationOrigin": [ 25.0, 0.4, 0.0 ],
							"faces": {
								"north": { "texture": "#bladeu", "uv": [ 3.5, 6.5, 8.5, 10.5 ] },
								"east": { "texture": "#bladeu", "uv": [ 11.0, 3.0, 11.5, 7.0 ] },
								"south": { "texture": "#bladeu", "uv": [ 7.5, 11.0, 12.5, 15.0 ] },
								"west": { "texture": "#bladeu", "uv": [ 12.0, 0.0, 12.5, 4.0 ] },
								"up": { "texture": "#bladeu", "uv": [ 3.0, 1.0, 8.0, 1.5 ] },
								"down": { "texture": "#bladeu", "uv": [ 10.5, 4.0, 15.5, 4.5 ] }
							}
						},
						{
							"name": "Cube7",
							"from": [ 30.0, 0.6, 0.0 ], 
							"to": [ 32.0, 4.4, 0.2 ], 
							"rotationOrigin": [ 30.0, 0.6, 0.0 ],
							"faces": {
								"north": { "texture": "#bladeu", "uv": [ 13.0, 10.0, 15.0, 13.5 ] },
								"east": { "texture": "#bladeu", "uv": [ 11.5, 1.5, 12.0, 5.0 ] },
								"south": { "texture": "#bladeu", "uv": [ 7.5, 8.0, 9.5, 11.5 ] },
								"west": { "texture": "#bladeu", "uv": [ 14.5, 4.0, 15.0, 7.5 ] },
								"up": { "texture": "#bladeu", "uv": [ 5.5, 4.5, 7.5, 5.0 ] },
								"down": { "texture": "#bladeu", "uv": [ 3.5, 15.0, 5.5, 15.5 ] }
							}
						},
						{
							"name": "Cube8",
							"from": [ 32.0, 0.9, 0.0 ], 
							"to": [ 32.6, 4.1, 0.2 ], 
							"rotationOrigin": [ 32.0, 0.9, 0.0 ],
							"faces": {
								"north": { "texture": "#bladeu", "uv": [ 12.0, 1.0, 12.5, 4.0 ] },
								"east": { "texture": "#bladeu", "uv": [ 0.0, 11.0, 0.5, 14.0 ] },
								"south": { "texture": "#bladeu", "uv": [ 5.5, 6.5, 6.0, 9.5 ] },
								"west": { "texture": "#bladeu", "uv": [ 15.0, 1.0, 15.5, 4.0 ] },
								"up": { "texture": "#bladeu", "uv": [ 9.5, 15.0, 10.0, 15.5 ] },
								"down": { "texture": "#bladeu", "uv": [ 5.5, 4.0, 6.0, 4.5 ] }
							}
						},
						{
							"name": "Cube9",
							"from": [ 32.6, 1.2, 0.0 ], 
							"to": [ 32.9, 3.8, 0.2 ], 
							"rotationOrigin": [ 32.6, 1.2, 0.0 ],
							"faces": {
								"north": { "texture": "#bladeu", "uv": [ 7.5, 12.0, 8.0, 14.5 ] },
								"east": { "texture": "#bladeu", "uv": [ 7.0, 0.5, 7.5, 3.0 ] },
								"south": { "texture": "#bladeu", "uv": [ 5.0, 5.0, 5.5, 7.5 ] },
								"west": { "texture": "#bladeu", "uv": [ 14.0, 6.5, 14.5, 9.0 ] },
								"up": { "texture": "#bladeu", "uv": [ 0.0, 4.5, 0.5, 5.0 ] },
								"down": { "texture": "#bladeu", "uv": [ 3.5, 9.5, 4.0, 10.0 ] }
							}
						},
						{
							"name": "Cube10",
							"from": [ -9.0, 0.5, -0.2 ], 
							"to": [ 7.0, 1.5, 0.4 ], 
							"rotationOrigin": [ -9.0, 0.5, -0.2 ],
							"faces": {
								"north": { "texture": "#bladeu", "uv": [ 0.0, 14.5, 16.0, 15.5 ] },
								"east": { "texture": "#bladeu", "uv": [ 6.5, 6.0, 7.0, 7.0 ] },
								"south": { "texture": "#bladeu", "uv": [ 0.0, 6.0, 16.0, 7.0 ] },
								"west": { "texture": "#bladeu", "uv": [ 5.0, 14.5, 5.5, 15.5 ] },
								"up": { "texture": "#bladeu", "uv": [ 0.0, 3.0, 16.0, 3.5 ] },
								"down": { "texture": "#bladeu", "uv": [ 0.0, 6.5, 16.0, 7.0 ] }
							}
						},
						{
							"name": "Cube11",
							"from": [ 15.0, 0.7, -0.2 ], 
							"to": [ 25.0, 1.7, 0.4 ], 
							"rotationOrigin": [ 15.0, 0.7, -0.2 ],
							"faces": {
								"north": { "texture": "#bladeu", "uv": [ 3.0, 13.0, 13.0, 14.0 ] },
								"east": { "texture": "#bladeu", "uv": [ 10.5, 11.0, 11.0, 12.0 ] },
								"south": { "texture": "#bladeu", "uv": [ 3.0, 5.0, 13.0, 6.0 ] },
								"west": { "texture": "#bladeu", "uv": [ 4.5, 4.0, 5.0, 5.0 ] },
								"up": { "texture": "#bladeu", "uv": [ 1.0, 10.5, 11.0, 11.0 ] },
								"down": { "texture": "#bladeu", "uv": [ 1.0, 11.0, 11.0, 11.5 ] }
							}
						},
						{
							"name": "Cube12",
							"from": [ 25.0, 0.9, -0.2 ], 
							"to": [ 30.0, 1.9, 0.4 ], 
							"rotationOrigin": [ 25.0, 0.9, -0.2 ],
							"faces": {
								"north": { "texture": "#bladeu", "uv": [ 6.0, 5.5, 11.0, 6.5 ] },
								"east": { "texture": "#bladeu", "uv": [ 9.5, 10.0, 10.0, 11.0 ] },
								"south": { "texture": "#bladeu", "uv": [ 9.0, 9.0, 14.0, 10.0 ] },
								"west": { "texture": "#bladeu", "uv": [ 12.5, 10.0, 13.0, 11.0 ] },
								"up": { "texture": "#bladeu", "uv": [ 9.0, 7.0, 14.0, 7.5 ] },
								"down": { "texture": "#bladeu", "uv": [ 1.0, 1.5, 6.0, 2.0 ] }
							}
						},
						{
							"name": "Cube13",
							"from": [ 30.0, 1.1, -0.2 ], 
							"to": [ 32.0, 2.1, 0.4 ], 
							"rotationOrigin": [ 30.0, 1.1, -0.2 ],
							"faces": {
								"north": { "texture": "#bladeu", "uv": [ 1.0, 13.5, 3.0, 14.5 ] },
								"east": { "texture": "#bladeu", "uv": [ 14.0, 1.0, 14.5, 2.0 ] },
								"south": { "texture": "#bladeu", "uv": [ 4.5, 2.5, 6.5, 3.5 ] },
								"west": { "texture": "#bladeu", "uv": [ 1.0, 8.0, 1.5, 9.0 ] },
								"up": { "texture": "#bladeu", "uv": [ 6.5, 10.5, 8.5, 11.0 ] },
								"down": { "texture": "#bladeu", "uv": [ 8.5, 6.5, 10.5, 7.0 ] }
							}
						},
						{
							"name": "Cube14",
							"from": [ -9.0, 3.5, -0.2 ], 
							"to": [ 7.0, 4.5, 0.4 ], 
							"rotationOrigin": [ -9.0, 3.5, -0.2 ],
							"faces": {
								"north": { "texture": "#bladeu", "uv": [ 0.0, 12.5, 16.0, 13.5 ] },
								"east": { "texture": "#bladeu", "uv": [ 5.5, 14.5, 6.0, 15.5 ] },
								"south": { "texture": "#bladeu", "uv": [ 0.0, 6.5, 16.0, 7.5 ] },
								"west": { "texture": "#bladeu", "uv": [ 9.5, 9.0, 10.0, 10.0 ] },
								"up": { "texture": "#bladeu", "uv": [ 0.0, 14.0, 16.0, 14.5 ] },
								"down": { "texture": "#bladeu", "uv": [ 0.0, 7.5, 16.0, 8.0 ] }
							}
						},
						{
							"name": "Cube15",
							"from": [ 15.0, 3.3, -0.2 ], 
							"to": [ 25.0, 4.3, 0.4 ], 
							"rotationOrigin": [ 15.0, 3.3, -0.2 ],
							"faces": {
								"north": { "texture": "#bladeu", "uv": [ 5.0, 4.0, 15.0, 5.0 ] },
								"east": { "texture": "#bladeu", "uv": [ 2.0, 13.0, 2.5, 14.0 ] },
								"south": { "texture": "#bladeu", "uv": [ 1.0, 8.0, 11.0, 9.0 ] },
								"west": { "texture": "#bladeu", "uv": [ 4.5, 14.5, 5.0, 15.5 ] },
								"up": { "texture": "#bladeu", "uv": [ 5.0, 12.0, 15.0, 12.5 ] },
								"down": { "texture": "#bladeu", "uv": [ 4.0, 10.5, 14.0, 11.0 ] }
							}
						},
						{
							"name": "Cube16",
							"from": [ 25.0, 3.1, -0.2 ], 
							"to": [ 30.0, 4.1, 0.4 ], 
							"rotationOrigin": [ 25.0, 3.1, -0.2 ],
							"faces": {
								"north": { "texture": "#bladeu", "uv": [ 1.5, 3.5, 6.5, 4.5 ] },
								"east": { "texture": "#bladeu", "uv": [ 5.5, 9.5, 6.0, 10.5 ] },
								"south": { "texture": "#bladeu", "uv": [ 6.0, 10.5, 11.0, 11.5 ] },
								"west": { "texture": "#bladeu", "uv": [ 14.0, 8.0, 14.5, 9.0 ] },
								"up": { "texture": "#bladeu", "uv": [ 4.0, 13.0, 9.0, 13.5 ] },
								"down": { "texture": "#bladeu", "uv": [ 7.5, 7.5, 12.5, 8.0 ] }
							}
						},
						{
							"name": "Cube17",
							"from": [ 32.0, 1.3, -0.2 ], 
							"to": [ 32.4, 3.7, 0.4 ], 
							"rotationOrigin": [ 32.0, 1.3, -0.2 ],
							"faces": {
								"north": { "texture": "#bladeu", "uv": [ 3.5, 11.5, 4.0, 13.5 ] },
								"east": { "texture": "#bladeu", "uv": [ 15.0, 10.0, 15.5, 12.0 ] },
								"south": { "texture": "#bladeu", "uv": [ 4.0, 2.0, 4.5, 4.0 ] },
								"west": { "texture": "#bladeu", "uv": [ 11.5, 0.5, 12.0, 2.5 ] },
								"up": { "texture": "#bladeu", "uv": [ 15.0, 3.0, 15.5, 3.5 ] },
								"down": { "texture": "#bladeu", "uv": [ 12.0, 10.5, 12.5, 11.0 ] }
							}
						},
						{
							"name": "Cube18",
							"from": [ 30.0, 2.9, -0.2 ], 
							"to": [ 32.0, 3.9, 0.4 ], 
							"rotationOrigin": [ 30.0, 2.9, -0.2 ],
							"faces": {
								"north": { "texture": "#bladeu", "uv": [ 5.0, 4.5, 7.0, 5.5 ] },
								"east": { "texture": "#bladeu", "uv": [ 1.0, 4.5, 1.5, 5.5 ] },
								"south": { "texture": "#bladeu", "uv": [ 12.0, 5.5, 14.0, 6.5 ] },
								"west": { "texture": "#bladeu", "uv": [ 11.5, 12.0, 12.0, 13.0 ] },
								"up": { "texture": "#bladeu", "uv": [ 11.0, 13.5, 13.0, 14.0 ] },
								"down": { "texture": "#bladeu", "uv": [ 1.0, 4.5, 3.0, 5.0 ] }
							}
						},
						{
							"name": "Cube19",
							"from": [ 7.0, 0.0, 0.0 ], 
							"to": [ 15.0, 5.0, 0.2 ], 
							"rotationOrigin": [ 7.0, 0.0, 0.0 ],
							"faces": {
								"north": { "texture": "#bladeu", "uv": [ 7.5, 4.0, 15.5, 9.0 ] },
								"east": { "texture": "#bladeu", "uv": [ 12.0, 7.0, 12.5, 12.0 ] },
								"south": { "texture": "#bladeu", "uv": [ 6.0, 1.5, 14.0, 6.5 ] },
								"west": { "texture": "#bladeu", "uv": [ 12.0, 1.5, 12.5, 6.5 ] },
								"up": { "texture": "#bladeu", "uv": [ 6.0, 10.5, 14.0, 11.0 ] },
								"down": { "texture": "#bladeu", "uv": [ 5.5, 3.0, 13.5, 3.5 ] }
							}
						},
						{
							"name": "Cube20",
							"from": [ 7.0, 0.5, -0.2 ], 
							"to": [ 15.0, 1.5, 0.4 ], 
							"rotationOrigin": [ 7.0, 0.5, -0.2 ],
							"faces": {
								"north": { "texture": "#bladeu", "uv": [ 4.5, 6.5, 12.5, 7.5 ] },
								"east": { "texture": "#bladeu", "uv": [ 9.5, 9.0, 10.0, 10.0 ] },
								"south": { "texture": "#bladeu", "uv": [ 6.5, 6.5, 14.5, 7.5 ] },
								"west": { "texture": "#bladeu", "uv": [ 0.0, 8.5, 0.5, 9.5 ] },
								"up": { "texture": "#bladeu", "uv": [ 7.0, 9.0, 15.0, 9.5 ] },
								"down": { "texture": "#bladeu", "uv": [ 4.5, 5.5, 12.5, 6.0 ] }
							}
						},
						{
							"name": "Cube21",
							"from": [ 7.0, 3.5, -0.2 ], 
							"to": [ 15.0, 4.5, 0.4 ], 
							"rotationOrigin": [ 7.0, 3.5, -0.2 ],
							"faces": {
								"north": { "texture": "#bladeu", "uv": [ 5.5, 6.0, 13.5, 7.0 ] },
								"east": { "texture": "#bladeu", "uv": [ 7.0, 5.0, 7.5, 6.0 ] },
								"south": { "texture": "#bladeu", "uv": [ 7.0, 1.5, 15.0, 2.5 ] },
								"west": { "texture": "#bladeu", "uv": [ 11.0, 9.0, 11.5, 10.0 ] },
								"up": { "texture": "#bladeu", "uv": [ 2.5, 13.5, 10.5, 14.0 ] },
								"down": { "texture": "#bladeu", "uv": [ 1.5, 11.0, 9.5, 11.5 ] }
							}
						},
						{
							"name": "Cube22",
							"from": [ -17.0, 1.5, 0.0 ], 
							"to": [ -9.0, 3.5, 0.2 ], 
							"rotationOrigin": [ -17.0, 1.5, 0.0 ],
							"faces": {
								"north": { "texture": "#bladeu", "uv": [ 6.0, 6.0, 14.0, 8.0 ] },
								"east": { "texture": "#bladeu", "uv": [ 13.5, 3.0, 14.0, 5.0 ] },
								"south": { "texture": "#bladeu", "uv": [ 0.0, 0.5, 8.0, 2.5 ] },
								"west": { "texture": "#bladeu", "uv": [ 0.5, 9.0, 1.0, 11.0 ] },
								"up": { "texture": "#bladeu", "uv": [ 1.0, 8.0, 9.0, 8.5 ] },
								"down": { "texture": "#bladeu", "uv": [ 4.5, 4.0, 12.5, 4.5 ] }
							}
						}
					]
				},
				{
					"name": "Letter",
					"from": [ 0.0, 5.0, 0.08 ], 
					"to": [ 0.0, 5.0, 0.08 ], 
					"rotationOrigin": [ 0.0, 5.0, 0.1 ],
					"rotationZ": 180.0,
					"faces": {
						"north": { "texture": "#bladeu", "uv": [ 0.0, 0.0, 0.5, 0.5 ] },
						"east": { "texture": "#bladeu", "uv": [ 0.0, 0.0, 0.5, 0.5 ] },
						"south": { "texture": "#bladeu", "uv": [ 0.0, 0.0, 0.5, 0.5 ] },
						"west": { "texture": "#bladeu", "uv": [ 0.0, 0.0, 0.5, 0.5 ] },
						"up": { "texture": "#bladeu", "uv": [ 0.0, 0.0, 0.5, 0.5 ] },
						"down": { "texture": "#bladeu", "uv": [ 0.0, 0.0, 0.5, 0.5 ] }
					},
					"children": [
						{
							"name": "Cube34",
							"from": [ 6.0, 1.8, -0.1 ], 
							"to": [ 6.3, 3.2, 0.0 ], 
							"rotationOrigin": [ 6.0, 1.8, -0.1 ],
							"faces": {
								"north": { "texture": "#letter", "uv": [ 0.0, 0.0, 0.5, 1.0 ] },
								"east": { "texture": "#letter", "uv": [ 0.0, 0.0, 0.5, 1.0 ] },
								"south": { "texture": "#letter", "uv": [ 0.0, 0.0, 0.5, 1.0 ] },
								"west": { "texture": "#letter", "uv": [ 0.0, 0.0, 0.5, 1.0 ] },
								"up": { "texture": "#letter", "uv": [ 0.0, 0.0, 0.5, 0.5 ] },
								"down": { "texture": "#letter", "uv": [ 0.0, 0.0, 0.5, 0.5 ] }
							},
							"children": [
								{
									"name": "Cube35",
									"from": [ 0.1, 0.1, 0.0 ], 
									"to": [ 0.4, 1.5, 0.1 ], 
									"rotationOrigin": [ 0.25, 0.7, 0.0 ],
									"rotationZ": 90.0,
									"faces": {
										"north": { "texture": "#letter", "uv": [ 0.0, 0.0, 0.5, 1.0 ] },
										"east": { "texture": "#letter", "uv": [ 0.0, 0.0, 0.5, 1.0 ] },
										"south": { "texture": "#letter", "uv": [ 0.0, 0.0, 0.5, 1.0 ] },
										"west": { "texture": "#letter", "uv": [ 0.0, 0.0, 0.5, 1.0 ] },
										"up": { "texture": "#letter", "uv": [ 0.0, 0.0, 0.5, 0.5 ] },
										"down": { "texture": "#letter", "uv": [ 0.0, 0.0, 0.5, 0.5 ] }
									}
								}
							]
						},
						{
							"name": "Orig36",
							"from": [ 4.5, 1.9, -0.1 ], 
							"to": [ 4.8, 3.3, 0.0 ], 
							"rotationOrigin": [ 4.6, 1.9, -0.1 ],
							"rotationZ": -20.0,
							"faces": {
								"north": { "texture": "#letter", "uv": [ 0.0, 0.0, 0.5, 1.0 ] },
								"east": { "texture": "#letter", "uv": [ 0.0, 0.0, 0.5, 1.0 ] },
								"south": { "texture": "#letter", "uv": [ 0.0, 0.0, 0.5, 1.0 ] },
								"west": { "texture": "#letter", "uv": [ 0.0, 0.0, 0.5, 1.0 ] },
								"up": { "texture": "#letter", "uv": [ 0.0, 0.0, 0.5, 0.5 ] },
								"down": { "texture": "#letter", "uv": [ 0.0, 0.0, 0.5, 0.5 ] }
							},
							"children": [
								{
									"name": "Orig37",
									"from": [ 0.0, 0.0, 0.0 ], 
									"to": [ 0.3, 1.4, 0.1 ], 
									"rotationOrigin": [ 0.15, 0.0, 0.0 ],
									"rotationZ": 40.0,
									"faces": {
										"north": { "texture": "#letter", "uv": [ 0.0, 0.0, 0.5, 1.0 ] },
										"east": { "texture": "#letter", "uv": [ 0.0, 0.0, 0.5, 1.0 ] },
										"south": { "texture": "#letter", "uv": [ 0.0, 0.0, 0.5, 1.0 ] },
										"west": { "texture": "#letter", "uv": [ 0.0, 0.0, 0.5, 1.0 ] },
										"up": { "texture": "#letter", "uv": [ 0.0, 0.0, 0.5, 0.5 ] },
										"down": { "texture": "#letter", "uv": [ 0.0, 0.0, 0.5, 0.5 ] }
									}
								}
							]
						},
						{
							"name": "Orig38",
							"from": [ 3.5, 1.8, -0.1 ], 
							"to": [ 3.8, 3.2, 0.0 ], 
							"rotationOrigin": [ 3.5, 1.8, -0.1 ],
							"faces": {
								"north": { "texture": "#letter", "uv": [ 0.0, 0.0, 0.5, 1.0 ] },
								"east": { "texture": "#letter", "uv": [ 0.0, 0.0, 0.5, 1.0 ] },
								"south": { "texture": "#letter", "uv": [ 0.0, 0.0, 0.5, 1.0 ] },
								"west": { "texture": "#letter", "uv": [ 0.0, 0.0, 0.5, 1.0 ] },
								"up": { "texture": "#letter", "uv": [ 0.0, 0.0, 0.5, 0.5 ] },
								"down": { "texture": "#letter", "uv": [ 0.0, 0.0, 0.5, 0.5 ] }
							},
							"children": [
								{
									"name": "Orig39",
									"from": [ 0.0, 0.0, 0.0 ], 
									"to": [ 0.3, 0.6, 0.1 ], 
									"rotationOrigin": [ 0.0, 0.0, 0.0 ],
									"rotationZ": 90.0,
									"faces": {
										"north": { "texture": "#letter", "uv": [ 0.0, 0.0, 0.5, 0.5 ] },
										"east": { "texture": "#letter", "uv": [ 0.0, 0.0, 0.5, 0.5 ] },
										"south": { "texture": "#letter", "uv": [ 0.0, 0.0, 0.5, 0.5 ] },
										"west": { "texture": "#letter", "uv": [ 0.0, 0.0, 0.5, 0.5 ] },
										"up": { "texture": "#letter", "uv": [ 0.0, 0.0, 0.5, 0.5 ] },
										"down": { "texture": "#letter", "uv": [ 0.0, 0.0, 0.5, 0.5 ] }
									}
								}
							]
						},
						{
							"name": "Orig40",
							"from": [ 2.3, 1.8, -0.1 ], 
							"to": [ 2.6, 3.2, 0.0 ], 
							"rotationOrigin": [ 2.3, 1.8, -0.1 ],
							"faces": {
								"north": { "texture": "#letter", "uv": [ 0.0, 0.0, 0.5, 1.0 ] },
								"east": { "texture": "#letter", "uv": [ 0.0, 0.0, 0.5, 1.0 ] },
								"south": { "texture": "#letter", "uv": [ 0.0, 0.0, 0.5, 1.0 ] },
								"west": { "texture": "#letter", "uv": [ 0.0, 0.0, 0.5, 1.0 ] },
								"up": { "texture": "#letter", "uv": [ 0.0, 0.0, 0.5, 0.5 ] },
								"down": { "texture": "#letter", "uv": [ 0.0, 0.0, 0.5, 0.5 ] }
							},
							"children": [
								{
									"name": "Orig42",
									"from": [ -0.1, 0.7, 0.0 ], 
									"to": [ 0.2, 1.2, 0.1 ], 
									"rotationOrigin": [ 0.05, 0.7, 0.0 ],
									"rotationZ": 90.0,
									"faces": {
										"north": { "texture": "#letter", "uv": [ 0.0, 0.0, 0.5, 0.5 ] },
										"east": { "texture": "#letter", "uv": [ 0.0, 0.0, 0.5, 0.5 ] },
										"south": { "texture": "#letter", "uv": [ 0.0, 0.0, 0.5, 0.5 ] },
										"west": { "texture": "#letter", "uv": [ 0.0, 0.0, 0.5, 0.5 ] },
										"up": { "texture": "#letter", "uv": [ 0.0, 0.0, 0.5, 0.5 ] },
										"down": { "texture": "#letter", "uv": [ 0.0, 0.0, 0.5, 0.5 ] }
									}
								},
								{
									"name": "Orig43",
									"from": [ 0.0, 1.1, 0.0 ], 
									"to": [ 0.3, 1.7, 0.1 ], 
									"rotationOrigin": [ 0.0, 1.1, 0.0 ],
									"rotationZ": 90.0,
									"faces": {
										"north": { "texture": "#letter", "uv": [ 0.0, 0.0, 0.5, 0.5 ] },
										"east": { "texture": "#letter", "uv": [ 0.0, 0.0, 0.5, 0.5 ] },
										"south": { "texture": "#letter", "uv": [ 0.0, 0.0, 0.5, 0.5 ] },
										"west": { "texture": "#letter", "uv": [ 0.0, 0.0, 0.5, 0.5 ] },
										"up": { "texture": "#letter", "uv": [ 0.0, 0.0, 0.5, 0.5 ] },
										"down": { "texture": "#letter", "uv": [ 0.0, 0.0, 0.5, 0.5 ] }
									}
								}
							]
						},
						{
							"name": "Orig44",
							"from": [ 1.1, 1.8, -0.1 ], 
							"to": [ 1.4, 3.2, 0.0 ], 
							"rotationOrigin": [ 1.1, 1.8, -0.1 ],
							"faces": {
								"north": { "texture": "#letter", "uv": [ 0.0, 0.0, 0.5, 1.0 ] },
								"east": { "texture": "#letter", "uv": [ 0.0, 0.0, 0.5, 1.0 ] },
								"south": { "texture": "#letter", "uv": [ 0.0, 0.0, 0.5, 1.0 ] },
								"west": { "texture": "#letter", "uv": [ 0.0, 0.0, 0.5, 1.0 ] },
								"up": { "texture": "#letter", "uv": [ 0.0, 0.0, 0.5, 0.5 ] },
								"down": { "texture": "#letter", "uv": [ 0.0, 0.0, 0.5, 0.5 ] }
							},
							"children": [
								{
									"name": "Orig45",
									"from": [ 0.0, 0.0, 0.0 ], 
									"to": [ 0.3, 0.6, 0.1 ], 
									"rotationOrigin": [ 0.0, 0.0, 0.0 ],
									"rotationZ": 90.0,
									"faces": {
										"north": { "texture": "#letter", "uv": [ 0.0, 0.0, 0.5, 0.5 ] },
										"east": { "texture": "#letter", "uv": [ 0.0, 0.0, 0.5, 0.5 ] },
										"south": { "texture": "#letter", "uv": [ 0.0, 0.0, 0.5, 0.5 ] },
										"west": { "texture": "#letter", "uv": [ 0.0, 0.0, 0.5, 0.5 ] },
										"up": { "texture": "#letter", "uv": [ 0.0, 0.0, 0.5, 0.5 ] },
										"down": { "texture": "#letter", "uv": [ 0.0, 0.0, 0.5, 0.5 ] }
									}
								},
								{
									"name": "Orig46",
									"from": [ -0.1, 0.7, 0.0 ], 
									"to": [ 0.2, 1.4, 0.1 ], 
									"rotationOrigin": [ 0.05, 0.7, 0.0 ],
									"rotationZ": 90.0,
									"faces": {
										"north": { "texture": "#letter", "uv": [ 0.0, 0.0, 0.5, 0.5 ] },
										"east": { "texture": "#letter", "uv": [ 0.0, 0.0, 0.5, 0.5 ] },
										"south": { "texture": "#letter", "uv": [ 0.0, 0.0, 0.5, 0.5 ] },
										"west": { "texture": "#letter", "uv": [ 0.0, 0.0, 0.5, 0.5 ] },
										"up": { "texture": "#letter", "uv": [ 0.0, 0.0, 0.5, 0.5 ] },
										"down": { "texture": "#letter", "uv": [ 0.0, 0.0, 0.5, 0.5 ] }
									}
								},
								{
									"name": "Orig47",
									"from": [ 0.0, 1.1, 0.0 ], 
									"to": [ 0.3, 1.7, 0.1 ], 
									"rotationOrigin": [ 0.0, 1.1, 0.0 ],
									"rotationZ": 90.0,
									"faces": {
										"north": { "texture": "#letter", "uv": [ 0.0, 0.0, 0.5, 0.5 ] },
										"east": { "texture": "#letter", "uv": [ 0.0, 0.0, 0.5, 0.5 ] },
										"south": { "texture": "#letter", "uv": [ 0.0, 0.0, 0.5, 0.5 ] },
										"west": { "texture": "#letter", "uv": [ 0.0, 0.0, 0.5, 0.5 ] },
										"up": { "texture": "#letter", "uv": [ 0.0, 0.0, 0.5, 0.5 ] },
										"down": { "texture": "#letter", "uv": [ 0.0, 0.0, 0.5, 0.5 ] }
									}
								},
								{
									"name": "Orig56",
									"from": [ -0.8, 0.2, 0.0 ], 
									"to": [ -0.6, 0.65, 0.1 ], 
									"rotationOrigin": [ -0.8, 0.2, 0.0 ],
									"faces": {
										"north": { "texture": "#letter", "uv": [ 0.0, 0.0, 0.5, 0.5 ] },
										"east": { "texture": "#letter", "uv": [ 0.0, 0.0, 0.5, 0.5 ] },
										"south": { "texture": "#letter", "uv": [ 0.0, 0.0, 0.5, 0.5 ] },
										"west": { "texture": "#letter", "uv": [ 0.0, 0.0, 0.5, 0.5 ] },
										"up": { "texture": "#letter", "uv": [ 0.0, 0.0, 0.5, 0.5 ] },
										"down": { "texture": "#letter", "uv": [ 0.0, 0.0, 0.5, 0.5 ] }
									}
								},
								{
									"name": "Orig57",
									"from": [ -0.8, 0.75, 0.0 ], 
									"to": [ -0.6, 1.2, 0.1 ], 
									"rotationOrigin": [ -0.8, 0.7, 0.0 ],
									"faces": {
										"north": { "texture": "#letter", "uv": [ 0.0, 0.0, 0.5, 0.5 ] },
										"east": { "texture": "#letter", "uv": [ 0.0, 0.0, 0.5, 0.5 ] },
										"south": { "texture": "#letter", "uv": [ 0.0, 0.0, 0.5, 0.5 ] },
										"west": { "texture": "#letter", "uv": [ 0.0, 0.0, 0.5, 0.5 ] },
										"up": { "texture": "#letter", "uv": [ 0.0, 0.0, 0.5, 0.5 ] },
										"down": { "texture": "#letter", "uv": [ 0.0, 0.0, 0.5, 0.5 ] }
									}
								}
							]
						},
						{
							"name": "Orig48",
							"from": [ -0.3, 1.8, -0.1 ], 
							"to": [ 0.0, 3.2, 0.0 ], 
							"rotationOrigin": [ -0.3, 1.8, -0.1 ],
							"faces": {
								"north": { "texture": "#letter", "uv": [ 0.0, 0.0, 0.5, 1.0 ] },
								"east": { "texture": "#letter", "uv": [ 0.0, 0.0, 0.5, 1.0 ] },
								"south": { "texture": "#letter", "uv": [ 0.0, 0.0, 0.5, 1.0 ] },
								"west": { "texture": "#letter", "uv": [ 0.0, 0.0, 0.5, 1.0 ] },
								"up": { "texture": "#letter", "uv": [ 0.0, 0.0, 0.5, 0.5 ] },
								"down": { "texture": "#letter", "uv": [ 0.0, 0.0, 0.5, 0.5 ] }
							},
							"children": [
								{
									"name": "Orig49",
									"from": [ 0.0, 0.0, 0.0 ], 
									"to": [ 0.3, 0.6, 0.1 ], 
									"rotationOrigin": [ 0.0, 0.0, 0.0 ],
									"rotationZ": 90.0,
									"faces": {
										"north": { "texture": "#letter", "uv": [ 0.0, 0.0, 0.5, 0.5 ] },
										"east": { "texture": "#letter", "uv": [ 0.0, 0.0, 0.5, 0.5 ] },
										"south": { "texture": "#letter", "uv": [ 0.0, 0.0, 0.5, 0.5 ] },
										"west": { "texture": "#letter", "uv": [ 0.0, 0.0, 0.5, 0.5 ] },
										"up": { "texture": "#letter", "uv": [ 0.0, 0.0, 0.5, 0.5 ] },
										"down": { "texture": "#letter", "uv": [ 0.0, 0.0, 0.5, 0.5 ] }
									}
								},
								{
									"name": "Orig50",
									"from": [ -0.1, 0.7, 0.0 ], 
									"to": [ 0.2, 1.2, 0.1 ], 
									"rotationOrigin": [ 0.05, 0.7, 0.0 ],
									"rotationZ": 90.0,
									"faces": {
										"north": { "texture": "#letter", "uv": [ 0.0, 0.0, 0.5, 0.5 ] },
										"east": { "texture": "#letter", "uv": [ 0.0, 0.0, 0.5, 0.5 ] },
										"south": { "texture": "#letter", "uv": [ 0.0, 0.0, 0.5, 0.5 ] },
										"west": { "texture": "#letter", "uv": [ 0.0, 0.0, 0.5, 0.5 ] },
										"up": { "texture": "#letter", "uv": [ 0.0, 0.0, 0.5, 0.5 ] },
										"down": { "texture": "#letter", "uv": [ 0.0, 0.0, 0.5, 0.5 ] }
									}
								},
								{
									"name": "Orig51",
									"from": [ 0.0, 1.1, 0.0 ], 
									"to": [ 0.3, 1.7, 0.1 ], 
									"rotationOrigin": [ 0.0, 1.1, 0.0 ],
									"rotationZ": 90.0,
									"faces": {
										"north": { "texture": "#letter", "uv": [ 0.0, 0.0, 0.5, 0.5 ] },
										"east": { "texture": "#letter", "uv": [ 0.0, 0.0, 0.5, 0.5 ] },
										"south": { "texture": "#letter", "uv": [ 0.0, 0.0, 0.5, 0.5 ] },
										"west": { "texture": "#letter", "uv": [ 0.0, 0.0, 0.5, 0.5 ] },
										"up": { "texture": "#letter", "uv": [ 0.0, 0.0, 0.5, 0.5 ] },
										"down": { "texture": "#letter", "uv": [ 0.0, 0.0, 0.5, 0.5 ] }
									}
								}
							]
						},
						{
							"name": "Orig52",
							"from": [ -1.5, 1.8, -0.1 ], 
							"to": [ -1.2, 3.2, 0.0 ], 
							"rotationOrigin": [ -1.5, 1.8, -0.1 ],
							"faces": {
								"north": { "texture": "#letter", "uv": [ 0.0, 0.0, 0.5, 1.0 ] },
								"east": { "texture": "#letter", "uv": [ 0.0, 0.0, 0.5, 1.0 ] },
								"south": { "texture": "#letter", "uv": [ 0.0, 0.0, 0.5, 1.0 ] },
								"west": { "texture": "#letter", "uv": [ 0.0, 0.0, 0.5, 1.0 ] },
								"up": { "texture": "#letter", "uv": [ 0.0, 0.0, 0.5, 0.5 ] },
								"down": { "texture": "#letter", "uv": [ 0.0, 0.0, 0.5, 0.5 ] }
							},
							"children": [
								{
									"name": "Orig53",
									"from": [ 0.0, 0.6, 0.0 ], 
									"to": [ 0.3, 1.5, 0.1 ], 
									"rotationOrigin": [ 0.1, 0.6, 0.0 ],
									"rotationZ": 135.0,
									"faces": {
										"north": { "texture": "#letter", "uv": [ 0.0, 0.0, 0.5, 0.5 ] },
										"east": { "texture": "#letter", "uv": [ 0.0, 0.0, 0.5, 0.5 ] },
										"south": { "texture": "#letter", "uv": [ 0.0, 0.0, 0.5, 0.5 ] },
										"west": { "texture": "#letter", "uv": [ 0.0, 0.0, 0.5, 0.5 ] },
										"up": { "texture": "#letter", "uv": [ 0.0, 0.0, 0.5, 0.5 ] },
										"down": { "texture": "#letter", "uv": [ 0.0, 0.0, 0.5, 0.5 ] }
									}
								},
								{
									"name": "Orig54",
									"from": [ -0.1, 0.7, 0.0 ], 
									"to": [ 0.2, 1.3, 0.1 ], 
									"rotationOrigin": [ 0.05, 0.7, 0.0 ],
									"rotationZ": 90.0,
									"faces": {
										"north": { "texture": "#letter", "uv": [ 0.0, 0.0, 0.5, 0.5 ] },
										"east": { "texture": "#letter", "uv": [ 0.0, 0.0, 0.5, 0.5 ] },
										"south": { "texture": "#letter", "uv": [ 0.0, 0.0, 0.5, 0.5 ] },
										"west": { "texture": "#letter", "uv": [ 0.0, 0.0, 0.5, 0.5 ] },
										"up": { "texture": "#letter", "uv": [ 0.0, 0.0, 0.5, 0.5 ] },
										"down": { "texture": "#letter", "uv": [ 0.0, 0.0, 0.5, 0.5 ] }
									}
								},
								{
									"name": "Orig55",
									"from": [ 0.0, 1.1, 0.0 ], 
									"to": [ 0.3, 1.7, 0.1 ], 
									"rotationOrigin": [ 0.0, 1.1, 0.0 ],
									"rotationZ": 90.0,
									"faces": {
										"north": { "texture": "#letter", "uv": [ 0.0, 0.0, 0.5, 0.5 ] },
										"east": { "texture": "#letter", "uv": [ 0.0, 0.0, 0.5, 0.5 ] },
										"south": { "texture": "#letter", "uv": [ 0.0, 0.0, 0.5, 0.5 ] },
										"west": { "texture": "#letter", "uv": [ 0.0, 0.0, 0.5, 0.5 ] },
										"up": { "texture": "#letter", "uv": [ 0.0, 0.0, 0.5, 0.5 ] },
										"down": { "texture": "#letter", "uv": [ 0.0, 0.0, 0.5, 0.5 ] }
									}
								},
								{
									"name": "Orig58",
									"from": [ -0.7, 0.7, 0.0 ], 
									"to": [ -0.5, 1.3, 0.1 ], 
									"rotationOrigin": [ -0.55, 0.7, 0.0 ],
									"faces": {
										"north": { "texture": "#letter", "uv": [ 0.0, 0.0, 0.5, 0.5 ] },
										"east": { "texture": "#letter", "uv": [ 0.0, 0.0, 0.5, 0.5 ] },
										"south": { "texture": "#letter", "uv": [ 0.0, 0.0, 0.5, 0.5 ] },
										"west": { "texture": "#letter", "uv": [ 0.0, 0.0, 0.5, 0.5 ] },
										"up": { "texture": "#letter", "uv": [ 0.0, 0.0, 0.5, 0.5 ] },
										"down": { "texture": "#letter", "uv": [ 0.0, 0.0, 0.5, 0.5 ] }
									}
								}
							]
						},
						{
							"name": "Orig59",
							"from": [ -2.8, 1.8, -0.1 ], 
							"to": [ -2.5, 3.2, 0.0 ], 
							"rotationOrigin": [ -2.8, 1.8, -0.1 ],
							"faces": {
								"north": { "texture": "#letter", "uv": [ 0.0, 0.0, 0.5, 1.0 ] },
								"east": { "texture": "#letter", "uv": [ 0.0, 0.0, 0.5, 1.0 ] },
								"south": { "texture": "#letter", "uv": [ 0.0, 0.0, 0.5, 1.0 ] },
								"west": { "texture": "#letter", "uv": [ 0.0, 0.0, 0.5, 1.0 ] },
								"up": { "texture": "#letter", "uv": [ 0.0, 0.0, 0.5, 0.5 ] },
								"down": { "texture": "#letter", "uv": [ 0.0, 0.0, 0.5, 0.5 ] }
							},
							"children": [
								{
									"name": "Orig60",
									"from": [ -0.8, 0.0, 0.0 ], 
									"to": [ -0.5, 1.4, 0.1 ], 
									"rotationOrigin": [ -0.8, 0.0, 0.0 ],
									"faces": {
										"north": { "texture": "#letter", "uv": [ 0.0, 0.0, 0.5, 1.0 ] },
										"east": { "texture": "#letter", "uv": [ 0.0, 0.0, 0.5, 1.0 ] },
										"south": { "texture": "#letter", "uv": [ 0.0, 0.0, 0.5, 1.0 ] },
										"west": { "texture": "#letter", "uv": [ 0.0, 0.0, 0.5, 1.0 ] },
										"up": { "texture": "#letter", "uv": [ 0.0, 0.0, 0.5, 0.5 ] },
										"down": { "texture": "#letter", "uv": [ 0.0, 0.0, 0.5, 0.5 ] }
									}
								},
								{
									"name": "Orig61",
									"from": [ -0.1, 0.7, 0.0 ], 
									"to": [ 0.2, 1.3, 0.1 ], 
									"rotationOrigin": [ 0.05, 0.7, 0.0 ],
									"rotationZ": 90.0,
									"faces": {
										"north": { "texture": "#letter", "uv": [ 0.0, 0.0, 0.5, 0.5 ] },
										"east": { "texture": "#letter", "uv": [ 0.0, 0.0, 0.5, 0.5 ] },
										"south": { "texture": "#letter", "uv": [ 0.0, 0.0, 0.5, 0.5 ] },
										"west": { "texture": "#letter", "uv": [ 0.0, 0.0, 0.5, 0.5 ] },
										"up": { "texture": "#letter", "uv": [ 0.0, 0.0, 0.5, 0.5 ] },
										"down": { "texture": "#letter", "uv": [ 0.0, 0.0, 0.5, 0.5 ] }
									}
								}
							]
						},
						{
							"name": "Orig62",
							"from": [ -4.5, 1.8, -0.1 ], 
							"to": [ -4.2, 2.9, 0.0 ], 
							"rotationOrigin": [ -4.5, 1.8, -0.1 ],
							"faces": {
								"north": { "texture": "#letter", "uv": [ 0.0, 0.0, 0.5, 1.0 ] },
								"east": { "texture": "#letter", "uv": [ 0.0, 0.0, 0.5, 1.0 ] },
								"south": { "texture": "#letter", "uv": [ 0.0, 0.0, 0.5, 1.0 ] },
								"west": { "texture": "#letter", "uv": [ 0.0, 0.0, 0.5, 1.0 ] },
								"up": { "texture": "#letter", "uv": [ 0.0, 0.0, 0.5, 0.5 ] },
								"down": { "texture": "#letter", "uv": [ 0.0, 0.0, 0.5, 0.5 ] }
							},
							"children": [
								{
									"name": "Orig63",
									"from": [ 0.6, 1.1, 0.0 ], 
									"to": [ 0.9, 2.0, 0.1 ], 
									"rotationOrigin": [ 0.6, 1.1, 0.0 ],
									"rotationZ": 90.0,
									"faces": {
										"north": { "texture": "#letter", "uv": [ 0.0, 0.0, 0.5, 0.5 ] },
										"east": { "texture": "#letter", "uv": [ 0.0, 0.0, 0.5, 0.5 ] },
										"south": { "texture": "#letter", "uv": [ 0.0, 0.0, 0.5, 0.5 ] },
										"west": { "texture": "#letter", "uv": [ 0.0, 0.0, 0.5, 0.5 ] },
										"up": { "texture": "#letter", "uv": [ 0.0, 0.0, 0.5, 0.5 ] },
										"down": { "texture": "#letter", "uv": [ 0.0, 0.0, 0.5, 0.5 ] }
									}
								}
							]
						},
						{
							"name": "Cube63",
							"from": [ -5.9, 1.8, -0.1 ], 
							"to": [ -5.6, 3.2, 0.0 ], 
							"rotationOrigin": [ -5.9, 1.8, -0.1 ],
							"faces": {
								"north": { "texture": "#letter", "uv": [ 0.0, 0.0, 0.5, 1.0 ] },
								"east": { "texture": "#letter", "uv": [ 0.0, 0.0, 0.5, 1.0 ] },
								"south": { "texture": "#letter", "uv": [ 0.0, 0.0, 0.5, 1.0 ] },
								"west": { "texture": "#letter", "uv": [ 0.0, 0.0, 0.5, 1.0 ] },
								"up": { "texture": "#letter", "uv": [ 0.0, 0.0, 0.5, 0.5 ] },
								"down": { "texture": "#letter", "uv": [ 0.0, 0.0, 0.5, 0.5 ] }
							},
							"children": [
								{
									"name": "Cube64",
									"from": [ 0.1, 0.1, 0.0 ], 
									"to": [ 0.4, 1.5, 0.1 ], 
									"rotationOrigin": [ 0.25, 0.7, 0.0 ],
									"rotationZ": 90.0,
									"faces": {
										"north": { "texture": "#letter", "uv": [ 0.0, 0.0, 0.5, 1.0 ] },
										"east": { "texture": "#letter", "uv": [ 0.0, 0.0, 0.5, 1.0 ] },
										"south": { "texture": "#letter", "uv": [ 0.0, 0.0, 0.5, 1.0 ] },
										"west": { "texture": "#letter", "uv": [ 0.0, 0.0, 0.5, 1.0 ] },
										"up": { "texture": "#letter", "uv": [ 0.0, 0.0, 0.5, 0.5 ] },
										"down": { "texture": "#letter", "uv": [ 0.0, 0.0, 0.5, 0.5 ] }
									}
								}
							]
						}
					]
				}
			]
		}
	]}