{
	"editor": {
		"allAngles": false,
		"entityTextureMode": false
	},
	"textureWidth": 16,
	"textureHeight": 16,
	"textureSizes": {
	},
	"textures": {
		"ceramic-dark": "game:block/clay/ceramic-dark"
	},
	"elements": [
		{
			"name": "Cube1",
			"from": [ 1.0, 0.0, 1.0 ], 
			"to": [ 15.0, 1.0, 15.0 ], 
			"rotationOrigin": [ 1.0, 0.0, 1.0 ],
			"faces": {
				"north": { "texture": "#ceramic-dark", "uv": [ 0.0, 0.0, 14.0, 1.0 ] },
				"east": { "texture": "#ceramic-dark", "uv": [ 0.0, 0.0, 14.0, 1.0 ] },
				"south": { "texture": "#ceramic-dark", "uv": [ 0.0, 0.0, 14.0, 1.0 ] },
				"west": { "texture": "#ceramic-dark", "uv": [ 0.0, 0.0, 14.0, 1.0 ] },
				"up": { "texture": "#ceramic-dark", "uv": [ 0.0, 0.0, 14.0, 14.0 ] },
				"down": { "texture": "#ceramic-dark", "uv": [ 0.0, 0.0, 14.0, 14.0 ] }
			},
			"children": [
				{
					"name": "Cube2",
					"from": [ 0.0, 1.0, 0.0 ], 
					"to": [ 14.0, 2.0, 2.0 ], 
					"rotationOrigin": [ 0.0, 1.0, 0.0 ],
					"faces": {
						"north": { "texture": "#ceramic-dark", "uv": [ 0.0, 0.0, 14.0, 1.0 ] },
						"east": { "texture": "#ceramic-dark", "uv": [ 0.0, 0.0, 2.0, 1.0 ] },
						"south": { "texture": "#ceramic-dark", "uv": [ 0.0, 0.0, 14.0, 1.0 ] },
						"west": { "texture": "#ceramic-dark", "uv": [ 0.0, 0.0, 2.0, 1.0 ] },
						"up": { "texture": "#ceramic-dark", "uv": [ 0.0, 0.0, 14.0, 2.0 ] },
						"down": { "texture": "#ceramic-dark", "uv": [ 0.0, 0.0, 14.0, 2.0 ] }
					},
					"children": [
						{
							"name": "Cube3",
							"from": [ 0.0, 0.0, 2.0 ], 
							"to": [ 6.0, 1.0, 3.0 ], 
							"rotationOrigin": [ 0.0, 0.0, 2.0 ],
							"faces": {
								"north": { "texture": "#ceramic-dark", "uv": [ 0.0, 0.0, 6.0, 1.0 ] },
								"east": { "texture": "#ceramic-dark", "uv": [ 0.0, 0.0, 1.0, 1.0 ] },
								"south": { "texture": "#ceramic-dark", "uv": [ 0.0, 0.0, 6.0, 1.0 ] },
								"west": { "texture": "#ceramic-dark", "uv": [ 0.0, 0.0, 1.0, 1.0 ] },
								"up": { "texture": "#ceramic-dark", "uv": [ 0.0, 0.0, 6.0, 1.0 ] },
								"down": { "texture": "#ceramic-dark", "uv": [ 0.0, 0.0, 6.0, 1.0 ] }
							}
						},
						{
							"name": "Cube4",
							"from": [ 8.0, 0.0, 2.0 ], 
							"to": [ 14.0, 1.0, 3.0 ], 
							"rotationOrigin": [ 8.0, 0.0, 2.0 ],
							"faces": {
								"north": { "texture": "#ceramic-dark", "uv": [ 0.0, 0.0, 6.0, 1.0 ] },
								"east": { "texture": "#ceramic-dark", "uv": [ 0.0, 0.0, 1.0, 1.0 ] },
								"south": { "texture": "#ceramic-dark", "uv": [ 0.0, 0.0, 6.0, 1.0 ] },
								"west": { "texture": "#ceramic-dark", "uv": [ 0.0, 0.0, 1.0, 1.0 ] },
								"up": { "texture": "#ceramic-dark", "uv": [ 0.0, 0.0, 6.0, 1.0 ] },
								"down": { "texture": "#ceramic-dark", "uv": [ 0.0, 0.0, 6.0, 1.0 ] }
							},
							"children": [
								{
									"name": "Cube5",
									"from": [ -8.0, 0.0, 1.0 ], 
									"to": [ -4.0, 1.0, 8.0 ], 
									"rotationOrigin": [ -8.0, 0.0, 1.0 ],
									"faces": {
										"north": { "texture": "#ceramic-dark", "uv": [ 0.0, 0.0, 4.0, 1.0 ] },
										"east": { "texture": "#ceramic-dark", "uv": [ 0.0, 0.0, 7.0, 1.0 ] },
										"south": { "texture": "#ceramic-dark", "uv": [ 0.0, 0.0, 4.0, 1.0 ] },
										"west": { "texture": "#ceramic-dark", "uv": [ 0.0, 0.0, 7.0, 1.0 ] },
										"up": { "texture": "#ceramic-dark", "uv": [ 0.0, 0.0, 4.0, 7.0 ] },
										"down": { "texture": "#ceramic-dark", "uv": [ 0.0, 0.0, 4.0, 7.0 ] }
									},
									"children": [
										{
											"name": "Cube7",
											"from": [ 0.0, 0.0, 7.0 ], 
											"to": [ 5.0, 1.0, 8.0 ], 
											"rotationOrigin": [ 0.0, 0.0, 7.0 ],
											"faces": {
												"north": { "texture": "#ceramic-dark", "uv": [ 0.0, 0.0, 5.0, 1.0 ] },
												"east": { "texture": "#ceramic-dark", "uv": [ 0.0, 0.0, 1.0, 1.0 ] },
												"south": { "texture": "#ceramic-dark", "uv": [ 0.0, 0.0, 5.0, 1.0 ] },
												"west": { "texture": "#ceramic-dark", "uv": [ 0.0, 0.0, 1.0, 1.0 ] },
												"up": { "texture": "#ceramic-dark", "uv": [ 0.0, 0.0, 5.0, 1.0 ] },
												"down": { "texture": "#ceramic-dark", "uv": [ 0.0, 0.0, 5.0, 1.0 ] }
											}
										},
										{
											"name": "Cube8",
											"from": [ 9.0, 0.0, 7.0 ], 
											"to": [ 14.0, 1.0, 8.0 ], 
											"rotationOrigin": [ 9.0, 0.0, 7.0 ],
											"faces": {
												"north": { "texture": "#ceramic-dark", "uv": [ 0.0, 0.0, 5.0, 1.0 ] },
												"east": { "texture": "#ceramic-dark", "uv": [ 0.0, 0.0, 1.0, 1.0 ] },
												"south": { "texture": "#ceramic-dark", "uv": [ 0.0, 0.0, 5.0, 1.0 ] },
												"west": { "texture": "#ceramic-dark", "uv": [ 0.0, 0.0, 1.0, 1.0 ] },
												"up": { "texture": "#ceramic-dark", "uv": [ 0.0, 0.0, 5.0, 1.0 ] },
												"down": { "texture": "#ceramic-dark", "uv": [ 0.0, 0.0, 5.0, 1.0 ] }
											}
										}
									]
								},
								{
									"name": "Cube6",
									"from": [ 2.0, 0.0, 1.0 ], 
									"to": [ 6.0, 1.0, 8.0 ], 
									"rotationOrigin": [ 2.0, 0.0, 1.0 ],
									"faces": {
										"north": { "texture": "#ceramic-dark", "uv": [ 0.0, 0.0, 4.0, 1.0 ] },
										"east": { "texture": "#ceramic-dark", "uv": [ 0.0, 0.0, 7.0, 1.0 ] },
										"south": { "texture": "#ceramic-dark", "uv": [ 0.0, 0.0, 4.0, 1.0 ] },
										"west": { "texture": "#ceramic-dark", "uv": [ 0.0, 0.0, 7.0, 1.0 ] },
										"up": { "texture": "#ceramic-dark", "uv": [ 0.0, 0.0, 4.0, 7.0 ] },
										"down": { "texture": "#ceramic-dark", "uv": [ 0.0, 0.0, 4.0, 7.0 ] }
									},
									"children": [
										{
											"name": "Cube9",
											"from": [ -10.0, 0.0, 8.0 ], 
											"to": [ 4.0, 1.0, 11.0 ], 
											"rotationOrigin": [ -10.0, 0.0, 8.0 ],
											"faces": {
												"north": { "texture": "#ceramic-dark", "uv": [ 0.0, 0.0, 14.0, 1.0 ] },
												"east": { "texture": "#ceramic-dark", "uv": [ 0.0, 0.0, 3.0, 1.0 ] },
												"south": { "texture": "#ceramic-dark", "uv": [ 0.0, 0.0, 14.0, 1.0 ] },
												"west": { "texture": "#ceramic-dark", "uv": [ 0.0, 0.0, 3.0, 1.0 ] },
												"up": { "texture": "#ceramic-dark", "uv": [ 0.0, 0.0, 14.0, 3.0 ] },
												"down": { "texture": "#ceramic-dark", "uv": [ 0.0, 0.0, 14.0, 3.0 ] }
											}
										}
									]
								}
							]
						}
					]
				}
			]
		}
	]}