{
	"code": "pilum",
	"class": "EntityProjectile",
	"hitboxSize": { "x": 0.125,"y": 0.125 },
	"variantgroups": [
		{ "code": "material", "states": ["tinbronze", "bismuthbronze", "blackbronze", "iron", "meteoriciron", "steel"] },
	],
	"client": {
		"size": 0.85,
		"renderer": "Shape",
		"shapeByType": {
		"pilum-tinbronze": { "base": "tonwexp:item/pilum" },
		"pilum-bismuthbronze": { "base": "tonwexp:item/pilum"},
		"pilum-blackbronze": { "base": "tonwexp:item/pilum" },
		"pilum-iron": { "base": "tonwexp:item/pilum" },
		"pilum-meteoriciron": { "base": "tonwexp:item/pilum" },
		"pilum-steel": { "base": "tonwexp:item/pilum" },	
	},
"texturesByType": {
	"*": {"material": { "base": "game:block/metal/ingot/{material}" }}
	},
	"behaviors": [
			{ 
				"code": "passivephysics", 
				"groundDragFactor": 1,
				"airDragFactor": 0.25,
				"gravityFactor": 0.55
			}, 
			{ "code": "interpolateposition" }
		],
	},
	"server": {
		"behaviors": [
			{ 
				"code": "passivephysics", 
				"groundDragFactor": 1,
				"airDragFactor": 0.25,
				"gravityFactor": 0.55
			}, 
			{ "code": "despawn", "minSeconds": 600 }
		]
	},
	"sounds": {
	},
}