{
	"code": "spear",
	"class": "EntityProjectile",
	"hitboxSize": { "x": 0.125,"y": 0.125 },
	"variantgroups": [
		{ "code": "material", "states": ["copper", "tinbronze", "bismuthbronze", "blackbronze", "iron", "meteoriciron", "steel"] },
	],
	"client": {
		"size": 0.45,
		"renderer": "Shape",
		"shapeByType": {
		"spear-copper": { "base": "tonwexp:item/spearbronze" },
		"spear-tinbronze": { "base": "tonwexp:item/spearbronze" },
		"spear-bismuthbronze": { "base": "tonwexp:item/spearbronze" },
		"spear-blackbronze": { "base": "tonwexp:item/spearbronze" },
		"spear-iron": { "base": "tonwexp:item/speariron" },
		"spear-meteoriciron": { "base": "tonwexp:item/spearmeteor" },
		"spear-steel": { "base": "tonwexp:item/spearsteel" },	
	},
"texturesByType": {
	"*": {"material": { "base": "game:block/metal/ingot/{material}" }}
	},
	"behaviors": [
			{ 
				"code": "passivephysics", 
				"groundDragFactor": 1,
				"airDragFactor": 0.15,
				"gravityFactor": 2.5
			}, 
			{ "code": "interpolateposition" }
		],
	},
	"server": {
		"behaviors": [
			{ 
				"code": "passivephysics", 
				"groundDragFactor": 1,
				"airDragFactor": 0.15,
				"gravityFactor": 2.5
			}, 
			{ "code": "despawn", "minSeconds": 600 }
		]
	},
	"sounds": {
	},
}