{
	"code": "armor",
	"class": "ItemWearable",
	"heldTpIdleAnimation": "holdunderarm",
	"variantgroups": [
		{ 
		"code": "bodypart",
		"states": ["head", "body", "legs"] 
		},
		{ 
		"code": "construct",
		"states": [
			"lamelar",
			"lamelarar",
			"segment",
			"samura"
		]},
		{ 
		"code": "material",
		"states": [
			"leather",
			"copper",
			"tinbronze",
			"bismuthbronze",
			"blackbronze",
			"iron",
			"meteoriciron",
			"steel",
			"green",
			"yellow",
			"orange"
		]},
	],
	"skipVariants": [
	"armor-*-lamelar-leather",
	"armor-*-lamelar-copper",
	"armor-*-lamelar-tinbronze",
	"armor-*-lamelar-bismuthbronze",
	"armor-*-lamelar-blackbronze",
	"armor-*-lamelarar-iron",
	"armor-*-lamelarar-meteoriciron",
	"armor-*-lamelarar-steel",
	"armor-*-lamelarar-leather",
	"armor-*-segment-leather",
	"armor-*-segment-copper",
	"armor-*-segment-tinbronze",
	"armor-*-segment-bismuthbronze",
	"armor-*-segment-blackbronze",
	"armor-*-samura-leather",
	"armor-*-samura-copper",
	"armor-*-samura-tinbronze",
	"armor-*-samura-bismuthbronze",
	"armor-*-samura-blackbronze",
	"armor-*-samura-iron",
	"armor-*-samura-meteoriciron",
	"armor-*-samura-steel",
	],
	"allowedVariants": [
	"armor-*-lamelar-iron",
	"armor-*-lamelar-meteoriciron",
	"armor-*-lamelar-steel",
	"armor-*-lamelarar-copper",
	"armor-*-lamelarar-tinbronze",
	"armor-*-lamelarar-bismuthbronze",
	"armor-*-lamelarar-blackbronze",
	"armor-*-segment-iron",
	"armor-*-segment-meteoriciron",
	"armor-*-segment-steel",
	"armor-*-samura-green",
	"armor-*-samura-yellow",
	"armor-*-samura-orange",
	],
	"shapeByType": {
	"armor-*": { "base": "entity/seraph/armor/{construct}/{bodypart}" }
	},
	"texturesByType": {
	"*": {
			"seraph": { "base": "game:block/transparent" },
			"material": { 
				"baseByType": {
					"*": "entity/armor/{construct}/{material}"
				}
			}
		}
	},
	"storageFlags": 128,
	"attributes": {
		"visibleDamageEffect": true,
		"wearableAttachment": true,
		"disableElementsByType": {
			"armor-head-*": ["Hair tile upper part", "Ponytail1",  "hideme"],
			"armor-body-*": ["Waist"]
		},
		"clothescategoryByType": {
			"armor-head-*": "armorhead",
			"armor-body-*": "armorbody",
			"armor-legs-*": "armorlegs",
		},
		"defaultProtLoss": {
			"perTierRelativeProtectionLoss": [0.03, 0.15],
			"perTierFlatDamageReductionLoss": [0.1, 0.2],
		},
		"protectionModifiersByType": {
			"armor-*-lamelarar-copper": {
				"relativeProtection": 0.65,
				"flatDamageReduction": 0.45,
				"protectionTier": 1
			},
			"armor-*-lamelarar-tinbronze": {
				"relativeProtection": 0.67,
				"flatDamageReduction": 0.55,
				"protectionTier": 2
			},
			"armor-*-lamelarar-bismuthbronze": {
				"relativeProtection": 0.66,
				"flatDamageReduction": 0.58,
				"protectionTier": 2
			},
			"armor-*-lamelarar-blackbronze": {
				"relativeProtection": 0.68,
				"flatDamageReduction": 0.66,
				"protectionTier": 2
			},
			"armor-*-lamelar-iron": {
				"relativeProtection": 0.77,
				"flatDamageReduction": 1.1,
				"protectionTier": 3
			},
			"armor-*-lamelar-meteoriciron": {
				"relativeProtection": 0.8,
				"flatDamageReduction": 1.2,
				"protectionTier": 3
			},
			"armor-*-lamelar-steel": {
				"relativeProtection": 0.86,
				"flatDamageReduction": 1.3,
				"protectionTier": 4
			},
			"armor-*-segment-iron": {
				"relativeProtection": 0.7,
				"flatDamageReduction": 0.9,
				"protectionTier": 3
			},
			"armor-*-segment-meteoriciron": {
				"relativeProtection": 0.73,
				"flatDamageReduction": 0.94,
				"protectionTier": 3
			},
			"armor-*-segment-steel": {
				"relativeProtection": 0.9,
				"flatDamageReduction": 1.5,
				"protectionTier": 4
			},
			"armor-*-samura-*": {
				"relativeProtection": 0.95,
				"flatDamageReduction": 1.8,
				"protectionTier": 4
			},
		},
		"statModifiersByType": {
			"armor-*-lamelarar-*": {
				"rangedWeaponsAcc": 0.03,
				"rangedWeaponsSpeed": 0.05,
				"walkSpeed": -0.03,
				"healingeffectivness": -0.1,
				"hungerrate": 0.08
			},
			"armor-*-lamelar-*": {
				"rangedWeaponsAcc": -0.06,
				"rangedWeaponsSpeed": -0.11,
				"walkSpeed": -0.04,
				"healingeffectivness": -0.15,
				"hungerrate": 0.1
			},
			"armor-*-segment-*": {
				"rangedWeaponsAcc": -0.04,
				"rangedWeaponsSpeed": -0.07,
				"walkSpeed": -0.03,
				"healingeffectivness": -0.2,
				"hungerrate": 0.08
			},
			"armor-*-samura-*": {
				"rangedWeaponsAcc": -0.03,
				"rangedWeaponsSpeed": -0.05,
				"walkSpeed": -0.09,
				"healingeffectivness": -0.15,
				"hungerrate": 0.1
			},
		},
		"footStepSoundByType": {
			"armor-body-lamelar-*": "game:wearable/brigandine*",
			"armor-body-lamelarar-*": "game:wearable/brigandine*",
			"armor-body-segment-*": "game:wearable/brigandine*",
			"armor-body-samura-*": "game:wearable/brigandine*",
		}
	},
	"creativeinventory": { "general": ["*"], "items": ["*"], "clothing": ["*"],"tonwexp": ["*"] },
	"renderAlphaTest": 0.25,
	"durabilityByType": {
		"armor-*-lamelarar-copper": 400,
		"armor-*-lamelarar-tinbronze": 560,
		"armor-*-lamelarar-bismuthbronze": 585, 
		"armor-*-lamelarar-blackbronze": 625,
		"armor-*-lamelar-iron": 1100,
		"armor-*-lamelar-meteoriciron": 1300, 
		"armor-*-lamelar-steel": 1700,
		"armor-*-segment-iron": 900,
		"armor-*-segment-meteoriciron": 1000, 
		"armor-*-segment-steel": 1300,
		"armor-*-samura-*": 1800,
	},
	"fpHandTransformByType": {
		"armor-head-*": {
			"translation": { x: 1.2, y: -1.8, z: -0.5 },
			"rotation": { x: 163, y: -111, z: -180 },
			"origin": { x: 0, y: 0, z: 0 },
			"scale": 2.15
		},
		"armor-body-*": {
			"translation": { x: 0.4, y: -1.2, z: -0.5 },
			"rotation": { x: 163, y: -111, z: -180 },
			"origin": { x: 0.5, y: 1.6, z: 0.5 },
			"scale": 2.15
		},
		"armor-legs-*": {
			"translation": { x: 1.4, y: -0.3, z: -0.4 },
			"rotation": { x: 163, y: -111, z: -180 },
			"origin": { x: 0, y: 0, z: 0 },
			"scale": 2.15
		},
	},
	"tpHandTransformByType": {
		"armor-legs-lamelar-*": {
			"translation": { x: -1.1, y: -0.5, z: -0.4 },
			"rotation": { x: 95, y: -20, z: -91 },
			"origin": { x: 0.5, y: 0.7, z: 0.5 },
			"scale": 0.74
		},
		"armor-legs-lamelarar-*": {
			"translation": { x: -1.1, y: -0.5, z: -0.4 },
			"rotation": { x: 95, y: -20, z: -91 },
			"origin": { x: 0.5, y: 0.7, z: 0.5 },
			"scale": 0.74
		},
		"armor-legs-segment-*": {
			"translation": { x: -1.1, y: -0.5, z: -0.5 },
			"rotation": { x: 95, y: -20, z: -91 },
			"origin": { x: 0.5, y: 0.7, z: 0.5 },
			"scale": 0.74
		},
		"armor-legs-samura-*": {
			"translation": { x: -0.8, y: -0.65, z: -0.4 },
			"rotation": { x: 95, y: -20, z: -91 },
			"origin": { x: 0.5, y: 0.7, z: 0.5 },
			"scale": 0.74
		},
		"armor-head-*": {
			"translation": { x: -0.82, y: -2.24, z: -0.5 },
			"rotation": { x: 18, y: 169, z: 30 },
			"origin": { x: 0.5, y: 1.7, z: 0.5 },
			"scale": 0.64
		},
		"armor-body-*": {
			"translation": { x: -1, y: -1.9, z: -0.5 },
			"rotation": { x: 97, y: -168, z: 94 },
			"origin": { x: 0.5, y: 1.5, z: 0.5 },
			"scale": 0.67
		},
		"armor-legs-*": {
			"translation": { x: -1.1, y: -0.5, z: -0.4 },
			"rotation": { x: 95, y: -20, z: -91 },
			"origin": { x: 0.5, y: 0.7, z: 0.5 },
			"scale": 0.74
		}
	},
	"guiTransformByType": {
		"armor-head-*": {
			"translation": { x: 0, y: 3, z: 0 },
			"rotation": { x: -26, y: -46, z: -180 },
			"origin": { x: 0.6, y: 1.72, z: 0.5 },
			"scale": 2
		},
		"armor-body-*": {
			"translation": { x: 3, y: 0, z: 0 },
			"rotation": { x: -26, y: -46, z: -180 },
			"origin": { x: 0.5, y: 1.11, z: 0.5 },
			"scale": 1.37
		},
		"armor-legs-lamelar-*": {
			"translation": { x: 3, y: -5, z: 0 },
			"rotation": { x: -26, y: -46, z: -180 },
			"origin": { x: 0.5, y: 0.33, z: 0.5 },
			"scale": 2.2
		},
		"armor-legs-lamelarar-*": {
			"translation": { x: 3, y: -5, z: 0 },
			"rotation": { x: -26, y: -46, z: -180 },
			"origin": { x: 0.5, y: 0.33, z: 0.5 },
			"scale": 2.2
		},
		"armor-legs-segment-*": {
			"translation": { x: 3, y: -5, z: 0 },
			"rotation": { x: -26, y: -46, z: -180 },
			"origin": { x: 0.5, y: 0.33, z: 0.5 },
			"scale": 2.2
		},
		"armor-legs-*": {
			"translation": { x: 1, y: 0, z: 0 },
			"rotation": { x: -26, y: -46, z: -180 },
			"origin": { x: 0.5, y: 0.6, z: 0.5 },
			"scale": 1.25
		},
	},
	"groundTransformByType": {
		"armor-head-*": {
			"translation": { x: 0, y: 0, z: 0 },
			"rotation": { x: 0, y: 0, z: 0 },
			"origin": { x: 0.34, y: 1.71, z: 0.5 },
			"scale": 3.1
		},
		"armor-body-*": {
			"translation": { x: 0, y: 0, z: 0 },
			"rotation": { x: 0, y: 0, z: 90 },
			"origin": { x: 0.34, y: 1.12, z: 0.5 },
			"scale": 3.1
		},
		"armor-legs-*": {
			"translation": { x: 0, y: 0, z: 0 },
			"rotation": { x: 0, y: 0, z: 90 },
			"origin": { x: 0.34, y: 1.12, z: 0.5 },
			"scale": 3.1
		}
	}
}