{
	"editor": {
		"allAngles": true,
		"entityTextureMode": true
	},
	"textureWidth": 64,
	"textureHeight": 64,
	"textureSizes": {
	},
	"textures": {
		"material": "entity/armor/lamelar/tinbronze"
	},
	"elements": [
		{
			"name": "LLR",
			"stepParentName": "LowerFootR",
			"from": [ -0.2, -0.1, -0.2 ], 
			"to": [ 4.2, 6.9, 3.2 ], 
			"unwrapMode": 4,
			"uv": [ 36.5, 40.5 ],
			"rotationOrigin": [ -0.2, -0.1, -0.2 ],
			"faces": {
				"north": { "texture": "#material", "uv": [ 36.5, 44.5, 40.5, 51.5 ] },
				"east": { "texture": "#material", "uv": [ 47.5, 44.5, 50.5, 51.5 ] },
				"south": { "texture": "#material", "uv": [ 43.5, 44.5, 47.5, 51.5 ] },
				"west": { "texture": "#material", "uv": [ 40.5, 44.5, 43.5, 51.5 ] },
				"up": { "texture": "#material", "uv": [ 40.5, 40.5, 43.5, 44.5 ], "rotation": 90 },
				"down": { "texture": "#material", "uv": [ 40.5, 51.5, 43.5, 55.5 ], "rotation": 90 }
			},
			"children": [
				{
					"name": "LLR29",
					"from": [ -0.2, 1.6, -0.2 ], 
					"to": [ 1.2, 5.6, 3.6 ], 
					"unwrapMode": 4,
					"uv": [ 19.0, 16.5 ],
					"rotationOrigin": [ -0.2, 1.6, -0.2 ],
					"faces": {
						"north": { "texture": "#material", "uv": [ 19.0, 17.5, 20.0, 21.5 ] },
						"east": { "texture": "#material", "uv": [ 24.5, 17.5, 28.0, 21.5 ] },
						"south": { "texture": "#material", "uv": [ 23.5, 17.5, 24.5, 21.5 ] },
						"west": { "texture": "#material", "uv": [ 20.0, 17.5, 23.5, 21.5 ] },
						"up": { "texture": "#material", "uv": [ 20.0, 16.5, 23.5, 17.5 ], "rotation": 90 },
						"down": { "texture": "#material", "uv": [ 20.0, 21.5, 23.5, 22.5 ], "rotation": 90 }
					}
				},
				{
					"name": "LLR30",
					"from": [ 0.0, 2.2, -0.1 ], 
					"to": [ 4.5, 2.8, 3.5 ], 
					"autoUnwrap": false,
					"uv": [ 0.0, 26.0 ],
					"rotationOrigin": [ 0.0, 2.2, -0.1 ],
					"faces": {
						"north": { "texture": "#material", "uv": [ 0.0, 29.5, 4.5, 30.0 ] },
						"east": { "texture": "#material", "uv": [ 4.5, 29.5, 8.0, 30.0 ] },
						"south": { "texture": "#material", "uv": [ 8.0, 29.5, 12.5, 30.0 ] },
						"west": { "texture": "#material", "uv": [ 12.5, 29.5, 16.0, 30.0 ] },
						"up": { "texture": "#material", "uv": [ 42.5, 10.0, 47.0, 13.5 ] },
						"down": { "texture": "#material", "uv": [ 42.5, 10.0, 47.0, 13.5 ] }
					}
				},
				{
					"name": "LLR31",
					"from": [ 0.0, 4.4, -0.1 ], 
					"to": [ 4.5, 5.0, 3.5 ], 
					"autoUnwrap": false,
					"uv": [ 0.0, 25.5 ],
					"rotationOrigin": [ 0.0, 4.4, -0.1 ],
					"faces": {
						"north": { "texture": "#material", "uv": [ 0.0, 29.0, 4.5, 29.5 ] },
						"east": { "texture": "#material", "uv": [ 4.5, 29.0, 8.0, 29.5 ] },
						"south": { "texture": "#material", "uv": [ 8.0, 29.0, 12.5, 29.5 ] },
						"west": { "texture": "#material", "uv": [ 12.5, 29.0, 16.0, 29.5 ] },
						"up": { "texture": "#material", "uv": [ 42.5, 10.0, 47.0, 13.5 ] },
						"down": { "texture": "#material", "uv": [ 42.5, 10.0, 47.0, 13.5 ] }
					}
				}
			]
		},
		{
			"name": "LLL",
			"stepParentName": "LowerFootL",
			"from": [ -0.2, -0.1, -0.2 ], 
			"to": [ 4.2, 6.9, 3.2 ], 
			"unwrapMode": 4,
			"uv": [ 36.5, 40.5 ],
			"rotationOrigin": [ -0.2, -0.1, -0.2 ],
			"faces": {
				"north": { "texture": "#material", "uv": [ 36.5, 44.5, 40.5, 51.5 ] },
				"east": { "texture": "#material", "uv": [ 47.5, 44.5, 50.5, 51.5 ] },
				"south": { "texture": "#material", "uv": [ 43.5, 44.5, 47.5, 51.5 ] },
				"west": { "texture": "#material", "uv": [ 40.5, 44.5, 43.5, 51.5 ] },
				"up": { "texture": "#material", "uv": [ 40.5, 40.5, 43.5, 44.5 ], "rotation": 90 },
				"down": { "texture": "#material", "uv": [ 40.5, 51.5, 43.5, 55.5 ], "rotation": 90 }
			},
			"children": [
				{
					"name": "LLR33",
					"from": [ -0.2, 1.6, -0.2 ], 
					"to": [ 1.2, 5.6, 3.6 ], 
					"unwrapMode": 4,
					"uv": [ 19.0, 22.5 ],
					"rotationOrigin": [ -0.2, 1.6, -0.2 ],
					"faces": {
						"north": { "texture": "#material", "uv": [ 19.0, 23.5, 20.0, 27.5 ] },
						"east": { "texture": "#material", "uv": [ 24.5, 23.5, 28.0, 27.5 ] },
						"south": { "texture": "#material", "uv": [ 23.5, 23.5, 24.5, 27.5 ] },
						"west": { "texture": "#material", "uv": [ 20.0, 23.5, 23.5, 27.5 ] },
						"up": { "texture": "#material", "uv": [ 20.0, 22.5, 23.5, 23.5 ], "rotation": 90 },
						"down": { "texture": "#material", "uv": [ 20.0, 27.5, 23.5, 28.5 ], "rotation": 90 }
					}
				},
				{
					"name": "LLR34",
					"from": [ 0.0, 2.2, -0.1 ], 
					"to": [ 4.5, 2.8, 3.5 ], 
					"autoUnwrap": false,
					"uv": [ 0.0, 26.5 ],
					"rotationOrigin": [ 0.0, 2.2, -0.1 ],
					"faces": {
						"north": { "texture": "#material", "uv": [ 0.0, 30.0, 4.5, 30.5 ] },
						"east": { "texture": "#material", "uv": [ 4.5, 30.0, 8.0, 30.5 ] },
						"south": { "texture": "#material", "uv": [ 8.0, 30.0, 12.5, 30.5 ] },
						"west": { "texture": "#material", "uv": [ 12.5, 30.0, 16.0, 30.5 ] },
						"up": { "texture": "#material", "uv": [ 42.5, 10.0, 47.0, 13.5 ] },
						"down": { "texture": "#material", "uv": [ 42.5, 10.0, 47.0, 13.5 ] }
					}
				},
				{
					"name": "LLR35",
					"from": [ 0.0, 4.4, -0.1 ], 
					"to": [ 4.5, 5.0, 3.5 ], 
					"autoUnwrap": false,
					"uv": [ 0.0, 27.0 ],
					"rotationOrigin": [ 0.0, 4.4, -0.1 ],
					"faces": {
						"north": { "texture": "#material", "uv": [ 0.0, 30.5, 4.5, 31.0 ] },
						"east": { "texture": "#material", "uv": [ 4.5, 30.5, 8.0, 31.0 ] },
						"south": { "texture": "#material", "uv": [ 8.0, 30.5, 12.5, 31.0 ] },
						"west": { "texture": "#material", "uv": [ 12.5, 30.5, 16.0, 31.0 ] },
						"up": { "texture": "#material", "uv": [ 42.5, 10.0, 47.0, 13.5 ] },
						"down": { "texture": "#material", "uv": [ 42.5, 10.0, 47.0, 13.5 ] }
					}
				}
			]
		}
	]}